compatibility (3.11, bb8b3e8d32c7cbd49629d337758f30bfdf805045)	Set up job	﻿2026-09-19T22:54:13.8436312Z Current runner version: '2.337.0'
compatibility (3.11, bb8b3e8d32c7cbd49629d337758f30bfdf805045)	Set up job	2026-09-19T22:54:13.8455919Z ##[group]Runner Image Provisioner
compatibility (3.11, bb8b3e8d32c7cbd49629d337758f30bfdf805045)	Set up job	2026-09-19T22:54:13.8456627Z Hosted Compute Agent
compatibility (3.11, bb8b3e8d32c7cbd49629d337758f30bfdf805045)	Set up job	2026-09-19T22:54:13.8457074Z Version: 20260828.587
compatibility (3.11, bb8b3e8d32c7cbd49629d337758f30bfdf805045)	Set up job	2026-09-19T22:54:13.8457512Z Commit: abac92662cab4cc7352de4f9f9d2e2419aad9c29
compatibility (3.11, bb8b3e8d32c7cbd49629d337758f30bfdf805045)	Set up job	2026-09-19T22:54:13.8458023Z Build Date: 2026-08-28T16:44:25Z
compatibility (3.11, bb8b3e8d32c7cbd49629d337758f30bfdf805045)	Set up job	2026-09-19T22:54:13.8458485Z Worker ID: {d4d7f9be-281d-4ca9-8a35-e008074e8020}
compatibility (3.11, bb8b3e8d32c7cbd49629d337758f30bfdf805045)	Set up job	2026-09-19T22:54:13.8458985Z Azure Region: centralus
compatibility (3.11, bb8b3e8d32c7cbd49629d337758f30bfdf805045)	Set up job	2026-09-19T22:54:13.8459397Z ##[endgroup]
compatibility (3.11, bb8b3e8d32c7cbd49629d337758f30bfdf805045)	Set up job	2026-09-19T22:54:13.8460316Z ##[group]Operating System
compatibility (3.11, bb8b3e8d32c7cbd49629d337758f30bfdf805045)	Set up job	2026-09-19T22:54:13.8460754Z Ubuntu
compatibility (3.11, bb8b3e8d32c7cbd49629d337758f30bfdf805045)	Set up job	2026-09-19T22:54:13.8461107Z 24.04.5
compatibility (3.11, bb8b3e8d32c7cbd49629d337758f30bfdf805045)	Set up job	2026-09-19T22:54:13.8461458Z LTS
compatibility (3.11, bb8b3e8d32c7cbd49629d337758f30bfdf805045)	Set up job	2026-09-19T22:54:13.8461862Z ##[endgroup]
compatibility (3.11, bb8b3e8d32c7cbd49629d337758f30bfdf805045)	Set up job	2026-09-19T22:54:13.8462221Z ##[group]Runner Image
compatibility (3.11, bb8b3e8d32c7cbd49629d337758f30bfdf805045)	Set up job	2026-09-19T22:54:13.8462647Z Image: ubuntu-24.04
compatibility (3.11, bb8b3e8d32c7cbd49629d337758f30bfdf805045)	Set up job	2026-09-19T22:54:13.8463037Z Version: 20260907.300.1
compatibility (3.11, bb8b3e8d32c7cbd49629d337758f30bfdf805045)	Set up job	2026-09-19T22:54:13.8463794Z Included Software: https://github.com/actions/runner-images/blob/ubuntu24/20260907.300/images/ubuntu/Ubuntu2404-Readme.md
compatibility (3.11, bb8b3e8d32c7cbd49629d337758f30bfdf805045)	Set up job	2026-09-19T22:54:13.8464994Z Image Release: https://github.com/actions/runner-images/releases/tag/ubuntu24%2F20260907.300
compatibility (3.11, bb8b3e8d32c7cbd49629d337758f30bfdf805045)	Set up job	2026-09-19T22:54:13.8465903Z ##[endgroup]
compatibility (3.11, bb8b3e8d32c7cbd49629d337758f30bfdf805045)	Set up job	2026-09-19T22:54:13.8466644Z ##[group]GITHUB_TOKEN Permissions
compatibility (3.11, bb8b3e8d32c7cbd49629d337758f30bfdf805045)	Set up job	2026-09-19T22:54:13.8468272Z Contents: read
compatibility (3.11, bb8b3e8d32c7cbd49629d337758f30bfdf805045)	Set up job	2026-09-19T22:54:13.8468664Z Metadata: read
compatibility (3.11, bb8b3e8d32c7cbd49629d337758f30bfdf805045)	Set up job	2026-09-19T22:54:13.8469071Z ##[endgroup]
compatibility (3.11, bb8b3e8d32c7cbd49629d337758f30bfdf805045)	Set up job	2026-09-19T22:54:13.8470509Z Secret source: Actions
compatibility (3.11, bb8b3e8d32c7cbd49629d337758f30bfdf805045)	Set up job	2026-09-19T22:54:13.8471167Z Cache mode: write
compatibility (3.11, bb8b3e8d32c7cbd49629d337758f30bfdf805045)	Set up job	2026-09-19T22:54:13.8471671Z Prepare workflow directory
compatibility (3.11, bb8b3e8d32c7cbd49629d337758f30bfdf805045)	Set up job	2026-09-19T22:54:13.8702566Z Prepare all required actions
compatibility (3.11, bb8b3e8d32c7cbd49629d337758f30bfdf805045)	Set up job	2026-09-19T22:54:13.8740124Z Getting action download info
compatibility (3.11, bb8b3e8d32c7cbd49629d337758f30bfdf805045)	Set up job	2026-09-19T22:54:14.0993869Z Download action repository 'actions/checkout@11d5960a326750d5838078e36cf38b85af677262' (SHA:11d5960a326750d5838078e36cf38b85af677262)
compatibility (3.11, bb8b3e8d32c7cbd49629d337758f30bfdf805045)	Set up job	2026-09-19T22:54:14.3120455Z Download action repository 'actions/setup-python@a26af69be951a213d495a4c3e4e4022e16d87065' (SHA:a26af69be951a213d495a4c3e4e4022e16d87065)
compatibility (3.11, bb8b3e8d32c7cbd49629d337758f30bfdf805045)	Set up job	2026-09-19T22:54:14.4778770Z Complete job name: compatibility (3.11, bb8b3e8d32c7cbd49629d337758f30bfdf805045)
compatibility (3.11, bb8b3e8d32c7cbd49629d337758f30bfdf805045)	Run actions/checkout@11d5960a326750d5838078e36cf38b85af677262	﻿2026-09-19T22:54:14.5319147Z Node 20 is being deprecated. This workflow is running with Node 24 by default. If you need to temporarily use Node 20, you can set the ACTIONS_ALLOW_USE_UNSECURE_NODE_VERSION=true environment variable. For more information see: https://github.blog/changelog/2025-09-19-deprecation-of-node-20-on-github-actions-runners/
compatibility (3.11, bb8b3e8d32c7cbd49629d337758f30bfdf805045)	Run actions/checkout@11d5960a326750d5838078e36cf38b85af677262	2026-09-19T22:54:14.5325964Z ##[group]Run actions/checkout@11d5960a326750d5838078e36cf38b85af677262
compatibility (3.11, bb8b3e8d32c7cbd49629d337758f30bfdf805045)	Run actions/checkout@11d5960a326750d5838078e36cf38b85af677262	2026-09-19T22:54:14.5326780Z with:
compatibility (3.11, bb8b3e8d32c7cbd49629d337758f30bfdf805045)	Run actions/checkout@11d5960a326750d5838078e36cf38b85af677262	2026-09-19T22:54:14.5327206Z   persist-credentials: false
compatibility (3.11, bb8b3e8d32c7cbd49629d337758f30bfdf805045)	Run actions/checkout@11d5960a326750d5838078e36cf38b85af677262	2026-09-19T22:54:14.5327713Z   repository: entrotter/scenarios
compatibility (3.11, bb8b3e8d32c7cbd49629d337758f30bfdf805045)	Run actions/checkout@11d5960a326750d5838078e36cf38b85af677262	2026-09-19T22:54:14.5330934Z   token: ***
compatibility (3.11, bb8b3e8d32c7cbd49629d337758f30bfdf805045)	Run actions/checkout@11d5960a326750d5838078e36cf38b85af677262	2026-09-19T22:54:14.5331344Z   ssh-strict: true
compatibility (3.11, bb8b3e8d32c7cbd49629d337758f30bfdf805045)	Run actions/checkout@11d5960a326750d5838078e36cf38b85af677262	2026-09-19T22:54:14.5331759Z   ssh-user: git
compatibility (3.11, bb8b3e8d32c7cbd49629d337758f30bfdf805045)	Run actions/checkout@11d5960a326750d5838078e36cf38b85af677262	2026-09-19T22:54:14.5332186Z   clean: true
compatibility (3.11, bb8b3e8d32c7cbd49629d337758f30bfdf805045)	Run actions/checkout@11d5960a326750d5838078e36cf38b85af677262	2026-09-19T22:54:14.5332608Z   sparse-checkout-cone-mode: true
compatibility (3.11, bb8b3e8d32c7cbd49629d337758f30bfdf805045)	Run actions/checkout@11d5960a326750d5838078e36cf38b85af677262	2026-09-19T22:54:14.5333094Z   fetch-depth: 1
compatibility (3.11, bb8b3e8d32c7cbd49629d337758f30bfdf805045)	Run actions/checkout@11d5960a326750d5838078e36cf38b85af677262	2026-09-19T22:54:14.5333500Z   fetch-tags: false
compatibility (3.11, bb8b3e8d32c7cbd49629d337758f30bfdf805045)	Run actions/checkout@11d5960a326750d5838078e36cf38b85af677262	2026-09-19T22:54:14.5333896Z   show-progress: true
compatibility (3.11, bb8b3e8d32c7cbd49629d337758f30bfdf805045)	Run actions/checkout@11d5960a326750d5838078e36cf38b85af677262	2026-09-19T22:54:14.5334392Z   lfs: false
compatibility (3.11, bb8b3e8d32c7cbd49629d337758f30bfdf805045)	Run actions/checkout@11d5960a326750d5838078e36cf38b85af677262	2026-09-19T22:54:14.5334880Z   submodules: false
compatibility (3.11, bb8b3e8d32c7cbd49629d337758f30bfdf805045)	Run actions/checkout@11d5960a326750d5838078e36cf38b85af677262	2026-09-19T22:54:14.5335519Z   set-safe-directory: true
compatibility (3.11, bb8b3e8d32c7cbd49629d337758f30bfdf805045)	Run actions/checkout@11d5960a326750d5838078e36cf38b85af677262	2026-09-19T22:54:14.5336032Z   allow-unsafe-pr-checkout: false
compatibility (3.11, bb8b3e8d32c7cbd49629d337758f30bfdf805045)	Run actions/checkout@11d5960a326750d5838078e36cf38b85af677262	2026-09-19T22:54:14.5336675Z ##[endgroup]
compatibility (3.11, bb8b3e8d32c7cbd49629d337758f30bfdf805045)	Run actions/checkout@11d5960a326750d5838078e36cf38b85af677262	2026-09-19T22:54:14.6118751Z Syncing repository: entrotter/scenarios
compatibility (3.11, bb8b3e8d32c7cbd49629d337758f30bfdf805045)	Run actions/checkout@11d5960a326750d5838078e36cf38b85af677262	2026-09-19T22:54:14.6120769Z ##[group]Getting Git version info
compatibility (3.11, bb8b3e8d32c7cbd49629d337758f30bfdf805045)	Run actions/checkout@11d5960a326750d5838078e36cf38b85af677262	2026-09-19T22:54:14.6121700Z Working directory is '/home/runner/work/scenarios/scenarios'
compatibility (3.11, bb8b3e8d32c7cbd49629d337758f30bfdf805045)	Run actions/checkout@11d5960a326750d5838078e36cf38b85af677262	2026-09-19T22:54:14.6122921Z [command]/usr/bin/git version
compatibility (3.11, bb8b3e8d32c7cbd49629d337758f30bfdf805045)	Run actions/checkout@11d5960a326750d5838078e36cf38b85af677262	2026-09-19T22:54:14.6228813Z git version 2.55.0
compatibility (3.11, bb8b3e8d32c7cbd49629d337758f30bfdf805045)	Run actions/checkout@11d5960a326750d5838078e36cf38b85af677262	2026-09-19T22:54:14.6259048Z ##[endgroup]
compatibility (3.11, bb8b3e8d32c7cbd49629d337758f30bfdf805045)	Run actions/checkout@11d5960a326750d5838078e36cf38b85af677262	2026-09-19T22:54:14.6268421Z Temporarily overriding HOME='/home/runner/work/_temp/4d8775f8-88a1-462e-b270-64586aa71530' before making global git config changes
compatibility (3.11, bb8b3e8d32c7cbd49629d337758f30bfdf805045)	Run actions/checkout@11d5960a326750d5838078e36cf38b85af677262	2026-09-19T22:54:14.6270068Z Adding repository directory to the temporary git global config as a safe directory
compatibility (3.11, bb8b3e8d32c7cbd49629d337758f30bfdf805045)	Run actions/checkout@11d5960a326750d5838078e36cf38b85af677262	2026-09-19T22:54:14.6271807Z [command]/usr/bin/git config --global --add safe.directory /home/runner/work/scenarios/scenarios
compatibility (3.11, bb8b3e8d32c7cbd49629d337758f30bfdf805045)	Run actions/checkout@11d5960a326750d5838078e36cf38b85af677262	2026-09-19T22:54:14.6319261Z Deleting the contents of '/home/runner/work/scenarios/scenarios'
compatibility (3.11, bb8b3e8d32c7cbd49629d337758f30bfdf805045)	Run actions/checkout@11d5960a326750d5838078e36cf38b85af677262	2026-09-19T22:54:14.6322857Z ##[group]Initializing the repository
compatibility (3.11, bb8b3e8d32c7cbd49629d337758f30bfdf805045)	Run actions/checkout@11d5960a326750d5838078e36cf38b85af677262	2026-09-19T22:54:14.6327415Z [command]/usr/bin/git init /home/runner/work/scenarios/scenarios
compatibility (3.11, bb8b3e8d32c7cbd49629d337758f30bfdf805045)	Run actions/checkout@11d5960a326750d5838078e36cf38b85af677262	2026-09-19T22:54:14.6416447Z hint: Using 'master' as the name for the initial branch. This default branch name
compatibility (3.11, bb8b3e8d32c7cbd49629d337758f30bfdf805045)	Run actions/checkout@11d5960a326750d5838078e36cf38b85af677262	2026-09-19T22:54:14.6417712Z hint: will change to "main" in Git 3.0. To configure the initial branch name
compatibility (3.11, bb8b3e8d32c7cbd49629d337758f30bfdf805045)	Run actions/checkout@11d5960a326750d5838078e36cf38b85af677262	2026-09-19T22:54:14.6418821Z hint: to use in all of your new repositories, which will suppress this warning,
compatibility (3.11, bb8b3e8d32c7cbd49629d337758f30bfdf805045)	Run actions/checkout@11d5960a326750d5838078e36cf38b85af677262	2026-09-19T22:54:14.6419647Z hint: call:
compatibility (3.11, bb8b3e8d32c7cbd49629d337758f30bfdf805045)	Run actions/checkout@11d5960a326750d5838078e36cf38b85af677262	2026-09-19T22:54:14.6420132Z hint:
compatibility (3.11, bb8b3e8d32c7cbd49629d337758f30bfdf805045)	Run actions/checkout@11d5960a326750d5838078e36cf38b85af677262	2026-09-19T22:54:14.6420880Z hint: 	git config --global init.defaultBranch <name>
compatibility (3.11, bb8b3e8d32c7cbd49629d337758f30bfdf805045)	Run actions/checkout@11d5960a326750d5838078e36cf38b85af677262	2026-09-19T22:54:14.6421586Z hint:
compatibility (3.11, bb8b3e8d32c7cbd49629d337758f30bfdf805045)	Run actions/checkout@11d5960a326750d5838078e36cf38b85af677262	2026-09-19T22:54:14.6422306Z hint: Names commonly chosen instead of 'master' are 'main', 'trunk' and
compatibility (3.11, bb8b3e8d32c7cbd49629d337758f30bfdf805045)	Run actions/checkout@11d5960a326750d5838078e36cf38b85af677262	2026-09-19T22:54:14.6423409Z hint: 'development'. The just-created branch can be renamed via this command:
compatibility (3.11, bb8b3e8d32c7cbd49629d337758f30bfdf805045)	Run actions/checkout@11d5960a326750d5838078e36cf38b85af677262	2026-09-19T22:54:14.6427482Z hint:
compatibility (3.11, bb8b3e8d32c7cbd49629d337758f30bfdf805045)	Run actions/checkout@11d5960a326750d5838078e36cf38b85af677262	2026-09-19T22:54:14.6428372Z hint: 	git branch -m <name>
compatibility (3.11, bb8b3e8d32c7cbd49629d337758f30bfdf805045)	Run actions/checkout@11d5960a326750d5838078e36cf38b85af677262	2026-09-19T22:54:14.6429041Z hint:
compatibility (3.11, bb8b3e8d32c7cbd49629d337758f30bfdf805045)	Run actions/checkout@11d5960a326750d5838078e36cf38b85af677262	2026-09-19T22:54:14.6429861Z hint: Disable this message with "git config set advice.defaultBranchName false"
compatibility (3.11, bb8b3e8d32c7cbd49629d337758f30bfdf805045)	Run actions/checkout@11d5960a326750d5838078e36cf38b85af677262	2026-09-19T22:54:14.6431129Z Initialized empty Git repository in /home/runner/work/scenarios/scenarios/.git/
compatibility (3.11, bb8b3e8d32c7cbd49629d337758f30bfdf805045)	Run actions/checkout@11d5960a326750d5838078e36cf38b85af677262	2026-09-19T22:54:14.6436735Z [command]/usr/bin/git remote add origin https://github.com/entrotter/scenarios
compatibility (3.11, bb8b3e8d32c7cbd49629d337758f30bfdf805045)	Run actions/checkout@11d5960a326750d5838078e36cf38b85af677262	2026-09-19T22:54:14.6478775Z ##[endgroup]
compatibility (3.11, bb8b3e8d32c7cbd49629d337758f30bfdf805045)	Run actions/checkout@11d5960a326750d5838078e36cf38b85af677262	2026-09-19T22:54:14.6479997Z ##[group]Disabling automatic garbage collection
compatibility (3.11, bb8b3e8d32c7cbd49629d337758f30bfdf805045)	Run actions/checkout@11d5960a326750d5838078e36cf38b85af677262	2026-09-19T22:54:14.6487377Z [command]/usr/bin/git config --local gc.auto 0
compatibility (3.11, bb8b3e8d32c7cbd49629d337758f30bfdf805045)	Run actions/checkout@11d5960a326750d5838078e36cf38b85af677262	2026-09-19T22:54:14.6510140Z ##[endgroup]
compatibility (3.11, bb8b3e8d32c7cbd49629d337758f30bfdf805045)	Run actions/checkout@11d5960a326750d5838078e36cf38b85af677262	2026-09-19T22:54:14.6511297Z ##[group]Setting up auth
compatibility (3.11, bb8b3e8d32c7cbd49629d337758f30bfdf805045)	Run actions/checkout@11d5960a326750d5838078e36cf38b85af677262	2026-09-19T22:54:14.6515134Z [command]/usr/bin/git config --local --name-only --get-regexp core\.sshCommand
compatibility (3.11, bb8b3e8d32c7cbd49629d337758f30bfdf805045)	Run actions/checkout@11d5960a326750d5838078e36cf38b85af677262	2026-09-19T22:54:14.6543185Z [command]/usr/bin/git submodule foreach --recursive sh -c "git config --local --name-only --get-regexp 'core\.sshCommand' && git config --local --unset-all 'core.sshCommand' || :"
compatibility (3.11, bb8b3e8d32c7cbd49629d337758f30bfdf805045)	Run actions/checkout@11d5960a326750d5838078e36cf38b85af677262	2026-09-19T22:54:14.6830606Z [command]/usr/bin/git config --local --name-only --get-regexp http\.https\:\/\/github\.com\/\.extraheader
compatibility (3.11, bb8b3e8d32c7cbd49629d337758f30bfdf805045)	Run actions/checkout@11d5960a326750d5838078e36cf38b85af677262	2026-09-19T22:54:14.6853208Z [command]/usr/bin/git submodule foreach --recursive sh -c "git config --local --name-only --get-regexp 'http\.https\:\/\/github\.com\/\.extraheader' && git config --local --unset-all 'http.https://github.com/.extraheader' || :"
compatibility (3.11, bb8b3e8d32c7cbd49629d337758f30bfdf805045)	Run actions/checkout@11d5960a326750d5838078e36cf38b85af677262	2026-09-19T22:54:14.6996045Z [command]/usr/bin/git config --local --name-only --get-regexp ^includeIf\.gitdir:
compatibility (3.11, bb8b3e8d32c7cbd49629d337758f30bfdf805045)	Run actions/checkout@11d5960a326750d5838078e36cf38b85af677262	2026-09-19T22:54:14.7019260Z [command]/usr/bin/git submodule foreach --recursive git config --local --show-origin --name-only --get-regexp remote.origin.url
compatibility (3.11, bb8b3e8d32c7cbd49629d337758f30bfdf805045)	Run actions/checkout@11d5960a326750d5838078e36cf38b85af677262	2026-09-19T22:54:14.7160301Z [command]/usr/bin/git config --local http.https://github.com/.extraheader AUTHORIZATION: basic ***
compatibility (3.11, bb8b3e8d32c7cbd49629d337758f30bfdf805045)	Run actions/checkout@11d5960a326750d5838078e36cf38b85af677262	2026-09-19T22:54:14.7185617Z ##[endgroup]
compatibility (3.11, bb8b3e8d32c7cbd49629d337758f30bfdf805045)	Run actions/checkout@11d5960a326750d5838078e36cf38b85af677262	2026-09-19T22:54:14.7186891Z ##[group]Fetching the repository
compatibility (3.11, bb8b3e8d32c7cbd49629d337758f30bfdf805045)	Run actions/checkout@11d5960a326750d5838078e36cf38b85af677262	2026-09-19T22:54:14.7193443Z [command]/usr/bin/git -c protocol.version=2 fetch --no-tags --prune --no-recurse-submodules --depth=1 origin +63cf50e68d41db467c424d704c649efb9bd6211b:refs/remotes/pull/8/merge
compatibility (3.11, bb8b3e8d32c7cbd49629d337758f30bfdf805045)	Run actions/checkout@11d5960a326750d5838078e36cf38b85af677262	2026-09-19T22:54:15.1969442Z From https://github.com/entrotter/scenarios
compatibility (3.11, bb8b3e8d32c7cbd49629d337758f30bfdf805045)	Run actions/checkout@11d5960a326750d5838078e36cf38b85af677262	2026-09-19T22:54:15.1971692Z  * [new ref]         63cf50e68d41db467c424d704c649efb9bd6211b -> pull/8/merge
compatibility (3.11, bb8b3e8d32c7cbd49629d337758f30bfdf805045)	Run actions/checkout@11d5960a326750d5838078e36cf38b85af677262	2026-09-19T22:54:15.1976555Z ##[endgroup]
compatibility (3.11, bb8b3e8d32c7cbd49629d337758f30bfdf805045)	Run actions/checkout@11d5960a326750d5838078e36cf38b85af677262	2026-09-19T22:54:15.1978751Z ##[group]Determining the checkout info
compatibility (3.11, bb8b3e8d32c7cbd49629d337758f30bfdf805045)	Run actions/checkout@11d5960a326750d5838078e36cf38b85af677262	2026-09-19T22:54:15.1981122Z ##[endgroup]
compatibility (3.11, bb8b3e8d32c7cbd49629d337758f30bfdf805045)	Run actions/checkout@11d5960a326750d5838078e36cf38b85af677262	2026-09-19T22:54:15.1983388Z [command]/usr/bin/git sparse-checkout disable
compatibility (3.11, bb8b3e8d32c7cbd49629d337758f30bfdf805045)	Run actions/checkout@11d5960a326750d5838078e36cf38b85af677262	2026-09-19T22:54:15.2029447Z [command]/usr/bin/git config --local --unset-all extensions.worktreeConfig
compatibility (3.11, bb8b3e8d32c7cbd49629d337758f30bfdf805045)	Run actions/checkout@11d5960a326750d5838078e36cf38b85af677262	2026-09-19T22:54:15.2091467Z ##[group]Checking out the ref
compatibility (3.11, bb8b3e8d32c7cbd49629d337758f30bfdf805045)	Run actions/checkout@11d5960a326750d5838078e36cf38b85af677262	2026-09-19T22:54:15.2093813Z [command]/usr/bin/git checkout --progress --force refs/remotes/pull/8/merge
compatibility (3.11, bb8b3e8d32c7cbd49629d337758f30bfdf805045)	Run actions/checkout@11d5960a326750d5838078e36cf38b85af677262	2026-09-19T22:54:15.2145967Z Note: switching to 'refs/remotes/pull/8/merge'.
compatibility (3.11, bb8b3e8d32c7cbd49629d337758f30bfdf805045)	Run actions/checkout@11d5960a326750d5838078e36cf38b85af677262	2026-09-19T22:54:15.2147228Z
compatibility (3.11, bb8b3e8d32c7cbd49629d337758f30bfdf805045)	Run actions/checkout@11d5960a326750d5838078e36cf38b85af677262	2026-09-19T22:54:15.2148145Z You are in 'detached HEAD' state. You can look around, make experimental
compatibility (3.11, bb8b3e8d32c7cbd49629d337758f30bfdf805045)	Run actions/checkout@11d5960a326750d5838078e36cf38b85af677262	2026-09-19T22:54:15.2150851Z changes and commit them, and you can discard any commits you make in this
compatibility (3.11, bb8b3e8d32c7cbd49629d337758f30bfdf805045)	Run actions/checkout@11d5960a326750d5838078e36cf38b85af677262	2026-09-19T22:54:15.2154341Z state without impacting any branches by switching back to a branch.
compatibility (3.11, bb8b3e8d32c7cbd49629d337758f30bfdf805045)	Run actions/checkout@11d5960a326750d5838078e36cf38b85af677262	2026-09-19T22:54:15.2156053Z
compatibility (3.11, bb8b3e8d32c7cbd49629d337758f30bfdf805045)	Run actions/checkout@11d5960a326750d5838078e36cf38b85af677262	2026-09-19T22:54:15.2156956Z If you want to create a new branch to retain commits you create, you may
compatibility (3.11, bb8b3e8d32c7cbd49629d337758f30bfdf805045)	Run actions/checkout@11d5960a326750d5838078e36cf38b85af677262	2026-09-19T22:54:15.2158989Z do so (now or later) by using -c with the switch command. Example:
compatibility (3.11, bb8b3e8d32c7cbd49629d337758f30bfdf805045)	Run actions/checkout@11d5960a326750d5838078e36cf38b85af677262	2026-09-19T22:54:15.2160172Z
compatibility (3.11, bb8b3e8d32c7cbd49629d337758f30bfdf805045)	Run actions/checkout@11d5960a326750d5838078e36cf38b85af677262	2026-09-19T22:54:15.2160737Z   git switch -c <new-branch-name>
compatibility (3.11, bb8b3e8d32c7cbd49629d337758f30bfdf805045)	Run actions/checkout@11d5960a326750d5838078e36cf38b85af677262	2026-09-19T22:54:15.2161839Z
compatibility (3.11, bb8b3e8d32c7cbd49629d337758f30bfdf805045)	Run actions/checkout@11d5960a326750d5838078e36cf38b85af677262	2026-09-19T22:54:15.2162338Z Or undo this operation with:
compatibility (3.11, bb8b3e8d32c7cbd49629d337758f30bfdf805045)	Run actions/checkout@11d5960a326750d5838078e36cf38b85af677262	2026-09-19T22:54:15.2163113Z
compatibility (3.11, bb8b3e8d32c7cbd49629d337758f30bfdf805045)	Run actions/checkout@11d5960a326750d5838078e36cf38b85af677262	2026-09-19T22:54:15.2163597Z   git switch -
compatibility (3.11, bb8b3e8d32c7cbd49629d337758f30bfdf805045)	Run actions/checkout@11d5960a326750d5838078e36cf38b85af677262	2026-09-19T22:54:15.2164270Z
compatibility (3.11, bb8b3e8d32c7cbd49629d337758f30bfdf805045)	Run actions/checkout@11d5960a326750d5838078e36cf38b85af677262	2026-09-19T22:54:15.2165201Z Turn off this advice by setting config variable advice.detachedHead to false
compatibility (3.11, bb8b3e8d32c7cbd49629d337758f30bfdf805045)	Run actions/checkout@11d5960a326750d5838078e36cf38b85af677262	2026-09-19T22:54:15.2166783Z
compatibility (3.11, bb8b3e8d32c7cbd49629d337758f30bfdf805045)	Run actions/checkout@11d5960a326750d5838078e36cf38b85af677262	2026-09-19T22:54:15.2168403Z HEAD is now at 63cf50e Merge 3a78ecca24334ae87119a5a0b64c84ba6dd71de1 into 64d9c1908a1c157ad6c410a988fcef04178067dc
compatibility (3.11, bb8b3e8d32c7cbd49629d337758f30bfdf805045)	Run actions/checkout@11d5960a326750d5838078e36cf38b85af677262	2026-09-19T22:54:15.2173366Z ##[endgroup]
compatibility (3.11, bb8b3e8d32c7cbd49629d337758f30bfdf805045)	Run actions/checkout@11d5960a326750d5838078e36cf38b85af677262	2026-09-19T22:54:15.2623920Z [command]/usr/bin/git log -1 --format=%H
compatibility (3.11, bb8b3e8d32c7cbd49629d337758f30bfdf805045)	Run actions/checkout@11d5960a326750d5838078e36cf38b85af677262	2026-09-19T22:54:15.2645908Z 63cf50e68d41db467c424d704c649efb9bd6211b
compatibility (3.11, bb8b3e8d32c7cbd49629d337758f30bfdf805045)	Run actions/checkout@11d5960a326750d5838078e36cf38b85af677262	2026-09-19T22:54:15.2654504Z ##[group]Removing auth
compatibility (3.11, bb8b3e8d32c7cbd49629d337758f30bfdf805045)	Run actions/checkout@11d5960a326750d5838078e36cf38b85af677262	2026-09-19T22:54:15.2658653Z [command]/usr/bin/git config --local --name-only --get-regexp core\.sshCommand
compatibility (3.11, bb8b3e8d32c7cbd49629d337758f30bfdf805045)	Run actions/checkout@11d5960a326750d5838078e36cf38b85af677262	2026-09-19T22:54:15.2686061Z [command]/usr/bin/git submodule foreach --recursive sh -c "git config --local --name-only --get-regexp 'core\.sshCommand' && git config --local --unset-all 'core.sshCommand' || :"
compatibility (3.11, bb8b3e8d32c7cbd49629d337758f30bfdf805045)	Run actions/checkout@11d5960a326750d5838078e36cf38b85af677262	2026-09-19T22:54:15.2852010Z [command]/usr/bin/git config --local --name-only --get-regexp http\.https\:\/\/github\.com\/\.extraheader
compatibility (3.11, bb8b3e8d32c7cbd49629d337758f30bfdf805045)	Run actions/checkout@11d5960a326750d5838078e36cf38b85af677262	2026-09-19T22:54:15.2871984Z http.https://github.com/.extraheader
compatibility (3.11, bb8b3e8d32c7cbd49629d337758f30bfdf805045)	Run actions/checkout@11d5960a326750d5838078e36cf38b85af677262	2026-09-19T22:54:15.2878221Z [command]/usr/bin/git config --local --unset-all http.https://github.com/.extraheader
compatibility (3.11, bb8b3e8d32c7cbd49629d337758f30bfdf805045)	Run actions/checkout@11d5960a326750d5838078e36cf38b85af677262	2026-09-19T22:54:15.2903419Z [command]/usr/bin/git submodule foreach --recursive sh -c "git config --local --name-only --get-regexp 'http\.https\:\/\/github\.com\/\.extraheader' && git config --local --unset-all 'http.https://github.com/.extraheader' || :"
compatibility (3.11, bb8b3e8d32c7cbd49629d337758f30bfdf805045)	Run actions/checkout@11d5960a326750d5838078e36cf38b85af677262	2026-09-19T22:54:15.3063064Z [command]/usr/bin/git config --local --name-only --get-regexp ^includeIf\.gitdir:
compatibility (3.11, bb8b3e8d32c7cbd49629d337758f30bfdf805045)	Run actions/checkout@11d5960a326750d5838078e36cf38b85af677262	2026-09-19T22:54:15.3086749Z [command]/usr/bin/git submodule foreach --recursive git config --local --show-origin --name-only --get-regexp remote.origin.url
compatibility (3.11, bb8b3e8d32c7cbd49629d337758f30bfdf805045)	Run actions/checkout@11d5960a326750d5838078e36cf38b85af677262	2026-09-19T22:54:15.3247256Z ##[endgroup]
compatibility (3.11, bb8b3e8d32c7cbd49629d337758f30bfdf805045)	Run actions/checkout@11d5960a326750d5838078e36cf38b85af677262	﻿2026-09-19T22:54:15.3580437Z Node 20 is being deprecated. This workflow is running with Node 24 by default. If you need to temporarily use Node 20, you can set the ACTIONS_ALLOW_USE_UNSECURE_NODE_VERSION=true environment variable. For more information see: https://github.blog/changelog/2025-09-19-deprecation-of-node-20-on-github-actions-runners/
compatibility (3.11, bb8b3e8d32c7cbd49629d337758f30bfdf805045)	Run actions/checkout@11d5960a326750d5838078e36cf38b85af677262	2026-09-19T22:54:15.3585235Z ##[group]Run actions/checkout@11d5960a326750d5838078e36cf38b85af677262
compatibility (3.11, bb8b3e8d32c7cbd49629d337758f30bfdf805045)	Run actions/checkout@11d5960a326750d5838078e36cf38b85af677262	2026-09-19T22:54:15.3586629Z with:
compatibility (3.11, bb8b3e8d32c7cbd49629d337758f30bfdf805045)	Run actions/checkout@11d5960a326750d5838078e36cf38b85af677262	2026-09-19T22:54:15.3587444Z   repository: entrotter/engine
compatibility (3.11, bb8b3e8d32c7cbd49629d337758f30bfdf805045)	Run actions/checkout@11d5960a326750d5838078e36cf38b85af677262	2026-09-19T22:54:15.3588454Z   ref: bb8b3e8d32c7cbd49629d337758f30bfdf805045
compatibility (3.11, bb8b3e8d32c7cbd49629d337758f30bfdf805045)	Run actions/checkout@11d5960a326750d5838078e36cf38b85af677262	2026-09-19T22:54:15.3589557Z   path: _deps/engine
compatibility (3.11, bb8b3e8d32c7cbd49629d337758f30bfdf805045)	Run actions/checkout@11d5960a326750d5838078e36cf38b85af677262	2026-09-19T22:54:15.3590460Z   persist-credentials: false
compatibility (3.11, bb8b3e8d32c7cbd49629d337758f30bfdf805045)	Run actions/checkout@11d5960a326750d5838078e36cf38b85af677262	2026-09-19T22:54:15.3597984Z   token: ***
compatibility (3.11, bb8b3e8d32c7cbd49629d337758f30bfdf805045)	Run actions/checkout@11d5960a326750d5838078e36cf38b85af677262	2026-09-19T22:54:15.3598818Z   ssh-strict: true
compatibility (3.11, bb8b3e8d32c7cbd49629d337758f30bfdf805045)	Run actions/checkout@11d5960a326750d5838078e36cf38b85af677262	2026-09-19T22:54:15.3599625Z   ssh-user: git
compatibility (3.11, bb8b3e8d32c7cbd49629d337758f30bfdf805045)	Run actions/checkout@11d5960a326750d5838078e36cf38b85af677262	2026-09-19T22:54:15.3600405Z   clean: true
compatibility (3.11, bb8b3e8d32c7cbd49629d337758f30bfdf805045)	Run actions/checkout@11d5960a326750d5838078e36cf38b85af677262	2026-09-19T22:54:15.3601289Z   sparse-checkout-cone-mode: true
compatibility (3.11, bb8b3e8d32c7cbd49629d337758f30bfdf805045)	Run actions/checkout@11d5960a326750d5838078e36cf38b85af677262	2026-09-19T22:54:15.3602255Z   fetch-depth: 1
compatibility (3.11, bb8b3e8d32c7cbd49629d337758f30bfdf805045)	Run actions/checkout@11d5960a326750d5838078e36cf38b85af677262	2026-09-19T22:54:15.3603080Z   fetch-tags: false
compatibility (3.11, bb8b3e8d32c7cbd49629d337758f30bfdf805045)	Run actions/checkout@11d5960a326750d5838078e36cf38b85af677262	2026-09-19T22:54:15.3604002Z   show-progress: true
compatibility (3.11, bb8b3e8d32c7cbd49629d337758f30bfdf805045)	Run actions/checkout@11d5960a326750d5838078e36cf38b85af677262	2026-09-19T22:54:15.3604827Z   lfs: false
compatibility (3.11, bb8b3e8d32c7cbd49629d337758f30bfdf805045)	Run actions/checkout@11d5960a326750d5838078e36cf38b85af677262	2026-09-19T22:54:15.3605664Z   submodules: false
compatibility (3.11, bb8b3e8d32c7cbd49629d337758f30bfdf805045)	Run actions/checkout@11d5960a326750d5838078e36cf38b85af677262	2026-09-19T22:54:15.3606519Z   set-safe-directory: true
compatibility (3.11, bb8b3e8d32c7cbd49629d337758f30bfdf805045)	Run actions/checkout@11d5960a326750d5838078e36cf38b85af677262	2026-09-19T22:54:15.3607485Z   allow-unsafe-pr-checkout: false
compatibility (3.11, bb8b3e8d32c7cbd49629d337758f30bfdf805045)	Run actions/checkout@11d5960a326750d5838078e36cf38b85af677262	2026-09-19T22:54:15.3608446Z ##[endgroup]
compatibility (3.11, bb8b3e8d32c7cbd49629d337758f30bfdf805045)	Run actions/checkout@11d5960a326750d5838078e36cf38b85af677262	2026-09-19T22:54:15.4339863Z Syncing repository: entrotter/engine
compatibility (3.11, bb8b3e8d32c7cbd49629d337758f30bfdf805045)	Run actions/checkout@11d5960a326750d5838078e36cf38b85af677262	2026-09-19T22:54:15.4355537Z ##[group]Getting Git version info
compatibility (3.11, bb8b3e8d32c7cbd49629d337758f30bfdf805045)	Run actions/checkout@11d5960a326750d5838078e36cf38b85af677262	2026-09-19T22:54:15.4357244Z Working directory is '/home/runner/work/scenarios/scenarios/_deps/engine'
compatibility (3.11, bb8b3e8d32c7cbd49629d337758f30bfdf805045)	Run actions/checkout@11d5960a326750d5838078e36cf38b85af677262	2026-09-19T22:54:15.4377525Z [command]/usr/bin/git version
compatibility (3.11, bb8b3e8d32c7cbd49629d337758f30bfdf805045)	Run actions/checkout@11d5960a326750d5838078e36cf38b85af677262	2026-09-19T22:54:15.4409736Z git version 2.55.0
compatibility (3.11, bb8b3e8d32c7cbd49629d337758f30bfdf805045)	Run actions/checkout@11d5960a326750d5838078e36cf38b85af677262	2026-09-19T22:54:15.4426302Z ##[endgroup]
compatibility (3.11, bb8b3e8d32c7cbd49629d337758f30bfdf805045)	Run actions/checkout@11d5960a326750d5838078e36cf38b85af677262	2026-09-19T22:54:15.4435894Z Temporarily overriding HOME='/home/runner/work/_temp/b9b631aa-894b-4468-b3e4-06f4af428410' before making global git config changes
compatibility (3.11, bb8b3e8d32c7cbd49629d337758f30bfdf805045)	Run actions/checkout@11d5960a326750d5838078e36cf38b85af677262	2026-09-19T22:54:15.4440025Z Adding repository directory to the temporary git global config as a safe directory
compatibility (3.11, bb8b3e8d32c7cbd49629d337758f30bfdf805045)	Run actions/checkout@11d5960a326750d5838078e36cf38b85af677262	2026-09-19T22:54:15.4444474Z [command]/usr/bin/git config --global --add safe.directory /home/runner/work/scenarios/scenarios/_deps/engine
compatibility (3.11, bb8b3e8d32c7cbd49629d337758f30bfdf805045)	Run actions/checkout@11d5960a326750d5838078e36cf38b85af677262	2026-09-19T22:54:15.4466059Z ##[group]Initializing the repository
compatibility (3.11, bb8b3e8d32c7cbd49629d337758f30bfdf805045)	Run actions/checkout@11d5960a326750d5838078e36cf38b85af677262	2026-09-19T22:54:15.4469610Z [command]/usr/bin/git init /home/runner/work/scenarios/scenarios/_deps/engine
compatibility (3.11, bb8b3e8d32c7cbd49629d337758f30bfdf805045)	Run actions/checkout@11d5960a326750d5838078e36cf38b85af677262	2026-09-19T22:54:15.5314457Z hint: Using 'master' as the name for the initial branch. This default branch name
compatibility (3.11, bb8b3e8d32c7cbd49629d337758f30bfdf805045)	Run actions/checkout@11d5960a326750d5838078e36cf38b85af677262	2026-09-19T22:54:15.5316706Z hint: will change to "main" in Git 3.0. To configure the initial branch name
compatibility (3.11, bb8b3e8d32c7cbd49629d337758f30bfdf805045)	Run actions/checkout@11d5960a326750d5838078e36cf38b85af677262	2026-09-19T22:54:15.5318736Z hint: to use in all of your new repositories, which will suppress this warning,
compatibility (3.11, bb8b3e8d32c7cbd49629d337758f30bfdf805045)	Run actions/checkout@11d5960a326750d5838078e36cf38b85af677262	2026-09-19T22:54:15.5320565Z hint: call:
compatibility (3.11, bb8b3e8d32c7cbd49629d337758f30bfdf805045)	Run actions/checkout@11d5960a326750d5838078e36cf38b85af677262	2026-09-19T22:54:15.5321374Z hint:
compatibility (3.11, bb8b3e8d32c7cbd49629d337758f30bfdf805045)	Run actions/checkout@11d5960a326750d5838078e36cf38b85af677262	2026-09-19T22:54:15.5322352Z hint: 	git config --global init.defaultBranch <name>
compatibility (3.11, bb8b3e8d32c7cbd49629d337758f30bfdf805045)	Run actions/checkout@11d5960a326750d5838078e36cf38b85af677262	2026-09-19T22:54:15.5323450Z hint:
compatibility (3.11, bb8b3e8d32c7cbd49629d337758f30bfdf805045)	Run actions/checkout@11d5960a326750d5838078e36cf38b85af677262	2026-09-19T22:54:15.5324694Z hint: Names commonly chosen instead of 'master' are 'main', 'trunk' and
compatibility (3.11, bb8b3e8d32c7cbd49629d337758f30bfdf805045)	Run actions/checkout@11d5960a326750d5838078e36cf38b85af677262	2026-09-19T22:54:15.5326685Z hint: 'development'. The just-created branch can be renamed via this command:
compatibility (3.11, bb8b3e8d32c7cbd49629d337758f30bfdf805045)	Run actions/checkout@11d5960a326750d5838078e36cf38b85af677262	2026-09-19T22:54:15.5328528Z hint:
compatibility (3.11, bb8b3e8d32c7cbd49629d337758f30bfdf805045)	Run actions/checkout@11d5960a326750d5838078e36cf38b85af677262	2026-09-19T22:54:15.5329389Z hint: 	git branch -m <name>
compatibility (3.11, bb8b3e8d32c7cbd49629d337758f30bfdf805045)	Run actions/checkout@11d5960a326750d5838078e36cf38b85af677262	2026-09-19T22:54:15.5330247Z hint:
compatibility (3.11, bb8b3e8d32c7cbd49629d337758f30bfdf805045)	Run actions/checkout@11d5960a326750d5838078e36cf38b85af677262	2026-09-19T22:54:15.5331665Z hint: Disable this message with "git config set advice.defaultBranchName false"
compatibility (3.11, bb8b3e8d32c7cbd49629d337758f30bfdf805045)	Run actions/checkout@11d5960a326750d5838078e36cf38b85af677262	2026-09-19T22:54:15.5333687Z Initialized empty Git repository in /home/runner/work/scenarios/scenarios/_deps/engine/.git/
compatibility (3.11, bb8b3e8d32c7cbd49629d337758f30bfdf805045)	Run actions/checkout@11d5960a326750d5838078e36cf38b85af677262	2026-09-19T22:54:15.5337056Z [command]/usr/bin/git remote add origin https://github.com/entrotter/engine
compatibility (3.11, bb8b3e8d32c7cbd49629d337758f30bfdf805045)	Run actions/checkout@11d5960a326750d5838078e36cf38b85af677262	2026-09-19T22:54:15.5358240Z ##[endgroup]
compatibility (3.11, bb8b3e8d32c7cbd49629d337758f30bfdf805045)	Run actions/checkout@11d5960a326750d5838078e36cf38b85af677262	2026-09-19T22:54:15.5359798Z ##[group]Disabling automatic garbage collection
compatibility (3.11, bb8b3e8d32c7cbd49629d337758f30bfdf805045)	Run actions/checkout@11d5960a326750d5838078e36cf38b85af677262	2026-09-19T22:54:15.5361388Z [command]/usr/bin/git config --local gc.auto 0
compatibility (3.11, bb8b3e8d32c7cbd49629d337758f30bfdf805045)	Run actions/checkout@11d5960a326750d5838078e36cf38b85af677262	2026-09-19T22:54:15.5389229Z ##[endgroup]
compatibility (3.11, bb8b3e8d32c7cbd49629d337758f30bfdf805045)	Run actions/checkout@11d5960a326750d5838078e36cf38b85af677262	2026-09-19T22:54:15.5390890Z ##[group]Setting up auth
compatibility (3.11, bb8b3e8d32c7cbd49629d337758f30bfdf805045)	Run actions/checkout@11d5960a326750d5838078e36cf38b85af677262	2026-09-19T22:54:15.5394683Z [command]/usr/bin/git config --local --name-only --get-regexp core\.sshCommand
compatibility (3.11, bb8b3e8d32c7cbd49629d337758f30bfdf805045)	Run actions/checkout@11d5960a326750d5838078e36cf38b85af677262	2026-09-19T22:54:15.5424306Z [command]/usr/bin/git submodule foreach --recursive sh -c "git config --local --name-only --get-regexp 'core\.sshCommand' && git config --local --unset-all 'core.sshCommand' || :"
compatibility (3.11, bb8b3e8d32c7cbd49629d337758f30bfdf805045)	Run actions/checkout@11d5960a326750d5838078e36cf38b85af677262	2026-09-19T22:54:15.5590404Z [command]/usr/bin/git config --local --name-only --get-regexp http\.https\:\/\/github\.com\/\.extraheader
compatibility (3.11, bb8b3e8d32c7cbd49629d337758f30bfdf805045)	Run actions/checkout@11d5960a326750d5838078e36cf38b85af677262	2026-09-19T22:54:15.5617119Z [command]/usr/bin/git submodule foreach --recursive sh -c "git config --local --name-only --get-regexp 'http\.https\:\/\/github\.com\/\.extraheader' && git config --local --unset-all 'http.https://github.com/.extraheader' || :"
compatibility (3.11, bb8b3e8d32c7cbd49629d337758f30bfdf805045)	Run actions/checkout@11d5960a326750d5838078e36cf38b85af677262	2026-09-19T22:54:15.5776997Z [command]/usr/bin/git config --local --name-only --get-regexp ^includeIf\.gitdir:
compatibility (3.11, bb8b3e8d32c7cbd49629d337758f30bfdf805045)	Run actions/checkout@11d5960a326750d5838078e36cf38b85af677262	2026-09-19T22:54:15.5804288Z [command]/usr/bin/git submodule foreach --recursive git config --local --show-origin --name-only --get-regexp remote.origin.url
compatibility (3.11, bb8b3e8d32c7cbd49629d337758f30bfdf805045)	Run actions/checkout@11d5960a326750d5838078e36cf38b85af677262	2026-09-19T22:54:15.5969044Z [command]/usr/bin/git config --local http.https://github.com/.extraheader AUTHORIZATION: basic ***
compatibility (3.11, bb8b3e8d32c7cbd49629d337758f30bfdf805045)	Run actions/checkout@11d5960a326750d5838078e36cf38b85af677262	2026-09-19T22:54:15.6900224Z ##[endgroup]
compatibility (3.11, bb8b3e8d32c7cbd49629d337758f30bfdf805045)	Run actions/checkout@11d5960a326750d5838078e36cf38b85af677262	2026-09-19T22:54:15.6902589Z ##[group]Fetching the repository
compatibility (3.11, bb8b3e8d32c7cbd49629d337758f30bfdf805045)	Run actions/checkout@11d5960a326750d5838078e36cf38b85af677262	2026-09-19T22:54:15.6910252Z [command]/usr/bin/git -c protocol.version=2 fetch --no-tags --prune --no-recurse-submodules --depth=1 origin bb8b3e8d32c7cbd49629d337758f30bfdf805045
compatibility (3.11, bb8b3e8d32c7cbd49629d337758f30bfdf805045)	Run actions/checkout@11d5960a326750d5838078e36cf38b85af677262	2026-09-19T22:54:16.1670893Z From https://github.com/entrotter/engine
compatibility (3.11, bb8b3e8d32c7cbd49629d337758f30bfdf805045)	Run actions/checkout@11d5960a326750d5838078e36cf38b85af677262	2026-09-19T22:54:16.1672733Z  * branch            bb8b3e8d32c7cbd49629d337758f30bfdf805045 -> FETCH_HEAD
compatibility (3.11, bb8b3e8d32c7cbd49629d337758f30bfdf805045)	Run actions/checkout@11d5960a326750d5838078e36cf38b85af677262	2026-09-19T22:54:16.1676805Z ##[endgroup]
compatibility (3.11, bb8b3e8d32c7cbd49629d337758f30bfdf805045)	Run actions/checkout@11d5960a326750d5838078e36cf38b85af677262	2026-09-19T22:54:16.1678305Z ##[group]Determining the checkout info
compatibility (3.11, bb8b3e8d32c7cbd49629d337758f30bfdf805045)	Run actions/checkout@11d5960a326750d5838078e36cf38b85af677262	2026-09-19T22:54:16.1680039Z ##[endgroup]
compatibility (3.11, bb8b3e8d32c7cbd49629d337758f30bfdf805045)	Run actions/checkout@11d5960a326750d5838078e36cf38b85af677262	2026-09-19T22:54:16.1719885Z [command]/usr/bin/git sparse-checkout disable
compatibility (3.11, bb8b3e8d32c7cbd49629d337758f30bfdf805045)	Run actions/checkout@11d5960a326750d5838078e36cf38b85af677262	2026-09-19T22:54:16.1923982Z [command]/usr/bin/git config --local --unset-all extensions.worktreeConfig
compatibility (3.11, bb8b3e8d32c7cbd49629d337758f30bfdf805045)	Run actions/checkout@11d5960a326750d5838078e36cf38b85af677262	2026-09-19T22:54:16.1950583Z ##[group]Checking out the ref
compatibility (3.11, bb8b3e8d32c7cbd49629d337758f30bfdf805045)	Run actions/checkout@11d5960a326750d5838078e36cf38b85af677262	2026-09-19T22:54:16.1952836Z [command]/usr/bin/git checkout --progress --force bb8b3e8d32c7cbd49629d337758f30bfdf805045
compatibility (3.11, bb8b3e8d32c7cbd49629d337758f30bfdf805045)	Run actions/checkout@11d5960a326750d5838078e36cf38b85af677262	2026-09-19T22:54:16.1992192Z Note: switching to 'bb8b3e8d32c7cbd49629d337758f30bfdf805045'.
compatibility (3.11, bb8b3e8d32c7cbd49629d337758f30bfdf805045)	Run actions/checkout@11d5960a326750d5838078e36cf38b85af677262	2026-09-19T22:54:16.1993671Z
compatibility (3.11, bb8b3e8d32c7cbd49629d337758f30bfdf805045)	Run actions/checkout@11d5960a326750d5838078e36cf38b85af677262	2026-09-19T22:54:16.1994605Z You are in 'detached HEAD' state. You can look around, make experimental
compatibility (3.11, bb8b3e8d32c7cbd49629d337758f30bfdf805045)	Run actions/checkout@11d5960a326750d5838078e36cf38b85af677262	2026-09-19T22:54:16.1996870Z changes and commit them, and you can discard any commits you make in this
compatibility (3.11, bb8b3e8d32c7cbd49629d337758f30bfdf805045)	Run actions/checkout@11d5960a326750d5838078e36cf38b85af677262	2026-09-19T22:54:16.1999049Z state without impacting any branches by switching back to a branch.
compatibility (3.11, bb8b3e8d32c7cbd49629d337758f30bfdf805045)	Run actions/checkout@11d5960a326750d5838078e36cf38b85af677262	2026-09-19T22:54:16.2000361Z
compatibility (3.11, bb8b3e8d32c7cbd49629d337758f30bfdf805045)	Run actions/checkout@11d5960a326750d5838078e36cf38b85af677262	2026-09-19T22:54:16.2001181Z If you want to create a new branch to retain commits you create, you may
compatibility (3.11, bb8b3e8d32c7cbd49629d337758f30bfdf805045)	Run actions/checkout@11d5960a326750d5838078e36cf38b85af677262	2026-09-19T22:54:16.2003179Z do so (now or later) by using -c with the switch command. Example:
compatibility (3.11, bb8b3e8d32c7cbd49629d337758f30bfdf805045)	Run actions/checkout@11d5960a326750d5838078e36cf38b85af677262	2026-09-19T22:54:16.2004378Z
compatibility (3.11, bb8b3e8d32c7cbd49629d337758f30bfdf805045)	Run actions/checkout@11d5960a326750d5838078e36cf38b85af677262	2026-09-19T22:54:16.2004983Z   git switch -c <new-branch-name>
compatibility (3.11, bb8b3e8d32c7cbd49629d337758f30bfdf805045)	Run actions/checkout@11d5960a326750d5838078e36cf38b85af677262	2026-09-19T22:54:16.2006061Z
compatibility (3.11, bb8b3e8d32c7cbd49629d337758f30bfdf805045)	Run actions/checkout@11d5960a326750d5838078e36cf38b85af677262	2026-09-19T22:54:16.2006473Z Or undo this operation with:
compatibility (3.11, bb8b3e8d32c7cbd49629d337758f30bfdf805045)	Run actions/checkout@11d5960a326750d5838078e36cf38b85af677262	2026-09-19T22:54:16.2007013Z
compatibility (3.11, bb8b3e8d32c7cbd49629d337758f30bfdf805045)	Run actions/checkout@11d5960a326750d5838078e36cf38b85af677262	2026-09-19T22:54:16.2007400Z   git switch -
compatibility (3.11, bb8b3e8d32c7cbd49629d337758f30bfdf805045)	Run actions/checkout@11d5960a326750d5838078e36cf38b85af677262	2026-09-19T22:54:16.2007855Z
compatibility (3.11, bb8b3e8d32c7cbd49629d337758f30bfdf805045)	Run actions/checkout@11d5960a326750d5838078e36cf38b85af677262	2026-09-19T22:54:16.2008571Z Turn off this advice by setting config variable advice.detachedHead to false
compatibility (3.11, bb8b3e8d32c7cbd49629d337758f30bfdf805045)	Run actions/checkout@11d5960a326750d5838078e36cf38b85af677262	2026-09-19T22:54:16.2009602Z
compatibility (3.11, bb8b3e8d32c7cbd49629d337758f30bfdf805045)	Run actions/checkout@11d5960a326750d5838078e36cf38b85af677262	2026-09-19T22:54:16.2010534Z HEAD is now at bb8b3e8 feat: constrain causal EVM decisions and verify recorded replay
compatibility (3.11, bb8b3e8d32c7cbd49629d337758f30bfdf805045)	Run actions/checkout@11d5960a326750d5838078e36cf38b85af677262	2026-09-19T22:54:16.2013973Z ##[endgroup]
compatibility (3.11, bb8b3e8d32c7cbd49629d337758f30bfdf805045)	Run actions/checkout@11d5960a326750d5838078e36cf38b85af677262	2026-09-19T22:54:16.2027025Z [command]/usr/bin/git log -1 --format=%H
compatibility (3.11, bb8b3e8d32c7cbd49629d337758f30bfdf805045)	Run actions/checkout@11d5960a326750d5838078e36cf38b85af677262	2026-09-19T22:54:16.2045965Z bb8b3e8d32c7cbd49629d337758f30bfdf805045
compatibility (3.11, bb8b3e8d32c7cbd49629d337758f30bfdf805045)	Run actions/checkout@11d5960a326750d5838078e36cf38b85af677262	2026-09-19T22:54:16.2053451Z ##[group]Removing auth
compatibility (3.11, bb8b3e8d32c7cbd49629d337758f30bfdf805045)	Run actions/checkout@11d5960a326750d5838078e36cf38b85af677262	2026-09-19T22:54:16.2056827Z [command]/usr/bin/git config --local --name-only --get-regexp core\.sshCommand
compatibility (3.11, bb8b3e8d32c7cbd49629d337758f30bfdf805045)	Run actions/checkout@11d5960a326750d5838078e36cf38b85af677262	2026-09-19T22:54:16.2082457Z [command]/usr/bin/git submodule foreach --recursive sh -c "git config --local --name-only --get-regexp 'core\.sshCommand' && git config --local --unset-all 'core.sshCommand' || :"
compatibility (3.11, bb8b3e8d32c7cbd49629d337758f30bfdf805045)	Run actions/checkout@11d5960a326750d5838078e36cf38b85af677262	2026-09-19T22:54:16.2245118Z [command]/usr/bin/git config --local --name-only --get-regexp http\.https\:\/\/github\.com\/\.extraheader
compatibility (3.11, bb8b3e8d32c7cbd49629d337758f30bfdf805045)	Run actions/checkout@11d5960a326750d5838078e36cf38b85af677262	2026-09-19T22:54:16.2263397Z http.https://github.com/.extraheader
compatibility (3.11, bb8b3e8d32c7cbd49629d337758f30bfdf805045)	Run actions/checkout@11d5960a326750d5838078e36cf38b85af677262	2026-09-19T22:54:16.2268573Z [command]/usr/bin/git config --local --unset-all http.https://github.com/.extraheader
compatibility (3.11, bb8b3e8d32c7cbd49629d337758f30bfdf805045)	Run actions/checkout@11d5960a326750d5838078e36cf38b85af677262	2026-09-19T22:54:16.2294486Z [command]/usr/bin/git submodule foreach --recursive sh -c "git config --local --name-only --get-regexp 'http\.https\:\/\/github\.com\/\.extraheader' && git config --local --unset-all 'http.https://github.com/.extraheader' || :"
compatibility (3.11, bb8b3e8d32c7cbd49629d337758f30bfdf805045)	Run actions/checkout@11d5960a326750d5838078e36cf38b85af677262	2026-09-19T22:54:16.2455881Z [command]/usr/bin/git config --local --name-only --get-regexp ^includeIf\.gitdir:
compatibility (3.11, bb8b3e8d32c7cbd49629d337758f30bfdf805045)	Run actions/checkout@11d5960a326750d5838078e36cf38b85af677262	2026-09-19T22:54:16.2480737Z [command]/usr/bin/git submodule foreach --recursive git config --local --show-origin --name-only --get-regexp remote.origin.url
compatibility (3.11, bb8b3e8d32c7cbd49629d337758f30bfdf805045)	Run actions/checkout@11d5960a326750d5838078e36cf38b85af677262	2026-09-19T22:54:16.2636000Z ##[endgroup]
compatibility (3.11, bb8b3e8d32c7cbd49629d337758f30bfdf805045)	Run actions/setup-python@a26af69be951a213d495a4c3e4e4022e16d87065	﻿2026-09-19T22:54:16.2874733Z Node 20 is being deprecated. This workflow is running with Node 24 by default. If you need to temporarily use Node 20, you can set the ACTIONS_ALLOW_USE_UNSECURE_NODE_VERSION=true environment variable. For more information see: https://github.blog/changelog/2025-09-19-deprecation-of-node-20-on-github-actions-runners/
compatibility (3.11, bb8b3e8d32c7cbd49629d337758f30bfdf805045)	Run actions/setup-python@a26af69be951a213d495a4c3e4e4022e16d87065	2026-09-19T22:54:16.2878774Z ##[group]Run actions/setup-python@a26af69be951a213d495a4c3e4e4022e16d87065
compatibility (3.11, bb8b3e8d32c7cbd49629d337758f30bfdf805045)	Run actions/setup-python@a26af69be951a213d495a4c3e4e4022e16d87065	2026-09-19T22:54:16.2880017Z with:
compatibility (3.11, bb8b3e8d32c7cbd49629d337758f30bfdf805045)	Run actions/setup-python@a26af69be951a213d495a4c3e4e4022e16d87065	2026-09-19T22:54:16.2880743Z   python-version: 3.11
compatibility (3.11, bb8b3e8d32c7cbd49629d337758f30bfdf805045)	Run actions/setup-python@a26af69be951a213d495a4c3e4e4022e16d87065	2026-09-19T22:54:16.2881555Z   check-latest: false
compatibility (3.11, bb8b3e8d32c7cbd49629d337758f30bfdf805045)	Run actions/setup-python@a26af69be951a213d495a4c3e4e4022e16d87065	2026-09-19T22:54:16.2888415Z   token: ***
compatibility (3.11, bb8b3e8d32c7cbd49629d337758f30bfdf805045)	Run actions/setup-python@a26af69be951a213d495a4c3e4e4022e16d87065	2026-09-19T22:54:16.2889196Z   update-environment: true
compatibility (3.11, bb8b3e8d32c7cbd49629d337758f30bfdf805045)	Run actions/setup-python@a26af69be951a213d495a4c3e4e4022e16d87065	2026-09-19T22:54:16.2890042Z   allow-prereleases: false
compatibility (3.11, bb8b3e8d32c7cbd49629d337758f30bfdf805045)	Run actions/setup-python@a26af69be951a213d495a4c3e4e4022e16d87065	2026-09-19T22:54:16.2890885Z   freethreaded: false
compatibility (3.11, bb8b3e8d32c7cbd49629d337758f30bfdf805045)	Run actions/setup-python@a26af69be951a213d495a4c3e4e4022e16d87065	2026-09-19T22:54:16.2891647Z ##[endgroup]
compatibility (3.11, bb8b3e8d32c7cbd49629d337758f30bfdf805045)	Run actions/setup-python@a26af69be951a213d495a4c3e4e4022e16d87065	2026-09-19T22:54:16.3989979Z ##[group]Installed versions
compatibility (3.11, bb8b3e8d32c7cbd49629d337758f30bfdf805045)	Run actions/setup-python@a26af69be951a213d495a4c3e4e4022e16d87065	2026-09-19T22:54:16.4628235Z (node:2331) [DEP0040] DeprecationWarning: The `punycode` module is deprecated. Please use a userland alternative instead.
compatibility (3.11, bb8b3e8d32c7cbd49629d337758f30bfdf805045)	Run actions/setup-python@a26af69be951a213d495a4c3e4e4022e16d87065	2026-09-19T22:54:16.4631027Z (Use `node --trace-deprecation ...` to show where the warning was created)
compatibility (3.11, bb8b3e8d32c7cbd49629d337758f30bfdf805045)	Run actions/setup-python@a26af69be951a213d495a4c3e4e4022e16d87065	2026-09-19T22:54:16.4632797Z Successfully set up CPython (3.11.16)
compatibility (3.11, bb8b3e8d32c7cbd49629d337758f30bfdf805045)	Run actions/setup-python@a26af69be951a213d495a4c3e4e4022e16d87065	2026-09-19T22:54:16.4634905Z ##[endgroup]
compatibility (3.11, bb8b3e8d32c7cbd49629d337758f30bfdf805045)	Install hash-locked schema dependencies	﻿2026-09-19T22:54:16.4866887Z ##[group]Run python -m pip install --require-hashes --only-binary=:all: --index-url https://pypi.org/simple -r requirements-dev.txt
compatibility (3.11, bb8b3e8d32c7cbd49629d337758f30bfdf805045)	Install hash-locked schema dependencies	2026-09-19T22:54:16.4871282Z [36;1mpython -m pip install --require-hashes --only-binary=:all: --index-url https://pypi.org/simple -r requirements-dev.txt[0m
compatibility (3.11, bb8b3e8d32c7cbd49629d337758f30bfdf805045)	Install hash-locked schema dependencies	2026-09-19T22:54:16.4874277Z [36;1mpython -m pip check[0m
compatibility (3.11, bb8b3e8d32c7cbd49629d337758f30bfdf805045)	Install hash-locked schema dependencies	2026-09-19T22:54:16.4924787Z shell: /usr/bin/bash -e {0}
compatibility (3.11, bb8b3e8d32c7cbd49629d337758f30bfdf805045)	Install hash-locked schema dependencies	2026-09-19T22:54:16.4926130Z env:
compatibility (3.11, bb8b3e8d32c7cbd49629d337758f30bfdf805045)	Install hash-locked schema dependencies	2026-09-19T22:54:16.4927074Z   pythonLocation: /opt/hostedtoolcache/Python/3.11.16/x64
compatibility (3.11, bb8b3e8d32c7cbd49629d337758f30bfdf805045)	Install hash-locked schema dependencies	2026-09-19T22:54:16.4928462Z   PKG_CONFIG_PATH: /opt/hostedtoolcache/Python/3.11.16/x64/lib/pkgconfig
compatibility (3.11, bb8b3e8d32c7cbd49629d337758f30bfdf805045)	Install hash-locked schema dependencies	2026-09-19T22:54:16.4929876Z   Python_ROOT_DIR: /opt/hostedtoolcache/Python/3.11.16/x64
compatibility (3.11, bb8b3e8d32c7cbd49629d337758f30bfdf805045)	Install hash-locked schema dependencies	2026-09-19T22:54:16.4931114Z   Python2_ROOT_DIR: /opt/hostedtoolcache/Python/3.11.16/x64
compatibility (3.11, bb8b3e8d32c7cbd49629d337758f30bfdf805045)	Install hash-locked schema dependencies	2026-09-19T22:54:16.4932390Z   Python3_ROOT_DIR: /opt/hostedtoolcache/Python/3.11.16/x64
compatibility (3.11, bb8b3e8d32c7cbd49629d337758f30bfdf805045)	Install hash-locked schema dependencies	2026-09-19T22:54:16.4933678Z   LD_LIBRARY_PATH: /opt/hostedtoolcache/Python/3.11.16/x64/lib
compatibility (3.11, bb8b3e8d32c7cbd49629d337758f30bfdf805045)	Install hash-locked schema dependencies	2026-09-19T22:54:16.4934758Z ##[endgroup]
compatibility (3.11, bb8b3e8d32c7cbd49629d337758f30bfdf805045)	Install hash-locked schema dependencies	2026-09-19T22:54:18.7998856Z Collecting attrs==26.1.0 (from -r requirements-dev.txt (line 7))
compatibility (3.11, bb8b3e8d32c7cbd49629d337758f30bfdf805045)	Install hash-locked schema dependencies	2026-09-19T22:54:18.8678235Z   Downloading attrs-26.1.0-py3-none-any.whl (67 kB)
compatibility (3.11, bb8b3e8d32c7cbd49629d337758f30bfdf805045)	Install hash-locked schema dependencies	2026-09-19T22:54:19.0948579Z Collecting jsonschema==4.23.0 (from -r requirements-dev.txt (line 13))
compatibility (3.11, bb8b3e8d32c7cbd49629d337758f30bfdf805045)	Install hash-locked schema dependencies	2026-09-19T22:54:19.1054932Z   Downloading jsonschema-4.23.0-py3-none-any.whl (88 kB)
compatibility (3.11, bb8b3e8d32c7cbd49629d337758f30bfdf805045)	Install hash-locked schema dependencies	2026-09-19T22:54:19.3574798Z Collecting jsonschema-specifications==2025.9.1 (from -r requirements-dev.txt (line 17))
compatibility (3.11, bb8b3e8d32c7cbd49629d337758f30bfdf805045)	Install hash-locked schema dependencies	2026-09-19T22:54:19.3683149Z   Downloading jsonschema_specifications-2025.9.1-py3-none-any.whl (18 kB)
compatibility (3.11, bb8b3e8d32c7cbd49629d337758f30bfdf805045)	Install hash-locked schema dependencies	2026-09-19T22:54:19.4010174Z Collecting referencing==0.37.0 (from -r requirements-dev.txt (line 21))
compatibility (3.11, bb8b3e8d32c7cbd49629d337758f30bfdf805045)	Install hash-locked schema dependencies	2026-09-19T22:54:19.4115021Z   Downloading referencing-0.37.0-py3-none-any.whl (26 kB)
compatibility (3.11, bb8b3e8d32c7cbd49629d337758f30bfdf805045)	Install hash-locked schema dependencies	2026-09-19T22:54:19.8145978Z Collecting rpds-py==2026.6.3 (from -r requirements-dev.txt (line 27))
compatibility (3.11, bb8b3e8d32c7cbd49629d337758f30bfdf805045)	Install hash-locked schema dependencies	2026-09-19T22:54:19.8253260Z   Downloading rpds_py-2026.6.3-cp311-cp311-manylinux_2_17_x86_64.manylinux2014_x86_64.whl (371 kB)
compatibility (3.11, bb8b3e8d32c7cbd49629d337758f30bfdf805045)	Install hash-locked schema dependencies	2026-09-19T22:54:19.9108758Z Collecting typing-extensions==4.16.0 (from -r requirements-dev.txt (line 147))
compatibility (3.11, bb8b3e8d32c7cbd49629d337758f30bfdf805045)	Install hash-locked schema dependencies	2026-09-19T22:54:19.9214951Z   Downloading typing_extensions-4.16.0-py3-none-any.whl (45 kB)
compatibility (3.11, bb8b3e8d32c7cbd49629d337758f30bfdf805045)	Install hash-locked schema dependencies	2026-09-19T22:54:20.1664387Z Installing collected packages: typing-extensions, rpds-py, attrs, referencing, jsonschema-specifications, jsonschema
compatibility (3.11, bb8b3e8d32c7cbd49629d337758f30bfdf805045)	Install hash-locked schema dependencies	2026-09-19T22:54:20.2766559Z
compatibility (3.11, bb8b3e8d32c7cbd49629d337758f30bfdf805045)	Install hash-locked schema dependencies	2026-09-19T22:54:20.2774896Z Successfully installed attrs-26.1.0 jsonschema-4.23.0 jsonschema-specifications-2025.9.1 referencing-0.37.0 rpds-py-2026.6.3 typing-extensions-4.16.0
compatibility (3.11, bb8b3e8d32c7cbd49629d337758f30bfdf805045)	Install hash-locked schema dependencies	2026-09-19T22:54:20.4599573Z No broken requirements found.
compatibility (3.11, bb8b3e8d32c7cbd49629d337758f30bfdf805045)	Run PYTHONPATH=_deps/engine/src python -m unittest discover -s tests -v	﻿2026-09-19T22:54:20.4881798Z ##[group]Run PYTHONPATH=_deps/engine/src python -m unittest discover -s tests -v
compatibility (3.11, bb8b3e8d32c7cbd49629d337758f30bfdf805045)	Run PYTHONPATH=_deps/engine/src python -m unittest discover -s tests -v	2026-09-19T22:54:20.4882357Z [36;1mPYTHONPATH=_deps/engine/src python -m unittest discover -s tests -v[0m
compatibility (3.11, bb8b3e8d32c7cbd49629d337758f30bfdf805045)	Run PYTHONPATH=_deps/engine/src python -m unittest discover -s tests -v	2026-09-19T22:54:20.4903527Z shell: /usr/bin/bash -e {0}
compatibility (3.11, bb8b3e8d32c7cbd49629d337758f30bfdf805045)	Run PYTHONPATH=_deps/engine/src python -m unittest discover -s tests -v	2026-09-19T22:54:20.4903808Z env:
compatibility (3.11, bb8b3e8d32c7cbd49629d337758f30bfdf805045)	Run PYTHONPATH=_deps/engine/src python -m unittest discover -s tests -v	2026-09-19T22:54:20.4904108Z   pythonLocation: /opt/hostedtoolcache/Python/3.11.16/x64
compatibility (3.11, bb8b3e8d32c7cbd49629d337758f30bfdf805045)	Run PYTHONPATH=_deps/engine/src python -m unittest discover -s tests -v	2026-09-19T22:54:20.4904480Z   PKG_CONFIG_PATH: /opt/hostedtoolcache/Python/3.11.16/x64/lib/pkgconfig
compatibility (3.11, bb8b3e8d32c7cbd49629d337758f30bfdf805045)	Run PYTHONPATH=_deps/engine/src python -m unittest discover -s tests -v	2026-09-19T22:54:20.4904844Z   Python_ROOT_DIR: /opt/hostedtoolcache/Python/3.11.16/x64
compatibility (3.11, bb8b3e8d32c7cbd49629d337758f30bfdf805045)	Run PYTHONPATH=_deps/engine/src python -m unittest discover -s tests -v	2026-09-19T22:54:20.4905221Z   Python2_ROOT_DIR: /opt/hostedtoolcache/Python/3.11.16/x64
compatibility (3.11, bb8b3e8d32c7cbd49629d337758f30bfdf805045)	Run PYTHONPATH=_deps/engine/src python -m unittest discover -s tests -v	2026-09-19T22:54:20.4905707Z   Python3_ROOT_DIR: /opt/hostedtoolcache/Python/3.11.16/x64
compatibility (3.11, bb8b3e8d32c7cbd49629d337758f30bfdf805045)	Run PYTHONPATH=_deps/engine/src python -m unittest discover -s tests -v	2026-09-19T22:54:20.4906052Z   LD_LIBRARY_PATH: /opt/hostedtoolcache/Python/3.11.16/x64/lib
compatibility (3.11, bb8b3e8d32c7cbd49629d337758f30bfdf805045)	Run PYTHONPATH=_deps/engine/src python -m unittest discover -s tests -v	2026-09-19T22:54:20.4906342Z ##[endgroup]
compatibility (3.11, bb8b3e8d32c7cbd49629d337758f30bfdf805045)	Run PYTHONPATH=_deps/engine/src python -m unittest discover -s tests -v	2026-09-19T22:54:21.0993698Z test_frozen_inputs_and_split_are_unchanged (test_benchmark_cases.FrozenCaseTests.test_frozen_inputs_and_split_are_unchanged) ... ok
compatibility (3.11, bb8b3e8d32c7cbd49629d337758f30bfdf805045)	Run PYTHONPATH=_deps/engine/src python -m unittest discover -s tests -v	2026-09-19T22:54:21.1586923Z test_all_schema_meta_validation_with_network_disabled (test_offline_contracts.OfflineContractTests.test_all_schema_meta_validation_with_network_disabled) ... ok
compatibility (3.11, bb8b3e8d32c7cbd49629d337758f30bfdf805045)	Run PYTHONPATH=_deps/engine/src python -m unittest discover -s tests -v	2026-09-19T22:54:21.1792548Z test_command_rejects_invalid_result_without_success_output (test_offline_contracts.OfflineContractTests.test_command_rejects_invalid_result_without_success_output) ... ok
compatibility (3.11, bb8b3e8d32c7cbd49629d337758f30bfdf805045)	Run PYTHONPATH=_deps/engine/src python -m unittest discover -s tests -v	2026-09-19T22:54:21.1996299Z test_command_validates_local_scenario (test_offline_contracts.OfflineContractTests.test_command_validates_local_scenario) ... ok
compatibility (3.11, bb8b3e8d32c7cbd49629d337758f30bfdf805045)	Run PYTHONPATH=_deps/engine/src python -m unittest discover -s tests -v	2026-09-19T22:54:21.2160185Z test_invalid_schema_fails_at_load (test_offline_contracts.OfflineContractTests.test_invalid_schema_fails_at_load) ... ok
compatibility (3.11, bb8b3e8d32c7cbd49629d337758f30bfdf805045)	Run PYTHONPATH=_deps/engine/src python -m unittest discover -s tests -v	2026-09-19T22:54:21.2323037Z test_missing_schema_fails_even_without_agent (test_offline_contracts.OfflineContractTests.test_missing_schema_fails_even_without_agent) ... ok
compatibility (3.11, bb8b3e8d32c7cbd49629d337758f30bfdf805045)	Run PYTHONPATH=_deps/engine/src python -m unittest discover -s tests -v	2026-09-19T22:54:21.2324203Z test_unknown_kind_fails (test_offline_contracts.OfflineContractTests.test_unknown_kind_fails) ... ok
compatibility (3.11, bb8b3e8d32c7cbd49629d337758f30bfdf805045)	Run PYTHONPATH=_deps/engine/src python -m unittest discover -s tests -v	2026-09-19T22:54:21.2962187Z test_unregistered_references_fail_without_io (test_offline_contracts.OfflineContractTests.test_unregistered_references_fail_without_io) ... ok
compatibility (3.11, bb8b3e8d32c7cbd49629d337758f30bfdf805045)	Run PYTHONPATH=_deps/engine/src python -m unittest discover -s tests -v	2026-09-19T22:54:21.3161028Z test_existing_report_envelope_still_accepts_no_agent (test_recording_schema.RecordingSchemaTests.test_existing_report_envelope_still_accepts_no_agent) ... ok
compatibility (3.11, bb8b3e8d32c7cbd49629d337758f30bfdf805045)	Run PYTHONPATH=_deps/engine/src python -m unittest discover -s tests -v	2026-09-19T22:54:21.3574664Z test_shape_rejects_executable_action_extensions (test_recording_schema.RecordingSchemaTests.test_shape_rejects_executable_action_extensions) ... ok
compatibility (3.11, bb8b3e8d32c7cbd49629d337758f30bfdf805045)	Run PYTHONPATH=_deps/engine/src python -m unittest discover -s tests -v	2026-09-19T22:54:21.3582813Z test_all_runtime_validate (test_scenarios.ScenarioTests.test_all_runtime_validate) ... ok
compatibility (3.11, bb8b3e8d32c7cbd49629d337758f30bfdf805045)	Run PYTHONPATH=_deps/engine/src python -m unittest discover -s tests -v	2026-09-19T22:54:21.3800206Z test_json_schema (test_scenarios.ScenarioTests.test_json_schema) ... ok
compatibility (3.11, bb8b3e8d32c7cbd49629d337758f30bfdf805045)	Run PYTHONPATH=_deps/engine/src python -m unittest discover -s tests -v	2026-09-19T22:54:21.3806312Z test_manifest_paths (test_scenarios.ScenarioTests.test_manifest_paths) ... ok
compatibility (3.11, bb8b3e8d32c7cbd49629d337758f30bfdf805045)	Run PYTHONPATH=_deps/engine/src python -m unittest discover -s tests -v	2026-09-19T22:54:21.3806997Z test_no_real_claims_in_synthetic (test_scenarios.ScenarioTests.test_no_real_claims_in_synthetic) ... ok
compatibility (3.11, bb8b3e8d32c7cbd49629d337758f30bfdf805045)	Run PYTHONPATH=_deps/engine/src python -m unittest discover -s tests -v	2026-09-19T22:54:21.3807502Z
compatibility (3.11, bb8b3e8d32c7cbd49629d337758f30bfdf805045)	Run PYTHONPATH=_deps/engine/src python -m unittest discover -s tests -v	2026-09-19T22:54:21.3807703Z ----------------------------------------------------------------------
compatibility (3.11, bb8b3e8d32c7cbd49629d337758f30bfdf805045)	Run PYTHONPATH=_deps/engine/src python -m unittest discover -s tests -v	2026-09-19T22:54:21.3808010Z Ran 14 tests in 0.306s
compatibility (3.11, bb8b3e8d32c7cbd49629d337758f30bfdf805045)	Run PYTHONPATH=_deps/engine/src python -m unittest discover -s tests -v	2026-09-19T22:54:21.3808119Z
compatibility (3.11, bb8b3e8d32c7cbd49629d337758f30bfdf805045)	Run PYTHONPATH=_deps/engine/src python -m unittest discover -s tests -v	2026-09-19T22:54:21.3808256Z OK
compatibility (3.11, bb8b3e8d32c7cbd49629d337758f30bfdf805045)	Post Run actions/setup-python@a26af69be951a213d495a4c3e4e4022e16d87065	﻿2026-09-19T22:54:21.4165135Z Node 20 is being deprecated. This workflow is running with Node 24 by default. If you need to temporarily use Node 20, you can set the ACTIONS_ALLOW_USE_UNSECURE_NODE_VERSION=true environment variable. For more information see: https://github.blog/changelog/2025-09-19-deprecation-of-node-20-on-github-actions-runners/
compatibility (3.11, bb8b3e8d32c7cbd49629d337758f30bfdf805045)	Post Run actions/setup-python@a26af69be951a213d495a4c3e4e4022e16d87065	2026-09-19T22:54:21.4166229Z Post job cleanup.
compatibility (3.11, bb8b3e8d32c7cbd49629d337758f30bfdf805045)	Post Run actions/setup-python@a26af69be951a213d495a4c3e4e4022e16d87065	2026-09-19T22:54:21.5024094Z (node:2366) [DEP0040] DeprecationWarning: The `punycode` module is deprecated. Please use a userland alternative instead.
compatibility (3.11, bb8b3e8d32c7cbd49629d337758f30bfdf805045)	Post Run actions/setup-python@a26af69be951a213d495a4c3e4e4022e16d87065	2026-09-19T22:54:21.5024901Z (Use `node --trace-deprecation ...` to show where the warning was created)
compatibility (3.11, bb8b3e8d32c7cbd49629d337758f30bfdf805045)	Post Run actions/checkout@11d5960a326750d5838078e36cf38b85af677262	﻿2026-09-19T22:54:21.5151325Z Node 20 is being deprecated. This workflow is running with Node 24 by default. If you need to temporarily use Node 20, you can set the ACTIONS_ALLOW_USE_UNSECURE_NODE_VERSION=true environment variable. For more information see: https://github.blog/changelog/2025-09-19-deprecation-of-node-20-on-github-actions-runners/
compatibility (3.11, bb8b3e8d32c7cbd49629d337758f30bfdf805045)	Post Run actions/checkout@11d5960a326750d5838078e36cf38b85af677262	2026-09-19T22:54:21.5152283Z Post job cleanup.
compatibility (3.11, bb8b3e8d32c7cbd49629d337758f30bfdf805045)	Post Run actions/checkout@11d5960a326750d5838078e36cf38b85af677262	2026-09-19T22:54:21.5824633Z [command]/usr/bin/git version
compatibility (3.11, bb8b3e8d32c7cbd49629d337758f30bfdf805045)	Post Run actions/checkout@11d5960a326750d5838078e36cf38b85af677262	2026-09-19T22:54:21.5853911Z git version 2.55.0
compatibility (3.11, bb8b3e8d32c7cbd49629d337758f30bfdf805045)	Post Run actions/checkout@11d5960a326750d5838078e36cf38b85af677262	2026-09-19T22:54:21.5879125Z Temporarily overriding HOME='/home/runner/work/_temp/e58aca68-c589-40f5-96cc-c383f073a6fc' before making global git config changes
compatibility (3.11, bb8b3e8d32c7cbd49629d337758f30bfdf805045)	Post Run actions/checkout@11d5960a326750d5838078e36cf38b85af677262	2026-09-19T22:54:21.5880296Z Adding repository directory to the temporary git global config as a safe directory
compatibility (3.11, bb8b3e8d32c7cbd49629d337758f30bfdf805045)	Post Run actions/checkout@11d5960a326750d5838078e36cf38b85af677262	2026-09-19T22:54:21.5883492Z [command]/usr/bin/git config --global --add safe.directory /home/runner/work/scenarios/scenarios/_deps/engine
compatibility (3.11, bb8b3e8d32c7cbd49629d337758f30bfdf805045)	Post Run actions/checkout@11d5960a326750d5838078e36cf38b85af677262	2026-09-19T22:54:21.5912905Z [command]/usr/bin/git config --local --name-only --get-regexp core\.sshCommand
compatibility (3.11, bb8b3e8d32c7cbd49629d337758f30bfdf805045)	Post Run actions/checkout@11d5960a326750d5838078e36cf38b85af677262	2026-09-19T22:54:21.5937605Z [command]/usr/bin/git submodule foreach --recursive sh -c "git config --local --name-only --get-regexp 'core\.sshCommand' && git config --local --unset-all 'core.sshCommand' || :"
compatibility (3.11, bb8b3e8d32c7cbd49629d337758f30bfdf805045)	Post Run actions/checkout@11d5960a326750d5838078e36cf38b85af677262	2026-09-19T22:54:21.6102061Z [command]/usr/bin/git config --local --name-only --get-regexp http\.https\:\/\/github\.com\/\.extraheader
compatibility (3.11, bb8b3e8d32c7cbd49629d337758f30bfdf805045)	Post Run actions/checkout@11d5960a326750d5838078e36cf38b85af677262	2026-09-19T22:54:21.6125682Z [command]/usr/bin/git submodule foreach --recursive sh -c "git config --local --name-only --get-regexp 'http\.https\:\/\/github\.com\/\.extraheader' && git config --local --unset-all 'http.https://github.com/.extraheader' || :"
compatibility (3.11, bb8b3e8d32c7cbd49629d337758f30bfdf805045)	Post Run actions/checkout@11d5960a326750d5838078e36cf38b85af677262	2026-09-19T22:54:21.6282140Z [command]/usr/bin/git config --local --name-only --get-regexp ^includeIf\.gitdir:
compatibility (3.11, bb8b3e8d32c7cbd49629d337758f30bfdf805045)	Post Run actions/checkout@11d5960a326750d5838078e36cf38b85af677262	2026-09-19T22:54:21.6306230Z [command]/usr/bin/git submodule foreach --recursive git config --local --show-origin --name-only --get-regexp remote.origin.url
compatibility (3.11, bb8b3e8d32c7cbd49629d337758f30bfdf805045)	Post Run actions/checkout@11d5960a326750d5838078e36cf38b85af677262	﻿2026-09-19T22:54:21.6593679Z Node 20 is being deprecated. This workflow is running with Node 24 by default. If you need to temporarily use Node 20, you can set the ACTIONS_ALLOW_USE_UNSECURE_NODE_VERSION=true environment variable. For more information see: https://github.blog/changelog/2025-09-19-deprecation-of-node-20-on-github-actions-runners/
compatibility (3.11, bb8b3e8d32c7cbd49629d337758f30bfdf805045)	Post Run actions/checkout@11d5960a326750d5838078e36cf38b85af677262	2026-09-19T22:54:21.6594688Z Post job cleanup.
compatibility (3.11, bb8b3e8d32c7cbd49629d337758f30bfdf805045)	Post Run actions/checkout@11d5960a326750d5838078e36cf38b85af677262	2026-09-19T22:54:21.7266179Z [command]/usr/bin/git version
compatibility (3.11, bb8b3e8d32c7cbd49629d337758f30bfdf805045)	Post Run actions/checkout@11d5960a326750d5838078e36cf38b85af677262	2026-09-19T22:54:21.7293138Z git version 2.55.0
compatibility (3.11, bb8b3e8d32c7cbd49629d337758f30bfdf805045)	Post Run actions/checkout@11d5960a326750d5838078e36cf38b85af677262	2026-09-19T22:54:21.7323200Z Temporarily overriding HOME='/home/runner/work/_temp/f8cfe922-0679-4ba6-ab80-f1ab86732040' before making global git config changes
compatibility (3.11, bb8b3e8d32c7cbd49629d337758f30bfdf805045)	Post Run actions/checkout@11d5960a326750d5838078e36cf38b85af677262	2026-09-19T22:54:21.7323808Z Adding repository directory to the temporary git global config as a safe directory
compatibility (3.11, bb8b3e8d32c7cbd49629d337758f30bfdf805045)	Post Run actions/checkout@11d5960a326750d5838078e36cf38b85af677262	2026-09-19T22:54:21.7346254Z [command]/usr/bin/git config --global --add safe.directory /home/runner/work/scenarios/scenarios
compatibility (3.11, bb8b3e8d32c7cbd49629d337758f30bfdf805045)	Post Run actions/checkout@11d5960a326750d5838078e36cf38b85af677262	2026-09-19T22:54:21.7367113Z [command]/usr/bin/git config --local --name-only --get-regexp core\.sshCommand
compatibility (3.11, bb8b3e8d32c7cbd49629d337758f30bfdf805045)	Post Run actions/checkout@11d5960a326750d5838078e36cf38b85af677262	2026-09-19T22:54:21.7405181Z [command]/usr/bin/git submodule foreach --recursive sh -c "git config --local --name-only --get-regexp 'core\.sshCommand' && git config --local --unset-all 'core.sshCommand' || :"
compatibility (3.11, bb8b3e8d32c7cbd49629d337758f30bfdf805045)	Post Run actions/checkout@11d5960a326750d5838078e36cf38b85af677262	2026-09-19T22:54:21.7621762Z [command]/usr/bin/git config --local --name-only --get-regexp http\.https\:\/\/github\.com\/\.extraheader
compatibility (3.11, bb8b3e8d32c7cbd49629d337758f30bfdf805045)	Post Run actions/checkout@11d5960a326750d5838078e36cf38b85af677262	2026-09-19T22:54:21.7648842Z [command]/usr/bin/git submodule foreach --recursive sh -c "git config --local --name-only --get-regexp 'http\.https\:\/\/github\.com\/\.extraheader' && git config --local --unset-all 'http.https://github.com/.extraheader' || :"
compatibility (3.11, bb8b3e8d32c7cbd49629d337758f30bfdf805045)	Post Run actions/checkout@11d5960a326750d5838078e36cf38b85af677262	2026-09-19T22:54:21.7853023Z [command]/usr/bin/git config --local --name-only --get-regexp ^includeIf\.gitdir:
compatibility (3.11, bb8b3e8d32c7cbd49629d337758f30bfdf805045)	Post Run actions/checkout@11d5960a326750d5838078e36cf38b85af677262	2026-09-19T22:54:21.7882355Z [command]/usr/bin/git submodule foreach --recursive git config --local --show-origin --name-only --get-regexp remote.origin.url
compatibility (3.11, bb8b3e8d32c7cbd49629d337758f30bfdf805045)	Complete job	﻿2026-09-19T22:54:21.8180970Z Cleaning up orphan processes
compatibility (3.11, bb8b3e8d32c7cbd49629d337758f30bfdf805045)	Complete job	2026-09-19T22:54:21.8352706Z ##[warning]Node.js 20 is deprecated. The following actions target Node.js 20 but are being forced to run on Node.js 24: actions/checkout@11d5960a326750d5838078e36cf38b85af677262, actions/setup-python@a26af69be951a213d495a4c3e4e4022e16d87065. For more information see: https://github.blog/changelog/2025-09-19-deprecation-of-node-20-on-github-actions-runners/
validate	Set up job	﻿2026-09-19T22:54:13.9765430Z Current runner version: '2.337.0'
validate	Set up job	2026-09-19T22:54:13.9793423Z ##[group]Runner Image Provisioner
validate	Set up job	2026-09-19T22:54:13.9794409Z Hosted Compute Agent
validate	Set up job	2026-09-19T22:54:13.9795034Z Version: 20260828.587
validate	Set up job	2026-09-19T22:54:13.9795730Z Commit: abac92662cab4cc7352de4f9f9d2e2419aad9c29
validate	Set up job	2026-09-19T22:54:13.9796531Z Build Date: 2026-08-28T16:44:25Z
validate	Set up job	2026-09-19T22:54:13.9797261Z Worker ID: {d706ea7f-b68b-4e6f-b877-fc58db89d7b5}
validate	Set up job	2026-09-19T22:54:13.9797996Z Azure Region: eastus
validate	Set up job	2026-09-19T22:54:13.9799025Z ##[endgroup]
validate	Set up job	2026-09-19T22:54:13.9800547Z ##[group]Operating System
validate	Set up job	2026-09-19T22:54:13.9801225Z Ubuntu
validate	Set up job	2026-09-19T22:54:13.9801844Z 24.04.5
validate	Set up job	2026-09-19T22:54:13.9802415Z LTS
validate	Set up job	2026-09-19T22:54:13.9802968Z ##[endgroup]
validate	Set up job	2026-09-19T22:54:13.9803571Z ##[group]Runner Image
validate	Set up job	2026-09-19T22:54:13.9804226Z Image: ubuntu-24.04
validate	Set up job	2026-09-19T22:54:13.9804821Z Version: 20260907.300.1
validate	Set up job	2026-09-19T22:54:13.9805905Z Included Software: https://github.com/actions/runner-images/blob/ubuntu24/20260907.300/images/ubuntu/Ubuntu2404-Readme.md
validate	Set up job	2026-09-19T22:54:13.9807704Z Image Release: https://github.com/actions/runner-images/releases/tag/ubuntu24%2F20260907.300
validate	Set up job	2026-09-19T22:54:13.9808901Z ##[endgroup]
validate	Set up job	2026-09-19T22:54:13.9810085Z ##[group]GITHUB_TOKEN Permissions
validate	Set up job	2026-09-19T22:54:13.9812269Z Contents: read
validate	Set up job	2026-09-19T22:54:13.9812978Z Metadata: read
validate	Set up job	2026-09-19T22:54:13.9813566Z ##[endgroup]
validate	Set up job	2026-09-19T22:54:13.9815622Z Secret source: Actions
validate	Set up job	2026-09-19T22:54:13.9816736Z Cache mode: write
validate	Set up job	2026-09-19T22:54:13.9817414Z Prepare workflow directory
validate	Set up job	2026-09-19T22:54:14.0144266Z Prepare all required actions
validate	Set up job	2026-09-19T22:54:14.0192015Z Getting action download info
validate	Set up job	2026-09-19T22:54:14.3028604Z Download action repository 'actions/checkout@11d5960a326750d5838078e36cf38b85af677262' (SHA:11d5960a326750d5838078e36cf38b85af677262)
validate	Set up job	2026-09-19T22:54:14.4190685Z Download action repository 'actions/setup-python@a26af69be951a213d495a4c3e4e4022e16d87065' (SHA:a26af69be951a213d495a4c3e4e4022e16d87065)
validate	Set up job	2026-09-19T22:54:14.6241908Z Complete job name: validate
validate	Run actions/checkout@11d5960a326750d5838078e36cf38b85af677262	﻿2026-09-19T22:54:14.7035086Z Node 20 is being deprecated. This workflow is running with Node 24 by default. If you need to temporarily use Node 20, you can set the ACTIONS_ALLOW_USE_UNSECURE_NODE_VERSION=true environment variable. For more information see: https://github.blog/changelog/2025-09-19-deprecation-of-node-20-on-github-actions-runners/
validate	Run actions/checkout@11d5960a326750d5838078e36cf38b85af677262	2026-09-19T22:54:14.7044007Z ##[group]Run actions/checkout@11d5960a326750d5838078e36cf38b85af677262
validate	Run actions/checkout@11d5960a326750d5838078e36cf38b85af677262	2026-09-19T22:54:14.7044943Z with:
validate	Run actions/checkout@11d5960a326750d5838078e36cf38b85af677262	2026-09-19T22:54:14.7045389Z   persist-credentials: false
validate	Run actions/checkout@11d5960a326750d5838078e36cf38b85af677262	2026-09-19T22:54:14.7045922Z   repository: entrotter/scenarios
validate	Run actions/checkout@11d5960a326750d5838078e36cf38b85af677262	2026-09-19T22:54:14.7049898Z   token: ***
validate	Run actions/checkout@11d5960a326750d5838078e36cf38b85af677262	2026-09-19T22:54:14.7050341Z   ssh-strict: true
validate	Run actions/checkout@11d5960a326750d5838078e36cf38b85af677262	2026-09-19T22:54:14.7050783Z   ssh-user: git
validate	Run actions/checkout@11d5960a326750d5838078e36cf38b85af677262	2026-09-19T22:54:14.7051208Z   clean: true
validate	Run actions/checkout@11d5960a326750d5838078e36cf38b85af677262	2026-09-19T22:54:14.7051679Z   sparse-checkout-cone-mode: true
validate	Run actions/checkout@11d5960a326750d5838078e36cf38b85af677262	2026-09-19T22:54:14.7052201Z   fetch-depth: 1
validate	Run actions/checkout@11d5960a326750d5838078e36cf38b85af677262	2026-09-19T22:54:14.7052637Z   fetch-tags: false
validate	Run actions/checkout@11d5960a326750d5838078e36cf38b85af677262	2026-09-19T22:54:14.7053076Z   show-progress: true
validate	Run actions/checkout@11d5960a326750d5838078e36cf38b85af677262	2026-09-19T22:54:14.7053530Z   lfs: false
validate	Run actions/checkout@11d5960a326750d5838078e36cf38b85af677262	2026-09-19T22:54:14.7053996Z   submodules: false
validate	Run actions/checkout@11d5960a326750d5838078e36cf38b85af677262	2026-09-19T22:54:14.7054442Z   set-safe-directory: true
validate	Run actions/checkout@11d5960a326750d5838078e36cf38b85af677262	2026-09-19T22:54:14.7054949Z   allow-unsafe-pr-checkout: false
validate	Run actions/checkout@11d5960a326750d5838078e36cf38b85af677262	2026-09-19T22:54:14.7055720Z ##[endgroup]
validate	Run actions/checkout@11d5960a326750d5838078e36cf38b85af677262	2026-09-19T22:54:14.8086336Z Syncing repository: entrotter/scenarios
validate	Run actions/checkout@11d5960a326750d5838078e36cf38b85af677262	2026-09-19T22:54:14.8089354Z ##[group]Getting Git version info
validate	Run actions/checkout@11d5960a326750d5838078e36cf38b85af677262	2026-09-19T22:54:14.8090550Z Working directory is '/home/runner/work/scenarios/scenarios'
validate	Run actions/checkout@11d5960a326750d5838078e36cf38b85af677262	2026-09-19T22:54:14.8092261Z [command]/usr/bin/git version
validate	Run actions/checkout@11d5960a326750d5838078e36cf38b85af677262	2026-09-19T22:54:14.8143990Z git version 2.55.0
validate	Run actions/checkout@11d5960a326750d5838078e36cf38b85af677262	2026-09-19T22:54:14.8166201Z ##[endgroup]
validate	Run actions/checkout@11d5960a326750d5838078e36cf38b85af677262	2026-09-19T22:54:14.8184355Z Temporarily overriding HOME='/home/runner/work/_temp/009143bc-188d-4215-bca6-27dafa0aee4b' before making global git config changes
validate	Run actions/checkout@11d5960a326750d5838078e36cf38b85af677262	2026-09-19T22:54:14.8186554Z Adding repository directory to the temporary git global config as a safe directory
validate	Run actions/checkout@11d5960a326750d5838078e36cf38b85af677262	2026-09-19T22:54:14.8190617Z [command]/usr/bin/git config --global --add safe.directory /home/runner/work/scenarios/scenarios
validate	Run actions/checkout@11d5960a326750d5838078e36cf38b85af677262	2026-09-19T22:54:14.8245994Z Deleting the contents of '/home/runner/work/scenarios/scenarios'
validate	Run actions/checkout@11d5960a326750d5838078e36cf38b85af677262	2026-09-19T22:54:14.8257591Z ##[group]Initializing the repository
validate	Run actions/checkout@11d5960a326750d5838078e36cf38b85af677262	2026-09-19T22:54:14.8268107Z [command]/usr/bin/git init /home/runner/work/scenarios/scenarios
validate	Run actions/checkout@11d5960a326750d5838078e36cf38b85af677262	2026-09-19T22:54:14.8381669Z hint: Using 'master' as the name for the initial branch. This default branch name
validate	Run actions/checkout@11d5960a326750d5838078e36cf38b85af677262	2026-09-19T22:54:14.8384192Z hint: will change to "main" in Git 3.0. To configure the initial branch name
validate	Run actions/checkout@11d5960a326750d5838078e36cf38b85af677262	2026-09-19T22:54:14.8386466Z hint: to use in all of your new repositories, which will suppress this warning,
validate	Run actions/checkout@11d5960a326750d5838078e36cf38b85af677262	2026-09-19T22:54:14.8388618Z hint: call:
validate	Run actions/checkout@11d5960a326750d5838078e36cf38b85af677262	2026-09-19T22:54:14.8389591Z hint:
validate	Run actions/checkout@11d5960a326750d5838078e36cf38b85af677262	2026-09-19T22:54:14.8390714Z hint: 	git config --global init.defaultBranch <name>
validate	Run actions/checkout@11d5960a326750d5838078e36cf38b85af677262	2026-09-19T22:54:14.8391538Z hint:
validate	Run actions/checkout@11d5960a326750d5838078e36cf38b85af677262	2026-09-19T22:54:14.8392282Z hint: Names commonly chosen instead of 'master' are 'main', 'trunk' and
validate	Run actions/checkout@11d5960a326750d5838078e36cf38b85af677262	2026-09-19T22:54:14.8393371Z hint: 'development'. The just-created branch can be renamed via this command:
validate	Run actions/checkout@11d5960a326750d5838078e36cf38b85af677262	2026-09-19T22:54:14.8394254Z hint:
validate	Run actions/checkout@11d5960a326750d5838078e36cf38b85af677262	2026-09-19T22:54:14.8394826Z hint: 	git branch -m <name>
validate	Run actions/checkout@11d5960a326750d5838078e36cf38b85af677262	2026-09-19T22:54:14.8395590Z hint:
validate	Run actions/checkout@11d5960a326750d5838078e36cf38b85af677262	2026-09-19T22:54:14.8396552Z hint: Disable this message with "git config set advice.defaultBranchName false"
validate	Run actions/checkout@11d5960a326750d5838078e36cf38b85af677262	2026-09-19T22:54:14.8397996Z Initialized empty Git repository in /home/runner/work/scenarios/scenarios/.git/
validate	Run actions/checkout@11d5960a326750d5838078e36cf38b85af677262	2026-09-19T22:54:14.8400689Z [command]/usr/bin/git remote add origin https://github.com/entrotter/scenarios
validate	Run actions/checkout@11d5960a326750d5838078e36cf38b85af677262	2026-09-19T22:54:14.8451879Z ##[endgroup]
validate	Run actions/checkout@11d5960a326750d5838078e36cf38b85af677262	2026-09-19T22:54:14.8453395Z ##[group]Disabling automatic garbage collection
validate	Run actions/checkout@11d5960a326750d5838078e36cf38b85af677262	2026-09-19T22:54:14.8454736Z [command]/usr/bin/git config --local gc.auto 0
validate	Run actions/checkout@11d5960a326750d5838078e36cf38b85af677262	2026-09-19T22:54:14.8486995Z ##[endgroup]
validate	Run actions/checkout@11d5960a326750d5838078e36cf38b85af677262	2026-09-19T22:54:14.8487743Z ##[group]Setting up auth
validate	Run actions/checkout@11d5960a326750d5838078e36cf38b85af677262	2026-09-19T22:54:14.8495842Z [command]/usr/bin/git config --local --name-only --get-regexp core\.sshCommand
validate	Run actions/checkout@11d5960a326750d5838078e36cf38b85af677262	2026-09-19T22:54:14.8533981Z [command]/usr/bin/git submodule foreach --recursive sh -c "git config --local --name-only --get-regexp 'core\.sshCommand' && git config --local --unset-all 'core.sshCommand' || :"
validate	Run actions/checkout@11d5960a326750d5838078e36cf38b85af677262	2026-09-19T22:54:14.8906488Z [command]/usr/bin/git config --local --name-only --get-regexp http\.https\:\/\/github\.com\/\.extraheader
validate	Run actions/checkout@11d5960a326750d5838078e36cf38b85af677262	2026-09-19T22:54:14.8945121Z [command]/usr/bin/git submodule foreach --recursive sh -c "git config --local --name-only --get-regexp 'http\.https\:\/\/github\.com\/\.extraheader' && git config --local --unset-all 'http.https://github.com/.extraheader' || :"
validate	Run actions/checkout@11d5960a326750d5838078e36cf38b85af677262	2026-09-19T22:54:14.9192664Z [command]/usr/bin/git config --local --name-only --get-regexp ^includeIf\.gitdir:
validate	Run actions/checkout@11d5960a326750d5838078e36cf38b85af677262	2026-09-19T22:54:14.9231728Z [command]/usr/bin/git submodule foreach --recursive git config --local --show-origin --name-only --get-regexp remote.origin.url
validate	Run actions/checkout@11d5960a326750d5838078e36cf38b85af677262	2026-09-19T22:54:14.9473022Z [command]/usr/bin/git config --local http.https://github.com/.extraheader AUTHORIZATION: basic ***
validate	Run actions/checkout@11d5960a326750d5838078e36cf38b85af677262	2026-09-19T22:54:14.9519071Z ##[endgroup]
validate	Run actions/checkout@11d5960a326750d5838078e36cf38b85af677262	2026-09-19T22:54:14.9520544Z ##[group]Fetching the repository
validate	Run actions/checkout@11d5960a326750d5838078e36cf38b85af677262	2026-09-19T22:54:14.9530249Z [command]/usr/bin/git -c protocol.version=2 fetch --no-tags --prune --no-recurse-submodules --depth=1 origin +63cf50e68d41db467c424d704c649efb9bd6211b:refs/remotes/pull/8/merge
validate	Run actions/checkout@11d5960a326750d5838078e36cf38b85af677262	2026-09-19T22:54:15.2004732Z From https://github.com/entrotter/scenarios
validate	Run actions/checkout@11d5960a326750d5838078e36cf38b85af677262	2026-09-19T22:54:15.2019134Z  * [new ref]         63cf50e68d41db467c424d704c649efb9bd6211b -> pull/8/merge
validate	Run actions/checkout@11d5960a326750d5838078e36cf38b85af677262	2026-09-19T22:54:15.2021162Z ##[endgroup]
validate	Run actions/checkout@11d5960a326750d5838078e36cf38b85af677262	2026-09-19T22:54:15.2021929Z ##[group]Determining the checkout info
validate	Run actions/checkout@11d5960a326750d5838078e36cf38b85af677262	2026-09-19T22:54:15.2022775Z ##[endgroup]
validate	Run actions/checkout@11d5960a326750d5838078e36cf38b85af677262	2026-09-19T22:54:15.2023248Z [command]/usr/bin/git sparse-checkout disable
validate	Run actions/checkout@11d5960a326750d5838078e36cf38b85af677262	2026-09-19T22:54:15.2080134Z [command]/usr/bin/git config --local --unset-all extensions.worktreeConfig
validate	Run actions/checkout@11d5960a326750d5838078e36cf38b85af677262	2026-09-19T22:54:15.2112487Z ##[group]Checking out the ref
validate	Run actions/checkout@11d5960a326750d5838078e36cf38b85af677262	2026-09-19T22:54:15.2184741Z [command]/usr/bin/git checkout --progress --force refs/remotes/pull/8/merge
validate	Run actions/checkout@11d5960a326750d5838078e36cf38b85af677262	2026-09-19T22:54:15.2195221Z Note: switching to 'refs/remotes/pull/8/merge'.
validate	Run actions/checkout@11d5960a326750d5838078e36cf38b85af677262	2026-09-19T22:54:15.2195799Z
validate	Run actions/checkout@11d5960a326750d5838078e36cf38b85af677262	2026-09-19T22:54:15.2196268Z You are in 'detached HEAD' state. You can look around, make experimental
validate	Run actions/checkout@11d5960a326750d5838078e36cf38b85af677262	2026-09-19T22:54:15.2197886Z changes and commit them, and you can discard any commits you make in this
validate	Run actions/checkout@11d5960a326750d5838078e36cf38b85af677262	2026-09-19T22:54:15.2200416Z state without impacting any branches by switching back to a branch.
validate	Run actions/checkout@11d5960a326750d5838078e36cf38b85af677262	2026-09-19T22:54:15.2201348Z
validate	Run actions/checkout@11d5960a326750d5838078e36cf38b85af677262	2026-09-19T22:54:15.2201947Z If you want to create a new branch to retain commits you create, you may
validate	Run actions/checkout@11d5960a326750d5838078e36cf38b85af677262	2026-09-19T22:54:15.2203409Z do so (now or later) by using -c with the switch command. Example:
validate	Run actions/checkout@11d5960a326750d5838078e36cf38b85af677262	2026-09-19T22:54:15.2204021Z
validate	Run actions/checkout@11d5960a326750d5838078e36cf38b85af677262	2026-09-19T22:54:15.2204271Z   git switch -c <new-branch-name>
validate	Run actions/checkout@11d5960a326750d5838078e36cf38b85af677262	2026-09-19T22:54:15.2204619Z
validate	Run actions/checkout@11d5960a326750d5838078e36cf38b85af677262	2026-09-19T22:54:15.2204847Z Or undo this operation with:
validate	Run actions/checkout@11d5960a326750d5838078e36cf38b85af677262	2026-09-19T22:54:15.2205169Z
validate	Run actions/checkout@11d5960a326750d5838078e36cf38b85af677262	2026-09-19T22:54:15.2205376Z   git switch -
validate	Run actions/checkout@11d5960a326750d5838078e36cf38b85af677262	2026-09-19T22:54:15.2205813Z
validate	Run actions/checkout@11d5960a326750d5838078e36cf38b85af677262	2026-09-19T22:54:15.2206427Z Turn off this advice by setting config variable advice.detachedHead to false
validate	Run actions/checkout@11d5960a326750d5838078e36cf38b85af677262	2026-09-19T22:54:15.2207013Z
validate	Run actions/checkout@11d5960a326750d5838078e36cf38b85af677262	2026-09-19T22:54:15.2207687Z HEAD is now at 63cf50e Merge 3a78ecca24334ae87119a5a0b64c84ba6dd71de1 into 64d9c1908a1c157ad6c410a988fcef04178067dc
validate	Run actions/checkout@11d5960a326750d5838078e36cf38b85af677262	2026-09-19T22:54:15.2209894Z ##[endgroup]
validate	Run actions/checkout@11d5960a326750d5838078e36cf38b85af677262	2026-09-19T22:54:15.2250753Z [command]/usr/bin/git log -1 --format=%H
validate	Run actions/checkout@11d5960a326750d5838078e36cf38b85af677262	2026-09-19T22:54:15.2278008Z 63cf50e68d41db467c424d704c649efb9bd6211b
validate	Run actions/checkout@11d5960a326750d5838078e36cf38b85af677262	2026-09-19T22:54:15.2289714Z ##[group]Removing auth
validate	Run actions/checkout@11d5960a326750d5838078e36cf38b85af677262	2026-09-19T22:54:15.2291374Z [command]/usr/bin/git config --local --name-only --get-regexp core\.sshCommand
validate	Run actions/checkout@11d5960a326750d5838078e36cf38b85af677262	2026-09-19T22:54:15.2324798Z [command]/usr/bin/git submodule foreach --recursive sh -c "git config --local --name-only --get-regexp 'core\.sshCommand' && git config --local --unset-all 'core.sshCommand' || :"
validate	Run actions/checkout@11d5960a326750d5838078e36cf38b85af677262	2026-09-19T22:54:15.2546151Z [command]/usr/bin/git config --local --name-only --get-regexp http\.https\:\/\/github\.com\/\.extraheader
validate	Run actions/checkout@11d5960a326750d5838078e36cf38b85af677262	2026-09-19T22:54:15.2574057Z http.https://github.com/.extraheader
validate	Run actions/checkout@11d5960a326750d5838078e36cf38b85af677262	2026-09-19T22:54:15.2581769Z [command]/usr/bin/git config --local --unset-all http.https://github.com/.extraheader
validate	Run actions/checkout@11d5960a326750d5838078e36cf38b85af677262	2026-09-19T22:54:15.2615557Z [command]/usr/bin/git submodule foreach --recursive sh -c "git config --local --name-only --get-regexp 'http\.https\:\/\/github\.com\/\.extraheader' && git config --local --unset-all 'http.https://github.com/.extraheader' || :"
validate	Run actions/checkout@11d5960a326750d5838078e36cf38b85af677262	2026-09-19T22:54:15.2834996Z [command]/usr/bin/git config --local --name-only --get-regexp ^includeIf\.gitdir:
validate	Run actions/checkout@11d5960a326750d5838078e36cf38b85af677262	2026-09-19T22:54:15.2870106Z [command]/usr/bin/git submodule foreach --recursive git config --local --show-origin --name-only --get-regexp remote.origin.url
validate	Run actions/checkout@11d5960a326750d5838078e36cf38b85af677262	2026-09-19T22:54:15.3087223Z ##[endgroup]
validate	Run actions/checkout@11d5960a326750d5838078e36cf38b85af677262	﻿2026-09-19T22:54:15.3363466Z Node 20 is being deprecated. This workflow is running with Node 24 by default. If you need to temporarily use Node 20, you can set the ACTIONS_ALLOW_USE_UNSECURE_NODE_VERSION=true environment variable. For more information see: https://github.blog/changelog/2025-09-19-deprecation-of-node-20-on-github-actions-runners/
validate	Run actions/checkout@11d5960a326750d5838078e36cf38b85af677262	2026-09-19T22:54:15.3366272Z ##[group]Run actions/checkout@11d5960a326750d5838078e36cf38b85af677262
validate	Run actions/checkout@11d5960a326750d5838078e36cf38b85af677262	2026-09-19T22:54:15.3366958Z with:
validate	Run actions/checkout@11d5960a326750d5838078e36cf38b85af677262	2026-09-19T22:54:15.3367375Z   repository: entrotter/engine
validate	Run actions/checkout@11d5960a326750d5838078e36cf38b85af677262	2026-09-19T22:54:15.3367915Z   ref: 6a3e03341eccd44fcd04a990db21cc5509e0c84d
validate	Run actions/checkout@11d5960a326750d5838078e36cf38b85af677262	2026-09-19T22:54:15.3368706Z   path: _deps/engine
validate	Run actions/checkout@11d5960a326750d5838078e36cf38b85af677262	2026-09-19T22:54:15.3369173Z   persist-credentials: false
validate	Run actions/checkout@11d5960a326750d5838078e36cf38b85af677262	2026-09-19T22:54:15.3372851Z   token: ***
validate	Run actions/checkout@11d5960a326750d5838078e36cf38b85af677262	2026-09-19T22:54:15.3373299Z   ssh-strict: true
validate	Run actions/checkout@11d5960a326750d5838078e36cf38b85af677262	2026-09-19T22:54:15.3373729Z   ssh-user: git
validate	Run actions/checkout@11d5960a326750d5838078e36cf38b85af677262	2026-09-19T22:54:15.3374147Z   clean: true
validate	Run actions/checkout@11d5960a326750d5838078e36cf38b85af677262	2026-09-19T22:54:15.3374589Z   sparse-checkout-cone-mode: true
validate	Run actions/checkout@11d5960a326750d5838078e36cf38b85af677262	2026-09-19T22:54:15.3375098Z   fetch-depth: 1
validate	Run actions/checkout@11d5960a326750d5838078e36cf38b85af677262	2026-09-19T22:54:15.3375524Z   fetch-tags: false
validate	Run actions/checkout@11d5960a326750d5838078e36cf38b85af677262	2026-09-19T22:54:15.3376023Z   show-progress: true
validate	Run actions/checkout@11d5960a326750d5838078e36cf38b85af677262	2026-09-19T22:54:15.3376467Z   lfs: false
validate	Run actions/checkout@11d5960a326750d5838078e36cf38b85af677262	2026-09-19T22:54:15.3376879Z   submodules: false
validate	Run actions/checkout@11d5960a326750d5838078e36cf38b85af677262	2026-09-19T22:54:15.3377323Z   set-safe-directory: true
validate	Run actions/checkout@11d5960a326750d5838078e36cf38b85af677262	2026-09-19T22:54:15.3377826Z   allow-unsafe-pr-checkout: false
validate	Run actions/checkout@11d5960a326750d5838078e36cf38b85af677262	2026-09-19T22:54:15.3378503Z ##[endgroup]
validate	Run actions/checkout@11d5960a326750d5838078e36cf38b85af677262	2026-09-19T22:54:15.4298770Z Syncing repository: entrotter/engine
validate	Run actions/checkout@11d5960a326750d5838078e36cf38b85af677262	2026-09-19T22:54:15.4310929Z ##[group]Getting Git version info
validate	Run actions/checkout@11d5960a326750d5838078e36cf38b85af677262	2026-09-19T22:54:15.4326351Z Working directory is '/home/runner/work/scenarios/scenarios/_deps/engine'
validate	Run actions/checkout@11d5960a326750d5838078e36cf38b85af677262	2026-09-19T22:54:15.4356912Z [command]/usr/bin/git version
validate	Run actions/checkout@11d5960a326750d5838078e36cf38b85af677262	2026-09-19T22:54:15.4406094Z git version 2.55.0
validate	Run actions/checkout@11d5960a326750d5838078e36cf38b85af677262	2026-09-19T22:54:15.4429095Z ##[endgroup]
validate	Run actions/checkout@11d5960a326750d5838078e36cf38b85af677262	2026-09-19T22:54:15.4442620Z Temporarily overriding HOME='/home/runner/work/_temp/f273b512-6f9e-45c0-a405-bb49f5a0be9d' before making global git config changes
validate	Run actions/checkout@11d5960a326750d5838078e36cf38b85af677262	2026-09-19T22:54:15.4445336Z Adding repository directory to the temporary git global config as a safe directory
validate	Run actions/checkout@11d5960a326750d5838078e36cf38b85af677262	2026-09-19T22:54:15.4447447Z [command]/usr/bin/git config --global --add safe.directory /home/runner/work/scenarios/scenarios/_deps/engine
validate	Run actions/checkout@11d5960a326750d5838078e36cf38b85af677262	2026-09-19T22:54:15.4485921Z ##[group]Initializing the repository
validate	Run actions/checkout@11d5960a326750d5838078e36cf38b85af677262	2026-09-19T22:54:15.4491540Z [command]/usr/bin/git init /home/runner/work/scenarios/scenarios/_deps/engine
validate	Run actions/checkout@11d5960a326750d5838078e36cf38b85af677262	2026-09-19T22:54:15.4534618Z hint: Using 'master' as the name for the initial branch. This default branch name
validate	Run actions/checkout@11d5960a326750d5838078e36cf38b85af677262	2026-09-19T22:54:15.4554461Z hint: will change to "main" in Git 3.0. To configure the initial branch name
validate	Run actions/checkout@11d5960a326750d5838078e36cf38b85af677262	2026-09-19T22:54:15.4556344Z hint: to use in all of your new repositories, which will suppress this warning,
validate	Run actions/checkout@11d5960a326750d5838078e36cf38b85af677262	2026-09-19T22:54:15.4557779Z hint: call:
validate	Run actions/checkout@11d5960a326750d5838078e36cf38b85af677262	2026-09-19T22:54:15.4558945Z hint:
validate	Run actions/checkout@11d5960a326750d5838078e36cf38b85af677262	2026-09-19T22:54:15.4559920Z hint: 	git config --global init.defaultBranch <name>
validate	Run actions/checkout@11d5960a326750d5838078e36cf38b85af677262	2026-09-19T22:54:15.4561142Z hint:
validate	Run actions/checkout@11d5960a326750d5838078e36cf38b85af677262	2026-09-19T22:54:15.4562164Z hint: Names commonly chosen instead of 'master' are 'main', 'trunk' and
validate	Run actions/checkout@11d5960a326750d5838078e36cf38b85af677262	2026-09-19T22:54:15.4563783Z hint: 'development'. The just-created branch can be renamed via this command:
validate	Run actions/checkout@11d5960a326750d5838078e36cf38b85af677262	2026-09-19T22:54:15.4565055Z hint:
validate	Run actions/checkout@11d5960a326750d5838078e36cf38b85af677262	2026-09-19T22:54:15.4565769Z hint: 	git branch -m <name>
validate	Run actions/checkout@11d5960a326750d5838078e36cf38b85af677262	2026-09-19T22:54:15.4566591Z hint:
validate	Run actions/checkout@11d5960a326750d5838078e36cf38b85af677262	2026-09-19T22:54:15.4567670Z hint: Disable this message with "git config set advice.defaultBranchName false"
validate	Run actions/checkout@11d5960a326750d5838078e36cf38b85af677262	2026-09-19T22:54:15.4569858Z Initialized empty Git repository in /home/runner/work/scenarios/scenarios/_deps/engine/.git/
validate	Run actions/checkout@11d5960a326750d5838078e36cf38b85af677262	2026-09-19T22:54:15.4572871Z [command]/usr/bin/git remote add origin https://github.com/entrotter/engine
validate	Run actions/checkout@11d5960a326750d5838078e36cf38b85af677262	2026-09-19T22:54:15.4585496Z ##[endgroup]
validate	Run actions/checkout@11d5960a326750d5838078e36cf38b85af677262	2026-09-19T22:54:15.4586571Z ##[group]Disabling automatic garbage collection
validate	Run actions/checkout@11d5960a326750d5838078e36cf38b85af677262	2026-09-19T22:54:15.4590676Z [command]/usr/bin/git config --local gc.auto 0
validate	Run actions/checkout@11d5960a326750d5838078e36cf38b85af677262	2026-09-19T22:54:15.4626078Z ##[endgroup]
validate	Run actions/checkout@11d5960a326750d5838078e36cf38b85af677262	2026-09-19T22:54:15.4627170Z ##[group]Setting up auth
validate	Run actions/checkout@11d5960a326750d5838078e36cf38b85af677262	2026-09-19T22:54:15.4634497Z [command]/usr/bin/git config --local --name-only --get-regexp core\.sshCommand
validate	Run actions/checkout@11d5960a326750d5838078e36cf38b85af677262	2026-09-19T22:54:15.4671244Z [command]/usr/bin/git submodule foreach --recursive sh -c "git config --local --name-only --get-regexp 'core\.sshCommand' && git config --local --unset-all 'core.sshCommand' || :"
validate	Run actions/checkout@11d5960a326750d5838078e36cf38b85af677262	2026-09-19T22:54:15.4916618Z [command]/usr/bin/git config --local --name-only --get-regexp http\.https\:\/\/github\.com\/\.extraheader
validate	Run actions/checkout@11d5960a326750d5838078e36cf38b85af677262	2026-09-19T22:54:15.4950365Z [command]/usr/bin/git submodule foreach --recursive sh -c "git config --local --name-only --get-regexp 'http\.https\:\/\/github\.com\/\.extraheader' && git config --local --unset-all 'http.https://github.com/.extraheader' || :"
validate	Run actions/checkout@11d5960a326750d5838078e36cf38b85af677262	2026-09-19T22:54:15.5198550Z [command]/usr/bin/git config --local --name-only --get-regexp ^includeIf\.gitdir:
validate	Run actions/checkout@11d5960a326750d5838078e36cf38b85af677262	2026-09-19T22:54:15.5236522Z [command]/usr/bin/git submodule foreach --recursive git config --local --show-origin --name-only --get-regexp remote.origin.url
validate	Run actions/checkout@11d5960a326750d5838078e36cf38b85af677262	2026-09-19T22:54:15.5503727Z [command]/usr/bin/git config --local http.https://github.com/.extraheader AUTHORIZATION: basic ***
validate	Run actions/checkout@11d5960a326750d5838078e36cf38b85af677262	2026-09-19T22:54:15.5546755Z ##[endgroup]
validate	Run actions/checkout@11d5960a326750d5838078e36cf38b85af677262	2026-09-19T22:54:15.5548591Z ##[group]Fetching the repository
validate	Run actions/checkout@11d5960a326750d5838078e36cf38b85af677262	2026-09-19T22:54:15.5559114Z [command]/usr/bin/git -c protocol.version=2 fetch --no-tags --prune --no-recurse-submodules --depth=1 origin 6a3e03341eccd44fcd04a990db21cc5509e0c84d
validate	Run actions/checkout@11d5960a326750d5838078e36cf38b85af677262	2026-09-19T22:54:15.8601733Z From https://github.com/entrotter/engine
validate	Run actions/checkout@11d5960a326750d5838078e36cf38b85af677262	2026-09-19T22:54:15.8603887Z  * branch            6a3e03341eccd44fcd04a990db21cc5509e0c84d -> FETCH_HEAD
validate	Run actions/checkout@11d5960a326750d5838078e36cf38b85af677262	2026-09-19T22:54:15.8608487Z ##[endgroup]
validate	Run actions/checkout@11d5960a326750d5838078e36cf38b85af677262	2026-09-19T22:54:15.8610552Z ##[group]Determining the checkout info
validate	Run actions/checkout@11d5960a326750d5838078e36cf38b85af677262	2026-09-19T22:54:15.8612151Z ##[endgroup]
validate	Run actions/checkout@11d5960a326750d5838078e36cf38b85af677262	2026-09-19T22:54:15.8613399Z [command]/usr/bin/git sparse-checkout disable
validate	Run actions/checkout@11d5960a326750d5838078e36cf38b85af677262	2026-09-19T22:54:15.8661433Z [command]/usr/bin/git config --local --unset-all extensions.worktreeConfig
validate	Run actions/checkout@11d5960a326750d5838078e36cf38b85af677262	2026-09-19T22:54:15.8692681Z ##[group]Checking out the ref
validate	Run actions/checkout@11d5960a326750d5838078e36cf38b85af677262	2026-09-19T22:54:15.8695141Z [command]/usr/bin/git checkout --progress --force 6a3e03341eccd44fcd04a990db21cc5509e0c84d
validate	Run actions/checkout@11d5960a326750d5838078e36cf38b85af677262	2026-09-19T22:54:15.8752792Z Note: switching to '6a3e03341eccd44fcd04a990db21cc5509e0c84d'.
validate	Run actions/checkout@11d5960a326750d5838078e36cf38b85af677262	2026-09-19T22:54:15.8754845Z
validate	Run actions/checkout@11d5960a326750d5838078e36cf38b85af677262	2026-09-19T22:54:15.8756570Z You are in 'detached HEAD' state. You can look around, make experimental
validate	Run actions/checkout@11d5960a326750d5838078e36cf38b85af677262	2026-09-19T22:54:15.8759398Z changes and commit them, and you can discard any commits you make in this
validate	Run actions/checkout@11d5960a326750d5838078e36cf38b85af677262	2026-09-19T22:54:15.8761189Z state without impacting any branches by switching back to a branch.
validate	Run actions/checkout@11d5960a326750d5838078e36cf38b85af677262	2026-09-19T22:54:15.8762260Z
validate	Run actions/checkout@11d5960a326750d5838078e36cf38b85af677262	2026-09-19T22:54:15.8762958Z If you want to create a new branch to retain commits you create, you may
validate	Run actions/checkout@11d5960a326750d5838078e36cf38b85af677262	2026-09-19T22:54:15.8764531Z do so (now or later) by using -c with the switch command. Example:
validate	Run actions/checkout@11d5960a326750d5838078e36cf38b85af677262	2026-09-19T22:54:15.8765439Z
validate	Run actions/checkout@11d5960a326750d5838078e36cf38b85af677262	2026-09-19T22:54:15.8765822Z   git switch -c <new-branch-name>
validate	Run actions/checkout@11d5960a326750d5838078e36cf38b85af677262	2026-09-19T22:54:15.8766448Z
validate	Run actions/checkout@11d5960a326750d5838078e36cf38b85af677262	2026-09-19T22:54:15.8766847Z Or undo this operation with:
validate	Run actions/checkout@11d5960a326750d5838078e36cf38b85af677262	2026-09-19T22:54:15.8767503Z
validate	Run actions/checkout@11d5960a326750d5838078e36cf38b85af677262	2026-09-19T22:54:15.8767906Z   git switch -
validate	Run actions/checkout@11d5960a326750d5838078e36cf38b85af677262	2026-09-19T22:54:15.8768724Z
validate	Run actions/checkout@11d5960a326750d5838078e36cf38b85af677262	2026-09-19T22:54:15.8769649Z Turn off this advice by setting config variable advice.detachedHead to false
validate	Run actions/checkout@11d5960a326750d5838078e36cf38b85af677262	2026-09-19T22:54:15.8771204Z
validate	Run actions/checkout@11d5960a326750d5838078e36cf38b85af677262	2026-09-19T22:54:15.8772709Z HEAD is now at 6a3e033 feat: observe ERC-20 state and build bounded Uniswap actions (#7)
validate	Run actions/checkout@11d5960a326750d5838078e36cf38b85af677262	2026-09-19T22:54:15.8776810Z ##[endgroup]
validate	Run actions/checkout@11d5960a326750d5838078e36cf38b85af677262	2026-09-19T22:54:15.8812496Z [command]/usr/bin/git log -1 --format=%H
validate	Run actions/checkout@11d5960a326750d5838078e36cf38b85af677262	2026-09-19T22:54:15.8839497Z 6a3e03341eccd44fcd04a990db21cc5509e0c84d
validate	Run actions/checkout@11d5960a326750d5838078e36cf38b85af677262	2026-09-19T22:54:15.8848696Z ##[group]Removing auth
validate	Run actions/checkout@11d5960a326750d5838078e36cf38b85af677262	2026-09-19T22:54:15.8852370Z [command]/usr/bin/git config --local --name-only --get-regexp core\.sshCommand
validate	Run actions/checkout@11d5960a326750d5838078e36cf38b85af677262	2026-09-19T22:54:15.8886439Z [command]/usr/bin/git submodule foreach --recursive sh -c "git config --local --name-only --get-regexp 'core\.sshCommand' && git config --local --unset-all 'core.sshCommand' || :"
validate	Run actions/checkout@11d5960a326750d5838078e36cf38b85af677262	2026-09-19T22:54:15.9105684Z [command]/usr/bin/git config --local --name-only --get-regexp http\.https\:\/\/github\.com\/\.extraheader
validate	Run actions/checkout@11d5960a326750d5838078e36cf38b85af677262	2026-09-19T22:54:15.9130082Z http.https://github.com/.extraheader
validate	Run actions/checkout@11d5960a326750d5838078e36cf38b85af677262	2026-09-19T22:54:15.9137492Z [command]/usr/bin/git config --local --unset-all http.https://github.com/.extraheader
validate	Run actions/checkout@11d5960a326750d5838078e36cf38b85af677262	2026-09-19T22:54:15.9175867Z [command]/usr/bin/git submodule foreach --recursive sh -c "git config --local --name-only --get-regexp 'http\.https\:\/\/github\.com\/\.extraheader' && git config --local --unset-all 'http.https://github.com/.extraheader' || :"
validate	Run actions/checkout@11d5960a326750d5838078e36cf38b85af677262	2026-09-19T22:54:15.9397057Z [command]/usr/bin/git config --local --name-only --get-regexp ^includeIf\.gitdir:
validate	Run actions/checkout@11d5960a326750d5838078e36cf38b85af677262	2026-09-19T22:54:15.9434386Z [command]/usr/bin/git submodule foreach --recursive git config --local --show-origin --name-only --get-regexp remote.origin.url
validate	Run actions/checkout@11d5960a326750d5838078e36cf38b85af677262	2026-09-19T22:54:15.9653136Z ##[endgroup]
validate	Run actions/setup-python@a26af69be951a213d495a4c3e4e4022e16d87065	﻿2026-09-19T22:54:15.9944760Z Node 20 is being deprecated. This workflow is running with Node 24 by default. If you need to temporarily use Node 20, you can set the ACTIONS_ALLOW_USE_UNSECURE_NODE_VERSION=true environment variable. For more information see: https://github.blog/changelog/2025-09-19-deprecation-of-node-20-on-github-actions-runners/
validate	Run actions/setup-python@a26af69be951a213d495a4c3e4e4022e16d87065	2026-09-19T22:54:15.9950596Z ##[group]Run actions/setup-python@a26af69be951a213d495a4c3e4e4022e16d87065
validate	Run actions/setup-python@a26af69be951a213d495a4c3e4e4022e16d87065	2026-09-19T22:54:15.9952197Z with:
validate	Run actions/setup-python@a26af69be951a213d495a4c3e4e4022e16d87065	2026-09-19T22:54:15.9952968Z   python-version: 3.12
validate	Run actions/setup-python@a26af69be951a213d495a4c3e4e4022e16d87065	2026-09-19T22:54:15.9953868Z   check-latest: false
validate	Run actions/setup-python@a26af69be951a213d495a4c3e4e4022e16d87065	2026-09-19T22:54:15.9963766Z   token: ***
validate	Run actions/setup-python@a26af69be951a213d495a4c3e4e4022e16d87065	2026-09-19T22:54:15.9964631Z   update-environment: true
validate	Run actions/setup-python@a26af69be951a213d495a4c3e4e4022e16d87065	2026-09-19T22:54:15.9965626Z   allow-prereleases: false
validate	Run actions/setup-python@a26af69be951a213d495a4c3e4e4022e16d87065	2026-09-19T22:54:15.9966617Z   freethreaded: false
validate	Run actions/setup-python@a26af69be951a213d495a4c3e4e4022e16d87065	2026-09-19T22:54:15.9967503Z ##[endgroup]
validate	Run actions/setup-python@a26af69be951a213d495a4c3e4e4022e16d87065	2026-09-19T22:54:16.1327134Z ##[group]Installed versions
validate	Run actions/setup-python@a26af69be951a213d495a4c3e4e4022e16d87065	2026-09-19T22:54:16.1420336Z (node:2505) [DEP0040] DeprecationWarning: The `punycode` module is deprecated. Please use a userland alternative instead.
validate	Run actions/setup-python@a26af69be951a213d495a4c3e4e4022e16d87065	2026-09-19T22:54:16.1425164Z (Use `node --trace-deprecation ...` to show where the warning was created)
validate	Run actions/setup-python@a26af69be951a213d495a4c3e4e4022e16d87065	2026-09-19T22:54:16.1428034Z Successfully set up CPython (3.12.14)
validate	Run actions/setup-python@a26af69be951a213d495a4c3e4e4022e16d87065	2026-09-19T22:54:16.1431271Z ##[endgroup]
validate	Install hash-locked schema dependencies	﻿2026-09-19T22:54:16.1669317Z ##[group]Run python -m pip install --require-hashes --only-binary=:all: --index-url https://pypi.org/simple -r requirements-dev.txt
validate	Install hash-locked schema dependencies	2026-09-19T22:54:16.1676293Z [36;1mpython -m pip install --require-hashes --only-binary=:all: --index-url https://pypi.org/simple -r requirements-dev.txt[0m
validate	Install hash-locked schema dependencies	2026-09-19T22:54:16.1681024Z [36;1mpython -m pip check[0m
validate	Install hash-locked schema dependencies	2026-09-19T22:54:16.1749234Z shell: /usr/bin/bash -e {0}
validate	Install hash-locked schema dependencies	2026-09-19T22:54:16.1750800Z env:
validate	Install hash-locked schema dependencies	2026-09-19T22:54:16.1752219Z   pythonLocation: /opt/hostedtoolcache/Python/3.12.14/x64
validate	Install hash-locked schema dependencies	2026-09-19T22:54:16.1754332Z   PKG_CONFIG_PATH: /opt/hostedtoolcache/Python/3.12.14/x64/lib/pkgconfig
validate	Install hash-locked schema dependencies	2026-09-19T22:54:16.1756095Z   Python_ROOT_DIR: /opt/hostedtoolcache/Python/3.12.14/x64
validate	Install hash-locked schema dependencies	2026-09-19T22:54:16.1757663Z   Python2_ROOT_DIR: /opt/hostedtoolcache/Python/3.12.14/x64
validate	Install hash-locked schema dependencies	2026-09-19T22:54:16.1759546Z   Python3_ROOT_DIR: /opt/hostedtoolcache/Python/3.12.14/x64
validate	Install hash-locked schema dependencies	2026-09-19T22:54:16.1761131Z   LD_LIBRARY_PATH: /opt/hostedtoolcache/Python/3.12.14/x64/lib
validate	Install hash-locked schema dependencies	2026-09-19T22:54:16.1762476Z ##[endgroup]
validate	Install hash-locked schema dependencies	2026-09-19T22:54:17.0142384Z Collecting attrs==26.1.0 (from -r requirements-dev.txt (line 7))
validate	Install hash-locked schema dependencies	2026-09-19T22:54:17.0664569Z   Downloading attrs-26.1.0-py3-none-any.whl (67 kB)
validate	Install hash-locked schema dependencies	2026-09-19T22:54:17.1072623Z Collecting jsonschema==4.23.0 (from -r requirements-dev.txt (line 13))
validate	Install hash-locked schema dependencies	2026-09-19T22:54:17.1114321Z   Downloading jsonschema-4.23.0-py3-none-any.whl (88 kB)
validate	Install hash-locked schema dependencies	2026-09-19T22:54:17.1342038Z Collecting jsonschema-specifications==2025.9.1 (from -r requirements-dev.txt (line 17))
validate	Install hash-locked schema dependencies	2026-09-19T22:54:17.1380730Z   Downloading jsonschema_specifications-2025.9.1-py3-none-any.whl (18 kB)
validate	Install hash-locked schema dependencies	2026-09-19T22:54:17.1641314Z Collecting referencing==0.37.0 (from -r requirements-dev.txt (line 21))
validate	Install hash-locked schema dependencies	2026-09-19T22:54:17.1681687Z   Downloading referencing-0.37.0-py3-none-any.whl (26 kB)
validate	Install hash-locked schema dependencies	2026-09-19T22:54:17.4434184Z Collecting rpds-py==2026.6.3 (from -r requirements-dev.txt (line 27))
validate	Install hash-locked schema dependencies	2026-09-19T22:54:17.4474269Z   Downloading rpds_py-2026.6.3-cp312-cp312-manylinux_2_17_x86_64.manylinux2014_x86_64.whl (366 kB)
validate	Install hash-locked schema dependencies	2026-09-19T22:54:17.4847380Z Collecting typing-extensions==4.16.0 (from -r requirements-dev.txt (line 147))
validate	Install hash-locked schema dependencies	2026-09-19T22:54:17.4893224Z   Downloading typing_extensions-4.16.0-py3-none-any.whl (45 kB)
validate	Install hash-locked schema dependencies	2026-09-19T22:54:17.5396971Z Installing collected packages: typing-extensions, rpds-py, attrs, referencing, jsonschema-specifications, jsonschema
validate	Install hash-locked schema dependencies	2026-09-19T22:54:17.7300349Z
validate	Install hash-locked schema dependencies	2026-09-19T22:54:17.7314127Z Successfully installed attrs-26.1.0 jsonschema-4.23.0 jsonschema-specifications-2025.9.1 referencing-0.37.0 rpds-py-2026.6.3 typing-extensions-4.16.0
validate	Install hash-locked schema dependencies	2026-09-19T22:54:17.9805497Z No broken requirements found.
validate	Run PYTHONPATH=_deps/engine/src python -m unittest discover -s tests -v	﻿2026-09-19T22:54:18.0109248Z ##[group]Run PYTHONPATH=_deps/engine/src python -m unittest discover -s tests -v
validate	Run PYTHONPATH=_deps/engine/src python -m unittest discover -s tests -v	2026-09-19T22:54:18.0110090Z [36;1mPYTHONPATH=_deps/engine/src python -m unittest discover -s tests -v[0m
validate	Run PYTHONPATH=_deps/engine/src python -m unittest discover -s tests -v	2026-09-19T22:54:18.0150065Z shell: /usr/bin/bash -e {0}
validate	Run PYTHONPATH=_deps/engine/src python -m unittest discover -s tests -v	2026-09-19T22:54:18.0150344Z env:
validate	Run PYTHONPATH=_deps/engine/src python -m unittest discover -s tests -v	2026-09-19T22:54:18.0150624Z   pythonLocation: /opt/hostedtoolcache/Python/3.12.14/x64
validate	Run PYTHONPATH=_deps/engine/src python -m unittest discover -s tests -v	2026-09-19T22:54:18.0151081Z   PKG_CONFIG_PATH: /opt/hostedtoolcache/Python/3.12.14/x64/lib/pkgconfig
validate	Run PYTHONPATH=_deps/engine/src python -m unittest discover -s tests -v	2026-09-19T22:54:18.0151522Z   Python_ROOT_DIR: /opt/hostedtoolcache/Python/3.12.14/x64
validate	Run PYTHONPATH=_deps/engine/src python -m unittest discover -s tests -v	2026-09-19T22:54:18.0151915Z   Python2_ROOT_DIR: /opt/hostedtoolcache/Python/3.12.14/x64
validate	Run PYTHONPATH=_deps/engine/src python -m unittest discover -s tests -v	2026-09-19T22:54:18.0152316Z   Python3_ROOT_DIR: /opt/hostedtoolcache/Python/3.12.14/x64
validate	Run PYTHONPATH=_deps/engine/src python -m unittest discover -s tests -v	2026-09-19T22:54:18.0152716Z   LD_LIBRARY_PATH: /opt/hostedtoolcache/Python/3.12.14/x64/lib
validate	Run PYTHONPATH=_deps/engine/src python -m unittest discover -s tests -v	2026-09-19T22:54:18.0153047Z ##[endgroup]
validate	Run PYTHONPATH=_deps/engine/src python -m unittest discover -s tests -v	2026-09-19T22:54:18.3769046Z test_frozen_inputs_and_split_are_unchanged (test_benchmark_cases.FrozenCaseTests.test_frozen_inputs_and_split_are_unchanged) ... ok
validate	Run PYTHONPATH=_deps/engine/src python -m unittest discover -s tests -v	2026-09-19T22:54:18.5022745Z test_all_schema_meta_validation_with_network_disabled (test_offline_contracts.OfflineContractTests.test_all_schema_meta_validation_with_network_disabled) ... ok
validate	Run PYTHONPATH=_deps/engine/src python -m unittest discover -s tests -v	2026-09-19T22:54:18.5445406Z test_command_rejects_invalid_result_without_success_output (test_offline_contracts.OfflineContractTests.test_command_rejects_invalid_result_without_success_output) ... ok
validate	Run PYTHONPATH=_deps/engine/src python -m unittest discover -s tests -v	2026-09-19T22:54:18.5867971Z test_command_validates_local_scenario (test_offline_contracts.OfflineContractTests.test_command_validates_local_scenario) ... ok
validate	Run PYTHONPATH=_deps/engine/src python -m unittest discover -s tests -v	2026-09-19T22:54:18.6206097Z test_invalid_schema_fails_at_load (test_offline_contracts.OfflineContractTests.test_invalid_schema_fails_at_load) ... ok
validate	Run PYTHONPATH=_deps/engine/src python -m unittest discover -s tests -v	2026-09-19T22:54:18.6536222Z test_missing_schema_fails_even_without_agent (test_offline_contracts.OfflineContractTests.test_missing_schema_fails_even_without_agent) ... ok
validate	Run PYTHONPATH=_deps/engine/src python -m unittest discover -s tests -v	2026-09-19T22:54:18.6538060Z test_unknown_kind_fails (test_offline_contracts.OfflineContractTests.test_unknown_kind_fails) ... ok
validate	Run PYTHONPATH=_deps/engine/src python -m unittest discover -s tests -v	2026-09-19T22:54:18.7849352Z test_unregistered_references_fail_without_io (test_offline_contracts.OfflineContractTests.test_unregistered_references_fail_without_io) ... ok
validate	Run PYTHONPATH=_deps/engine/src python -m unittest discover -s tests -v	2026-09-19T22:54:18.8266083Z test_existing_report_envelope_still_accepts_no_agent (test_recording_schema.RecordingSchemaTests.test_existing_report_envelope_still_accepts_no_agent) ... ok
validate	Run PYTHONPATH=_deps/engine/src python -m unittest discover -s tests -v	2026-09-19T22:54:18.9140174Z test_shape_rejects_executable_action_extensions (test_recording_schema.RecordingSchemaTests.test_shape_rejects_executable_action_extensions) ... ok
validate	Run PYTHONPATH=_deps/engine/src python -m unittest discover -s tests -v	2026-09-19T22:54:18.9154823Z test_all_runtime_validate (test_scenarios.ScenarioTests.test_all_runtime_validate) ... ok
validate	Run PYTHONPATH=_deps/engine/src python -m unittest discover -s tests -v	2026-09-19T22:54:18.9611504Z test_json_schema (test_scenarios.ScenarioTests.test_json_schema) ... ok
validate	Run PYTHONPATH=_deps/engine/src python -m unittest discover -s tests -v	2026-09-19T22:54:18.9624965Z test_manifest_paths (test_scenarios.ScenarioTests.test_manifest_paths) ... ok
validate	Run PYTHONPATH=_deps/engine/src python -m unittest discover -s tests -v	2026-09-19T22:54:18.9628317Z test_no_real_claims_in_synthetic (test_scenarios.ScenarioTests.test_no_real_claims_in_synthetic) ... ok
validate	Run PYTHONPATH=_deps/engine/src python -m unittest discover -s tests -v	2026-09-19T22:54:18.9629280Z
validate	Run PYTHONPATH=_deps/engine/src python -m unittest discover -s tests -v	2026-09-19T22:54:18.9629609Z ----------------------------------------------------------------------
validate	Run PYTHONPATH=_deps/engine/src python -m unittest discover -s tests -v	2026-09-19T22:54:18.9630231Z Ran 14 tests in 0.638s
validate	Run PYTHONPATH=_deps/engine/src python -m unittest discover -s tests -v	2026-09-19T22:54:18.9630488Z
validate	Run PYTHONPATH=_deps/engine/src python -m unittest discover -s tests -v	2026-09-19T22:54:18.9630620Z OK
validate	Check public recorded report shapes offline	﻿2026-09-19T22:54:18.9961440Z Node 20 is being deprecated. This workflow is running with Node 24 by default. If you need to temporarily use Node 20, you can set the ACTIONS_ALLOW_USE_UNSECURE_NODE_VERSION=true environment variable. For more information see: https://github.blog/changelog/2025-09-19-deprecation-of-node-20-on-github-actions-runners/
validate	Check public recorded report shapes offline	2026-09-19T22:54:18.9962805Z ##[group]Run actions/checkout@11d5960a326750d5838078e36cf38b85af677262
validate	Check public recorded report shapes offline	2026-09-19T22:54:18.9963172Z with:
validate	Check public recorded report shapes offline	2026-09-19T22:54:18.9963404Z   repository: entrotter/entrotter
validate	Check public recorded report shapes offline	2026-09-19T22:54:18.9963683Z   ref: fcf27d69c20fff3eb31534434579aa62795cc786
validate	Check public recorded report shapes offline	2026-09-19T22:54:18.9963975Z   path: _deps/evidence
validate	Check public recorded report shapes offline	2026-09-19T22:54:18.9964212Z   persist-credentials: false
validate	Check public recorded report shapes offline	2026-09-19T22:54:18.9966669Z   token: ***
validate	Check public recorded report shapes offline	2026-09-19T22:54:18.9966879Z   ssh-strict: true
validate	Check public recorded report shapes offline	2026-09-19T22:54:18.9967081Z   ssh-user: git
validate	Check public recorded report shapes offline	2026-09-19T22:54:18.9967271Z   clean: true
validate	Check public recorded report shapes offline	2026-09-19T22:54:18.9967480Z   sparse-checkout-cone-mode: true
validate	Check public recorded report shapes offline	2026-09-19T22:54:18.9967734Z   fetch-depth: 1
validate	Check public recorded report shapes offline	2026-09-19T22:54:18.9967933Z   fetch-tags: false
validate	Check public recorded report shapes offline	2026-09-19T22:54:18.9968353Z   show-progress: true
validate	Check public recorded report shapes offline	2026-09-19T22:54:18.9968569Z   lfs: false
validate	Check public recorded report shapes offline	2026-09-19T22:54:18.9968758Z   submodules: false
validate	Check public recorded report shapes offline	2026-09-19T22:54:18.9968965Z   set-safe-directory: true
validate	Check public recorded report shapes offline	2026-09-19T22:54:18.9969208Z   allow-unsafe-pr-checkout: false
validate	Check public recorded report shapes offline	2026-09-19T22:54:18.9969448Z env:
validate	Check public recorded report shapes offline	2026-09-19T22:54:18.9969695Z   pythonLocation: /opt/hostedtoolcache/Python/3.12.14/x64
validate	Check public recorded report shapes offline	2026-09-19T22:54:18.9970125Z   PKG_CONFIG_PATH: /opt/hostedtoolcache/Python/3.12.14/x64/lib/pkgconfig
validate	Check public recorded report shapes offline	2026-09-19T22:54:18.9970549Z   Python_ROOT_DIR: /opt/hostedtoolcache/Python/3.12.14/x64
validate	Check public recorded report shapes offline	2026-09-19T22:54:18.9970921Z   Python2_ROOT_DIR: /opt/hostedtoolcache/Python/3.12.14/x64
validate	Check public recorded report shapes offline	2026-09-19T22:54:18.9971289Z   Python3_ROOT_DIR: /opt/hostedtoolcache/Python/3.12.14/x64
validate	Check public recorded report shapes offline	2026-09-19T22:54:18.9971661Z   LD_LIBRARY_PATH: /opt/hostedtoolcache/Python/3.12.14/x64/lib
validate	Check public recorded report shapes offline	2026-09-19T22:54:18.9971975Z ##[endgroup]
validate	Check public recorded report shapes offline	2026-09-19T22:54:19.0818023Z Syncing repository: entrotter/entrotter
validate	Check public recorded report shapes offline	2026-09-19T22:54:19.0822610Z ##[group]Getting Git version info
validate	Check public recorded report shapes offline	2026-09-19T22:54:19.0826109Z Working directory is '/home/runner/work/scenarios/scenarios/_deps/evidence'
validate	Check public recorded report shapes offline	2026-09-19T22:54:19.0866862Z [command]/usr/bin/git version
validate	Check public recorded report shapes offline	2026-09-19T22:54:19.0911652Z git version 2.55.0
validate	Check public recorded report shapes offline	2026-09-19T22:54:19.0935569Z ##[endgroup]
validate	Check public recorded report shapes offline	2026-09-19T22:54:19.0950352Z Temporarily overriding HOME='/home/runner/work/_temp/265cbf0d-97b8-4a06-aebd-af4c2050f838' before making global git config changes
validate	Check public recorded report shapes offline	2026-09-19T22:54:19.0951586Z Adding repository directory to the temporary git global config as a safe directory
validate	Check public recorded report shapes offline	2026-09-19T22:54:19.0956607Z [command]/usr/bin/git config --global --add safe.directory /home/runner/work/scenarios/scenarios/_deps/evidence
validate	Check public recorded report shapes offline	2026-09-19T22:54:19.0992915Z ##[group]Initializing the repository
validate	Check public recorded report shapes offline	2026-09-19T22:54:19.0999229Z [command]/usr/bin/git init /home/runner/work/scenarios/scenarios/_deps/evidence
validate	Check public recorded report shapes offline	2026-09-19T22:54:19.1043862Z hint: Using 'master' as the name for the initial branch. This default branch name
validate	Check public recorded report shapes offline	2026-09-19T22:54:19.1045970Z hint: will change to "main" in Git 3.0. To configure the initial branch name
validate	Check public recorded report shapes offline	2026-09-19T22:54:19.1046885Z hint: to use in all of your new repositories, which will suppress this warning,
validate	Check public recorded report shapes offline	2026-09-19T22:54:19.1047577Z hint: call:
validate	Check public recorded report shapes offline	2026-09-19T22:54:19.1047902Z hint:
validate	Check public recorded report shapes offline	2026-09-19T22:54:19.1048566Z hint: 	git config --global init.defaultBranch <name>
validate	Check public recorded report shapes offline	2026-09-19T22:54:19.1049093Z hint:
validate	Check public recorded report shapes offline	2026-09-19T22:54:19.1049602Z hint: Names commonly chosen instead of 'master' are 'main', 'trunk' and
validate	Check public recorded report shapes offline	2026-09-19T22:54:19.1050514Z hint: 'development'. The just-created branch can be renamed via this command:
validate	Check public recorded report shapes offline	2026-09-19T22:54:19.1051273Z hint:
validate	Check public recorded report shapes offline	2026-09-19T22:54:19.1051714Z hint: 	git branch -m <name>
validate	Check public recorded report shapes offline	2026-09-19T22:54:19.1052124Z hint:
validate	Check public recorded report shapes offline	2026-09-19T22:54:19.1052684Z hint: Disable this message with "git config set advice.defaultBranchName false"
validate	Check public recorded report shapes offline	2026-09-19T22:54:19.1053741Z Initialized empty Git repository in /home/runner/work/scenarios/scenarios/_deps/evidence/.git/
validate	Check public recorded report shapes offline	2026-09-19T22:54:19.1059487Z [command]/usr/bin/git remote add origin https://github.com/entrotter/entrotter
validate	Check public recorded report shapes offline	2026-09-19T22:54:19.1106494Z ##[endgroup]
validate	Check public recorded report shapes offline	2026-09-19T22:54:19.1107200Z ##[group]Disabling automatic garbage collection
validate	Check public recorded report shapes offline	2026-09-19T22:54:19.1120062Z [command]/usr/bin/git config --local gc.auto 0
validate	Check public recorded report shapes offline	2026-09-19T22:54:19.1151725Z ##[endgroup]
validate	Check public recorded report shapes offline	2026-09-19T22:54:19.1152386Z ##[group]Setting up auth
validate	Check public recorded report shapes offline	2026-09-19T22:54:19.1159537Z [command]/usr/bin/git config --local --name-only --get-regexp core\.sshCommand
validate	Check public recorded report shapes offline	2026-09-19T22:54:19.1199270Z [command]/usr/bin/git submodule foreach --recursive sh -c "git config --local --name-only --get-regexp 'core\.sshCommand' && git config --local --unset-all 'core.sshCommand' || :"
validate	Check public recorded report shapes offline	2026-09-19T22:54:19.1454512Z [command]/usr/bin/git config --local --name-only --get-regexp http\.https\:\/\/github\.com\/\.extraheader
validate	Check public recorded report shapes offline	2026-09-19T22:54:19.1490916Z [command]/usr/bin/git submodule foreach --recursive sh -c "git config --local --name-only --get-regexp 'http\.https\:\/\/github\.com\/\.extraheader' && git config --local --unset-all 'http.https://github.com/.extraheader' || :"
validate	Check public recorded report shapes offline	2026-09-19T22:54:19.1744163Z [command]/usr/bin/git config --local --name-only --get-regexp ^includeIf\.gitdir:
validate	Check public recorded report shapes offline	2026-09-19T22:54:19.1783372Z [command]/usr/bin/git submodule foreach --recursive git config --local --show-origin --name-only --get-regexp remote.origin.url
validate	Check public recorded report shapes offline	2026-09-19T22:54:19.2023148Z [command]/usr/bin/git config --local http.https://github.com/.extraheader AUTHORIZATION: basic ***
validate	Check public recorded report shapes offline	2026-09-19T22:54:19.2062848Z ##[endgroup]
validate	Check public recorded report shapes offline	2026-09-19T22:54:19.2063561Z ##[group]Fetching the repository
validate	Check public recorded report shapes offline	2026-09-19T22:54:19.2073260Z [command]/usr/bin/git -c protocol.version=2 fetch --no-tags --prune --no-recurse-submodules --depth=1 origin fcf27d69c20fff3eb31534434579aa62795cc786
validate	Check public recorded report shapes offline	2026-09-19T22:54:19.7364045Z From https://github.com/entrotter/entrotter
validate	Check public recorded report shapes offline	2026-09-19T22:54:19.7364856Z  * branch            fcf27d69c20fff3eb31534434579aa62795cc786 -> FETCH_HEAD
validate	Check public recorded report shapes offline	2026-09-19T22:54:19.7370095Z ##[endgroup]
validate	Check public recorded report shapes offline	2026-09-19T22:54:19.7370773Z ##[group]Determining the checkout info
validate	Check public recorded report shapes offline	2026-09-19T22:54:19.7373179Z ##[endgroup]
validate	Check public recorded report shapes offline	2026-09-19T22:54:19.7379611Z [command]/usr/bin/git sparse-checkout disable
validate	Check public recorded report shapes offline	2026-09-19T22:54:19.7427991Z [command]/usr/bin/git config --local --unset-all extensions.worktreeConfig
validate	Check public recorded report shapes offline	2026-09-19T22:54:19.7459451Z ##[group]Checking out the ref
validate	Check public recorded report shapes offline	2026-09-19T22:54:19.7464261Z [command]/usr/bin/git checkout --progress --force fcf27d69c20fff3eb31534434579aa62795cc786
validate	Check public recorded report shapes offline	2026-09-19T22:54:19.8150933Z Note: switching to 'fcf27d69c20fff3eb31534434579aa62795cc786'.
validate	Check public recorded report shapes offline	2026-09-19T22:54:19.8152170Z
validate	Check public recorded report shapes offline	2026-09-19T22:54:19.8152702Z You are in 'detached HEAD' state. You can look around, make experimental
validate	Check public recorded report shapes offline	2026-09-19T22:54:19.8153497Z changes and commit them, and you can discard any commits you make in this
validate	Check public recorded report shapes offline	2026-09-19T22:54:19.8154297Z state without impacting any branches by switching back to a branch.
validate	Check public recorded report shapes offline	2026-09-19T22:54:19.8154762Z
validate	Check public recorded report shapes offline	2026-09-19T22:54:19.8155079Z If you want to create a new branch to retain commits you create, you may
validate	Check public recorded report shapes offline	2026-09-19T22:54:19.8155848Z do so (now or later) by using -c with the switch command. Example:
validate	Check public recorded report shapes offline	2026-09-19T22:54:19.8156309Z
validate	Check public recorded report shapes offline	2026-09-19T22:54:19.8156467Z   git switch -c <new-branch-name>
validate	Check public recorded report shapes offline	2026-09-19T22:54:19.8156679Z
validate	Check public recorded report shapes offline	2026-09-19T22:54:19.8156803Z Or undo this operation with:
validate	Check public recorded report shapes offline	2026-09-19T22:54:19.8156999Z
validate	Check public recorded report shapes offline	2026-09-19T22:54:19.8157095Z   git switch -
validate	Check public recorded report shapes offline	2026-09-19T22:54:19.8157240Z
validate	Check public recorded report shapes offline	2026-09-19T22:54:19.8157491Z Turn off this advice by setting config variable advice.detachedHead to false
validate	Check public recorded report shapes offline	2026-09-19T22:54:19.8157886Z
validate	Check public recorded report shapes offline	2026-09-19T22:54:19.8158453Z HEAD is now at fcf27d6 Record complete coordination quality and Linux integration evidence
validate	Check public recorded report shapes offline	2026-09-19T22:54:19.8163705Z ##[endgroup]
validate	Check public recorded report shapes offline	2026-09-19T22:54:19.8207238Z [command]/usr/bin/git log -1 --format=%H
validate	Check public recorded report shapes offline	2026-09-19T22:54:19.8235206Z fcf27d69c20fff3eb31534434579aa62795cc786
validate	Check public recorded report shapes offline	2026-09-19T22:54:19.8245700Z ##[group]Removing auth
validate	Check public recorded report shapes offline	2026-09-19T22:54:19.8249520Z [command]/usr/bin/git config --local --name-only --get-regexp core\.sshCommand
validate	Check public recorded report shapes offline	2026-09-19T22:54:19.8281700Z [command]/usr/bin/git submodule foreach --recursive sh -c "git config --local --name-only --get-regexp 'core\.sshCommand' && git config --local --unset-all 'core.sshCommand' || :"
validate	Check public recorded report shapes offline	2026-09-19T22:54:19.8510312Z [command]/usr/bin/git config --local --name-only --get-regexp http\.https\:\/\/github\.com\/\.extraheader
validate	Check public recorded report shapes offline	2026-09-19T22:54:19.8535627Z http.https://github.com/.extraheader
validate	Check public recorded report shapes offline	2026-09-19T22:54:19.8543460Z [command]/usr/bin/git config --local --unset-all http.https://github.com/.extraheader
validate	Check public recorded report shapes offline	2026-09-19T22:54:19.8600130Z [command]/usr/bin/git submodule foreach --recursive sh -c "git config --local --name-only --get-regexp 'http\.https\:\/\/github\.com\/\.extraheader' && git config --local --unset-all 'http.https://github.com/.extraheader' || :"
validate	Check public recorded report shapes offline	2026-09-19T22:54:19.8826603Z [command]/usr/bin/git config --local --name-only --get-regexp ^includeIf\.gitdir:
validate	Check public recorded report shapes offline	2026-09-19T22:54:19.8861003Z [command]/usr/bin/git submodule foreach --recursive git config --local --show-origin --name-only --get-regexp remote.origin.url
validate	Check public recorded report shapes offline	2026-09-19T22:54:19.9079997Z ##[endgroup]
validate	Validate all 19 existing result envelopes, including 12 agent recordings	﻿2026-09-19T22:54:19.9195872Z ##[group]Run python -m contract_validation --kind result _deps/evidence/evidence/causal-v1/causal-uniswap-*.json _deps/evidence/evidence/agent-local-*.json _deps/evidence/evidence/historical-uniswap.json
validate	Validate all 19 existing result envelopes, including 12 agent recordings	2026-09-19T22:54:19.9197337Z [36;1mpython -m contract_validation --kind result _deps/evidence/evidence/causal-v1/causal-uniswap-*.json _deps/evidence/evidence/agent-local-*.json _deps/evidence/evidence/historical-uniswap.json[0m
validate	Validate all 19 existing result envelopes, including 12 agent recordings	2026-09-19T22:54:19.9234522Z shell: /usr/bin/bash -e {0}
validate	Validate all 19 existing result envelopes, including 12 agent recordings	2026-09-19T22:54:19.9234772Z env:
validate	Validate all 19 existing result envelopes, including 12 agent recordings	2026-09-19T22:54:19.9235044Z   pythonLocation: /opt/hostedtoolcache/Python/3.12.14/x64
validate	Validate all 19 existing result envelopes, including 12 agent recordings	2026-09-19T22:54:19.9235488Z   PKG_CONFIG_PATH: /opt/hostedtoolcache/Python/3.12.14/x64/lib/pkgconfig
validate	Validate all 19 existing result envelopes, including 12 agent recordings	2026-09-19T22:54:19.9235916Z   Python_ROOT_DIR: /opt/hostedtoolcache/Python/3.12.14/x64
validate	Validate all 19 existing result envelopes, including 12 agent recordings	2026-09-19T22:54:19.9236301Z   Python2_ROOT_DIR: /opt/hostedtoolcache/Python/3.12.14/x64
validate	Validate all 19 existing result envelopes, including 12 agent recordings	2026-09-19T22:54:19.9236684Z   Python3_ROOT_DIR: /opt/hostedtoolcache/Python/3.12.14/x64
validate	Validate all 19 existing result envelopes, including 12 agent recordings	2026-09-19T22:54:19.9237176Z   LD_LIBRARY_PATH: /opt/hostedtoolcache/Python/3.12.14/x64/lib
validate	Validate all 19 existing result envelopes, including 12 agent recordings	2026-09-19T22:54:19.9237602Z ##[endgroup]
validate	Validate all 19 existing result envelopes, including 12 agent recordings	2026-09-19T22:54:20.0933139Z Valid result wire shape: _deps/evidence/evidence/causal-v1/causal-uniswap-17000000-model.json
validate	Validate all 19 existing result envelopes, including 12 agent recordings	2026-09-19T22:54:20.0934328Z Valid result wire shape: _deps/evidence/evidence/causal-v1/causal-uniswap-17000000-non-agent.json
validate	Validate all 19 existing result envelopes, including 12 agent recordings	2026-09-19T22:54:20.0935412Z Valid result wire shape: _deps/evidence/evidence/causal-v1/causal-uniswap-17000000-risk.json
validate	Validate all 19 existing result envelopes, including 12 agent recordings	2026-09-19T22:54:20.0936740Z Valid result wire shape: _deps/evidence/evidence/causal-v1/causal-uniswap-18000000-model.json
validate	Validate all 19 existing result envelopes, including 12 agent recordings	2026-09-19T22:54:20.0937758Z Valid result wire shape: _deps/evidence/evidence/causal-v1/causal-uniswap-18000000-non-agent.json
validate	Validate all 19 existing result envelopes, including 12 agent recordings	2026-09-19T22:54:20.0939019Z Valid result wire shape: _deps/evidence/evidence/causal-v1/causal-uniswap-18000000-risk.json
validate	Validate all 19 existing result envelopes, including 12 agent recordings	2026-09-19T22:54:20.0940038Z Valid result wire shape: _deps/evidence/evidence/causal-v1/causal-uniswap-19000000-model.json
validate	Validate all 19 existing result envelopes, including 12 agent recordings	2026-09-19T22:54:20.0941059Z Valid result wire shape: _deps/evidence/evidence/causal-v1/causal-uniswap-19000000-non-agent.json
validate	Validate all 19 existing result envelopes, including 12 agent recordings	2026-09-19T22:54:20.0942070Z Valid result wire shape: _deps/evidence/evidence/causal-v1/causal-uniswap-19000000-risk.json
validate	Validate all 19 existing result envelopes, including 12 agent recordings	2026-09-19T22:54:20.0943021Z Valid result wire shape: _deps/evidence/evidence/causal-v1/causal-uniswap-20000000-model.json
validate	Validate all 19 existing result envelopes, including 12 agent recordings	2026-09-19T22:54:20.0944030Z Valid result wire shape: _deps/evidence/evidence/causal-v1/causal-uniswap-20000000-non-agent.json
validate	Validate all 19 existing result envelopes, including 12 agent recordings	2026-09-19T22:54:20.0945028Z Valid result wire shape: _deps/evidence/evidence/causal-v1/causal-uniswap-20000000-risk.json
validate	Validate all 19 existing result envelopes, including 12 agent recordings	2026-09-19T22:54:20.0945982Z Valid result wire shape: _deps/evidence/evidence/causal-v1/causal-uniswap-21000000-model.json
validate	Validate all 19 existing result envelopes, including 12 agent recordings	2026-09-19T22:54:20.0946980Z Valid result wire shape: _deps/evidence/evidence/causal-v1/causal-uniswap-21000000-non-agent.json
validate	Validate all 19 existing result envelopes, including 12 agent recordings	2026-09-19T22:54:20.0947979Z Valid result wire shape: _deps/evidence/evidence/causal-v1/causal-uniswap-21000000-risk.json
validate	Validate all 19 existing result envelopes, including 12 agent recordings	2026-09-19T22:54:20.0949031Z Valid result wire shape: _deps/evidence/evidence/agent-local-codex.json
validate	Validate all 19 existing result envelopes, including 12 agent recordings	2026-09-19T22:54:20.0949796Z Valid result wire shape: _deps/evidence/evidence/agent-local-prescribed.json
validate	Validate all 19 existing result envelopes, including 12 agent recordings	2026-09-19T22:54:20.0950567Z Valid result wire shape: _deps/evidence/evidence/agent-local-risk.json
validate	Validate all 19 existing result envelopes, including 12 agent recordings	2026-09-19T22:54:20.0951317Z Valid result wire shape: _deps/evidence/evidence/historical-uniswap.json
validate	Post Check public recorded report shapes offline	﻿2026-09-19T22:54:20.1187898Z Node 20 is being deprecated. This workflow is running with Node 24 by default. If you need to temporarily use Node 20, you can set the ACTIONS_ALLOW_USE_UNSECURE_NODE_VERSION=true environment variable. For more information see: https://github.blog/changelog/2025-09-19-deprecation-of-node-20-on-github-actions-runners/
validate	Post Check public recorded report shapes offline	2026-09-19T22:54:20.1189757Z Post job cleanup.
validate	Post Check public recorded report shapes offline	2026-09-19T22:54:20.2041755Z [command]/usr/bin/git version
validate	Post Check public recorded report shapes offline	2026-09-19T22:54:20.2086063Z git version 2.55.0
validate	Post Check public recorded report shapes offline	2026-09-19T22:54:20.2125973Z Temporarily overriding HOME='/home/runner/work/_temp/3489a525-c415-4425-9a48-d6772f9699c1' before making global git config changes
validate	Post Check public recorded report shapes offline	2026-09-19T22:54:20.2127717Z Adding repository directory to the temporary git global config as a safe directory
validate	Post Check public recorded report shapes offline	2026-09-19T22:54:20.2133345Z [command]/usr/bin/git config --global --add safe.directory /home/runner/work/scenarios/scenarios/_deps/evidence
validate	Post Check public recorded report shapes offline	2026-09-19T22:54:20.2176397Z [command]/usr/bin/git config --local --name-only --get-regexp core\.sshCommand
validate	Post Check public recorded report shapes offline	2026-09-19T22:54:20.2212129Z [command]/usr/bin/git submodule foreach --recursive sh -c "git config --local --name-only --get-regexp 'core\.sshCommand' && git config --local --unset-all 'core.sshCommand' || :"
validate	Post Check public recorded report shapes offline	2026-09-19T22:54:20.2494208Z [command]/usr/bin/git config --local --name-only --get-regexp http\.https\:\/\/github\.com\/\.extraheader
validate	Post Check public recorded report shapes offline	2026-09-19T22:54:20.2535740Z [command]/usr/bin/git submodule foreach --recursive sh -c "git config --local --name-only --get-regexp 'http\.https\:\/\/github\.com\/\.extraheader' && git config --local --unset-all 'http.https://github.com/.extraheader' || :"
validate	Post Check public recorded report shapes offline	2026-09-19T22:54:20.2792556Z [command]/usr/bin/git config --local --name-only --get-regexp ^includeIf\.gitdir:
validate	Post Check public recorded report shapes offline	2026-09-19T22:54:20.2832770Z [command]/usr/bin/git submodule foreach --recursive git config --local --show-origin --name-only --get-regexp remote.origin.url
validate	Post Run actions/setup-python@a26af69be951a213d495a4c3e4e4022e16d87065	﻿2026-09-19T22:54:20.3295405Z Node 20 is being deprecated. This workflow is running with Node 24 by default. If you need to temporarily use Node 20, you can set the ACTIONS_ALLOW_USE_UNSECURE_NODE_VERSION=true environment variable. For more information see: https://github.blog/changelog/2025-09-19-deprecation-of-node-20-on-github-actions-runners/
validate	Post Run actions/setup-python@a26af69be951a213d495a4c3e4e4022e16d87065	2026-09-19T22:54:20.3296822Z Post job cleanup.
validate	Post Run actions/setup-python@a26af69be951a213d495a4c3e4e4022e16d87065	2026-09-19T22:54:20.4486104Z (node:2835) [DEP0040] DeprecationWarning: The `punycode` module is deprecated. Please use a userland alternative instead.
validate	Post Run actions/setup-python@a26af69be951a213d495a4c3e4e4022e16d87065	2026-09-19T22:54:20.4487434Z (Use `node --trace-deprecation ...` to show where the warning was created)
validate	Post Run actions/checkout@11d5960a326750d5838078e36cf38b85af677262	﻿2026-09-19T22:54:20.4673452Z Node 20 is being deprecated. This workflow is running with Node 24 by default. If you need to temporarily use Node 20, you can set the ACTIONS_ALLOW_USE_UNSECURE_NODE_VERSION=true environment variable. For more information see: https://github.blog/changelog/2025-09-19-deprecation-of-node-20-on-github-actions-runners/
validate	Post Run actions/checkout@11d5960a326750d5838078e36cf38b85af677262	2026-09-19T22:54:20.4675483Z Post job cleanup.
validate	Post Run actions/checkout@11d5960a326750d5838078e36cf38b85af677262	2026-09-19T22:54:20.5556336Z [command]/usr/bin/git version
validate	Post Run actions/checkout@11d5960a326750d5838078e36cf38b85af677262	2026-09-19T22:54:20.5599246Z git version 2.55.0
validate	Post Run actions/checkout@11d5960a326750d5838078e36cf38b85af677262	2026-09-19T22:54:20.5672041Z Temporarily overriding HOME='/home/runner/work/_temp/3b2d3b57-351e-45af-8a20-facee9f0d295' before making global git config changes
validate	Post Run actions/checkout@11d5960a326750d5838078e36cf38b85af677262	2026-09-19T22:54:20.5673398Z Adding repository directory to the temporary git global config as a safe directory
validate	Post Run actions/checkout@11d5960a326750d5838078e36cf38b85af677262	2026-09-19T22:54:20.5678683Z [command]/usr/bin/git config --global --add safe.directory /home/runner/work/scenarios/scenarios/_deps/engine
validate	Post Run actions/checkout@11d5960a326750d5838078e36cf38b85af677262	2026-09-19T22:54:20.5722335Z [command]/usr/bin/git config --local --name-only --get-regexp core\.sshCommand
validate	Post Run actions/checkout@11d5960a326750d5838078e36cf38b85af677262	2026-09-19T22:54:20.5767396Z [command]/usr/bin/git submodule foreach --recursive sh -c "git config --local --name-only --get-regexp 'core\.sshCommand' && git config --local --unset-all 'core.sshCommand' || :"
validate	Post Run actions/checkout@11d5960a326750d5838078e36cf38b85af677262	2026-09-19T22:54:20.6033029Z [command]/usr/bin/git config --local --name-only --get-regexp http\.https\:\/\/github\.com\/\.extraheader
validate	Post Run actions/checkout@11d5960a326750d5838078e36cf38b85af677262	2026-09-19T22:54:20.6070420Z [command]/usr/bin/git submodule foreach --recursive sh -c "git config --local --name-only --get-regexp 'http\.https\:\/\/github\.com\/\.extraheader' && git config --local --unset-all 'http.https://github.com/.extraheader' || :"
validate	Post Run actions/checkout@11d5960a326750d5838078e36cf38b85af677262	2026-09-19T22:54:20.6369372Z [command]/usr/bin/git config --local --name-only --get-regexp ^includeIf\.gitdir:
validate	Post Run actions/checkout@11d5960a326750d5838078e36cf38b85af677262	2026-09-19T22:54:20.6390704Z [command]/usr/bin/git submodule foreach --recursive git config --local --show-origin --name-only --get-regexp remote.origin.url
validate	Post Run actions/checkout@11d5960a326750d5838078e36cf38b85af677262	﻿2026-09-19T22:54:20.6848766Z Node 20 is being deprecated. This workflow is running with Node 24 by default. If you need to temporarily use Node 20, you can set the ACTIONS_ALLOW_USE_UNSECURE_NODE_VERSION=true environment variable. For more information see: https://github.blog/changelog/2025-09-19-deprecation-of-node-20-on-github-actions-runners/
validate	Post Run actions/checkout@11d5960a326750d5838078e36cf38b85af677262	2026-09-19T22:54:20.6850056Z Post job cleanup.
validate	Post Run actions/checkout@11d5960a326750d5838078e36cf38b85af677262	2026-09-19T22:54:20.7745909Z [command]/usr/bin/git version
validate	Post Run actions/checkout@11d5960a326750d5838078e36cf38b85af677262	2026-09-19T22:54:20.7793091Z git version 2.55.0
validate	Post Run actions/checkout@11d5960a326750d5838078e36cf38b85af677262	2026-09-19T22:54:20.7835668Z Temporarily overriding HOME='/home/runner/work/_temp/da1a01e7-bc38-4154-8860-63c7b9dfc85b' before making global git config changes
validate	Post Run actions/checkout@11d5960a326750d5838078e36cf38b85af677262	2026-09-19T22:54:20.7837381Z Adding repository directory to the temporary git global config as a safe directory
validate	Post Run actions/checkout@11d5960a326750d5838078e36cf38b85af677262	2026-09-19T22:54:20.7844876Z [command]/usr/bin/git config --global --add safe.directory /home/runner/work/scenarios/scenarios
validate	Post Run actions/checkout@11d5960a326750d5838078e36cf38b85af677262	2026-09-19T22:54:20.7887648Z [command]/usr/bin/git config --local --name-only --get-regexp core\.sshCommand
validate	Post Run actions/checkout@11d5960a326750d5838078e36cf38b85af677262	2026-09-19T22:54:20.7926253Z [command]/usr/bin/git submodule foreach --recursive sh -c "git config --local --name-only --get-regexp 'core\.sshCommand' && git config --local --unset-all 'core.sshCommand' || :"
validate	Post Run actions/checkout@11d5960a326750d5838078e36cf38b85af677262	2026-09-19T22:54:20.8256775Z [command]/usr/bin/git config --local --name-only --get-regexp http\.https\:\/\/github\.com\/\.extraheader
validate	Post Run actions/checkout@11d5960a326750d5838078e36cf38b85af677262	2026-09-19T22:54:20.8311592Z [command]/usr/bin/git submodule foreach --recursive sh -c "git config --local --name-only --get-regexp 'http\.https\:\/\/github\.com\/\.extraheader' && git config --local --unset-all 'http.https://github.com/.extraheader' || :"
validate	Post Run actions/checkout@11d5960a326750d5838078e36cf38b85af677262	2026-09-19T22:54:20.8673186Z [command]/usr/bin/git config --local --name-only --get-regexp ^includeIf\.gitdir:
validate	Post Run actions/checkout@11d5960a326750d5838078e36cf38b85af677262	2026-09-19T22:54:20.8720800Z [command]/usr/bin/git submodule foreach --recursive git config --local --show-origin --name-only --get-regexp remote.origin.url
validate	Complete job	﻿2026-09-19T22:54:20.9198588Z Cleaning up orphan processes
validate	Complete job	2026-09-19T22:54:20.9464078Z ##[warning]Node.js 20 is deprecated. The following actions target Node.js 20 but are being forced to run on Node.js 24: actions/checkout@11d5960a326750d5838078e36cf38b85af677262, actions/setup-python@a26af69be951a213d495a4c3e4e4022e16d87065. For more information see: https://github.blog/changelog/2025-09-19-deprecation-of-node-20-on-github-actions-runners/
compatibility (3.13, 0d3857839b2187541e573bec2e58042ad5bf0b45)	Set up job	﻿2026-09-19T22:54:49.7623673Z Current runner version: '2.337.0'
compatibility (3.13, 0d3857839b2187541e573bec2e58042ad5bf0b45)	Set up job	2026-09-19T22:54:49.7658177Z ##[group]Runner Image Provisioner
compatibility (3.13, 0d3857839b2187541e573bec2e58042ad5bf0b45)	Set up job	2026-09-19T22:54:49.7659731Z Hosted Compute Agent
compatibility (3.13, 0d3857839b2187541e573bec2e58042ad5bf0b45)	Set up job	2026-09-19T22:54:49.7660773Z Version: 20260828.587
compatibility (3.13, 0d3857839b2187541e573bec2e58042ad5bf0b45)	Set up job	2026-09-19T22:54:49.7661868Z Commit: abac92662cab4cc7352de4f9f9d2e2419aad9c29
compatibility (3.13, 0d3857839b2187541e573bec2e58042ad5bf0b45)	Set up job	2026-09-19T22:54:49.7663062Z Build Date: 2026-08-28T16:44:25Z
compatibility (3.13, 0d3857839b2187541e573bec2e58042ad5bf0b45)	Set up job	2026-09-19T22:54:49.7664314Z Worker ID: {ad4e4a30-2db5-4583-b1c7-a9f4a632a9e5}
compatibility (3.13, 0d3857839b2187541e573bec2e58042ad5bf0b45)	Set up job	2026-09-19T22:54:49.7665547Z Azure Region: eastus
compatibility (3.13, 0d3857839b2187541e573bec2e58042ad5bf0b45)	Set up job	2026-09-19T22:54:49.7666528Z ##[endgroup]
compatibility (3.13, 0d3857839b2187541e573bec2e58042ad5bf0b45)	Set up job	2026-09-19T22:54:49.7669284Z ##[group]Operating System
compatibility (3.13, 0d3857839b2187541e573bec2e58042ad5bf0b45)	Set up job	2026-09-19T22:54:49.7670401Z Ubuntu
compatibility (3.13, 0d3857839b2187541e573bec2e58042ad5bf0b45)	Set up job	2026-09-19T22:54:49.7671302Z 24.04.5
compatibility (3.13, 0d3857839b2187541e573bec2e58042ad5bf0b45)	Set up job	2026-09-19T22:54:49.7672173Z LTS
compatibility (3.13, 0d3857839b2187541e573bec2e58042ad5bf0b45)	Set up job	2026-09-19T22:54:49.7673119Z ##[endgroup]
compatibility (3.13, 0d3857839b2187541e573bec2e58042ad5bf0b45)	Set up job	2026-09-19T22:54:49.7673995Z ##[group]Runner Image
compatibility (3.13, 0d3857839b2187541e573bec2e58042ad5bf0b45)	Set up job	2026-09-19T22:54:49.7674989Z Image: ubuntu-24.04
compatibility (3.13, 0d3857839b2187541e573bec2e58042ad5bf0b45)	Set up job	2026-09-19T22:54:49.7676016Z Version: 20260907.300.1
compatibility (3.13, 0d3857839b2187541e573bec2e58042ad5bf0b45)	Set up job	2026-09-19T22:54:49.7677864Z Included Software: https://github.com/actions/runner-images/blob/ubuntu24/20260907.300/images/ubuntu/Ubuntu2404-Readme.md
compatibility (3.13, 0d3857839b2187541e573bec2e58042ad5bf0b45)	Set up job	2026-09-19T22:54:49.7681109Z Image Release: https://github.com/actions/runner-images/releases/tag/ubuntu24%2F20260907.300
compatibility (3.13, 0d3857839b2187541e573bec2e58042ad5bf0b45)	Set up job	2026-09-19T22:54:49.7682877Z ##[endgroup]
compatibility (3.13, 0d3857839b2187541e573bec2e58042ad5bf0b45)	Set up job	2026-09-19T22:54:49.7684815Z ##[group]GITHUB_TOKEN Permissions
compatibility (3.13, 0d3857839b2187541e573bec2e58042ad5bf0b45)	Set up job	2026-09-19T22:54:49.7687484Z Contents: read
compatibility (3.13, 0d3857839b2187541e573bec2e58042ad5bf0b45)	Set up job	2026-09-19T22:54:49.7688486Z Metadata: read
compatibility (3.13, 0d3857839b2187541e573bec2e58042ad5bf0b45)	Set up job	2026-09-19T22:54:49.7689797Z ##[endgroup]
compatibility (3.13, 0d3857839b2187541e573bec2e58042ad5bf0b45)	Set up job	2026-09-19T22:54:49.7692772Z Secret source: Actions
compatibility (3.13, 0d3857839b2187541e573bec2e58042ad5bf0b45)	Set up job	2026-09-19T22:54:49.7694357Z Cache mode: write
compatibility (3.13, 0d3857839b2187541e573bec2e58042ad5bf0b45)	Set up job	2026-09-19T22:54:49.7695487Z Prepare workflow directory
compatibility (3.13, 0d3857839b2187541e573bec2e58042ad5bf0b45)	Set up job	2026-09-19T22:54:49.8170986Z Prepare all required actions
compatibility (3.13, 0d3857839b2187541e573bec2e58042ad5bf0b45)	Set up job	2026-09-19T22:54:49.8244172Z Getting action download info
compatibility (3.13, 0d3857839b2187541e573bec2e58042ad5bf0b45)	Set up job	2026-09-19T22:54:50.0367449Z Download action repository 'actions/checkout@11d5960a326750d5838078e36cf38b85af677262' (SHA:11d5960a326750d5838078e36cf38b85af677262)
compatibility (3.13, 0d3857839b2187541e573bec2e58042ad5bf0b45)	Set up job	2026-09-19T22:54:50.1590689Z Download action repository 'actions/setup-python@a26af69be951a213d495a4c3e4e4022e16d87065' (SHA:a26af69be951a213d495a4c3e4e4022e16d87065)
compatibility (3.13, 0d3857839b2187541e573bec2e58042ad5bf0b45)	Set up job	2026-09-19T22:54:50.3547761Z Complete job name: compatibility (3.13, 0d3857839b2187541e573bec2e58042ad5bf0b45)
compatibility (3.13, 0d3857839b2187541e573bec2e58042ad5bf0b45)	Run actions/checkout@11d5960a326750d5838078e36cf38b85af677262	﻿2026-09-19T22:54:50.4321028Z Node 20 is being deprecated. This workflow is running with Node 24 by default. If you need to temporarily use Node 20, you can set the ACTIONS_ALLOW_USE_UNSECURE_NODE_VERSION=true environment variable. For more information see: https://github.blog/changelog/2025-09-19-deprecation-of-node-20-on-github-actions-runners/
compatibility (3.13, 0d3857839b2187541e573bec2e58042ad5bf0b45)	Run actions/checkout@11d5960a326750d5838078e36cf38b85af677262	2026-09-19T22:54:50.4330369Z ##[group]Run actions/checkout@11d5960a326750d5838078e36cf38b85af677262
compatibility (3.13, 0d3857839b2187541e573bec2e58042ad5bf0b45)	Run actions/checkout@11d5960a326750d5838078e36cf38b85af677262	2026-09-19T22:54:50.4331299Z with:
compatibility (3.13, 0d3857839b2187541e573bec2e58042ad5bf0b45)	Run actions/checkout@11d5960a326750d5838078e36cf38b85af677262	2026-09-19T22:54:50.4331764Z   persist-credentials: false
compatibility (3.13, 0d3857839b2187541e573bec2e58042ad5bf0b45)	Run actions/checkout@11d5960a326750d5838078e36cf38b85af677262	2026-09-19T22:54:50.4332301Z   repository: entrotter/scenarios
compatibility (3.13, 0d3857839b2187541e573bec2e58042ad5bf0b45)	Run actions/checkout@11d5960a326750d5838078e36cf38b85af677262	2026-09-19T22:54:50.4336284Z   token: ***
compatibility (3.13, 0d3857839b2187541e573bec2e58042ad5bf0b45)	Run actions/checkout@11d5960a326750d5838078e36cf38b85af677262	2026-09-19T22:54:50.4336719Z   ssh-strict: true
compatibility (3.13, 0d3857839b2187541e573bec2e58042ad5bf0b45)	Run actions/checkout@11d5960a326750d5838078e36cf38b85af677262	2026-09-19T22:54:50.4337188Z   ssh-user: git
compatibility (3.13, 0d3857839b2187541e573bec2e58042ad5bf0b45)	Run actions/checkout@11d5960a326750d5838078e36cf38b85af677262	2026-09-19T22:54:50.4337668Z   clean: true
compatibility (3.13, 0d3857839b2187541e573bec2e58042ad5bf0b45)	Run actions/checkout@11d5960a326750d5838078e36cf38b85af677262	2026-09-19T22:54:50.4338174Z   sparse-checkout-cone-mode: true
compatibility (3.13, 0d3857839b2187541e573bec2e58042ad5bf0b45)	Run actions/checkout@11d5960a326750d5838078e36cf38b85af677262	2026-09-19T22:54:50.4338943Z   fetch-depth: 1
compatibility (3.13, 0d3857839b2187541e573bec2e58042ad5bf0b45)	Run actions/checkout@11d5960a326750d5838078e36cf38b85af677262	2026-09-19T22:54:50.4339447Z   fetch-tags: false
compatibility (3.13, 0d3857839b2187541e573bec2e58042ad5bf0b45)	Run actions/checkout@11d5960a326750d5838078e36cf38b85af677262	2026-09-19T22:54:50.4339906Z   show-progress: true
compatibility (3.13, 0d3857839b2187541e573bec2e58042ad5bf0b45)	Run actions/checkout@11d5960a326750d5838078e36cf38b85af677262	2026-09-19T22:54:50.4340374Z   lfs: false
compatibility (3.13, 0d3857839b2187541e573bec2e58042ad5bf0b45)	Run actions/checkout@11d5960a326750d5838078e36cf38b85af677262	2026-09-19T22:54:50.4340824Z   submodules: false
compatibility (3.13, 0d3857839b2187541e573bec2e58042ad5bf0b45)	Run actions/checkout@11d5960a326750d5838078e36cf38b85af677262	2026-09-19T22:54:50.4341273Z   set-safe-directory: true
compatibility (3.13, 0d3857839b2187541e573bec2e58042ad5bf0b45)	Run actions/checkout@11d5960a326750d5838078e36cf38b85af677262	2026-09-19T22:54:50.4341785Z   allow-unsafe-pr-checkout: false
compatibility (3.13, 0d3857839b2187541e573bec2e58042ad5bf0b45)	Run actions/checkout@11d5960a326750d5838078e36cf38b85af677262	2026-09-19T22:54:50.4342561Z ##[endgroup]
compatibility (3.13, 0d3857839b2187541e573bec2e58042ad5bf0b45)	Run actions/checkout@11d5960a326750d5838078e36cf38b85af677262	2026-09-19T22:54:50.5341553Z Syncing repository: entrotter/scenarios
compatibility (3.13, 0d3857839b2187541e573bec2e58042ad5bf0b45)	Run actions/checkout@11d5960a326750d5838078e36cf38b85af677262	2026-09-19T22:54:50.5343790Z ##[group]Getting Git version info
compatibility (3.13, 0d3857839b2187541e573bec2e58042ad5bf0b45)	Run actions/checkout@11d5960a326750d5838078e36cf38b85af677262	2026-09-19T22:54:50.5344586Z Working directory is '/home/runner/work/scenarios/scenarios'
compatibility (3.13, 0d3857839b2187541e573bec2e58042ad5bf0b45)	Run actions/checkout@11d5960a326750d5838078e36cf38b85af677262	2026-09-19T22:54:50.5345700Z [command]/usr/bin/git version
compatibility (3.13, 0d3857839b2187541e573bec2e58042ad5bf0b45)	Run actions/checkout@11d5960a326750d5838078e36cf38b85af677262	2026-09-19T22:54:50.5451009Z git version 2.55.0
compatibility (3.13, 0d3857839b2187541e573bec2e58042ad5bf0b45)	Run actions/checkout@11d5960a326750d5838078e36cf38b85af677262	2026-09-19T22:54:50.5477715Z ##[endgroup]
compatibility (3.13, 0d3857839b2187541e573bec2e58042ad5bf0b45)	Run actions/checkout@11d5960a326750d5838078e36cf38b85af677262	2026-09-19T22:54:50.5495488Z Temporarily overriding HOME='/home/runner/work/_temp/038fd3f9-ddd5-4eea-bf5b-7223ca87f5da' before making global git config changes
compatibility (3.13, 0d3857839b2187541e573bec2e58042ad5bf0b45)	Run actions/checkout@11d5960a326750d5838078e36cf38b85af677262	2026-09-19T22:54:50.5497579Z Adding repository directory to the temporary git global config as a safe directory
compatibility (3.13, 0d3857839b2187541e573bec2e58042ad5bf0b45)	Run actions/checkout@11d5960a326750d5838078e36cf38b85af677262	2026-09-19T22:54:50.5500625Z [command]/usr/bin/git config --global --add safe.directory /home/runner/work/scenarios/scenarios
compatibility (3.13, 0d3857839b2187541e573bec2e58042ad5bf0b45)	Run actions/checkout@11d5960a326750d5838078e36cf38b85af677262	2026-09-19T22:54:50.5552693Z Deleting the contents of '/home/runner/work/scenarios/scenarios'
compatibility (3.13, 0d3857839b2187541e573bec2e58042ad5bf0b45)	Run actions/checkout@11d5960a326750d5838078e36cf38b85af677262	2026-09-19T22:54:50.5562173Z ##[group]Initializing the repository
compatibility (3.13, 0d3857839b2187541e573bec2e58042ad5bf0b45)	Run actions/checkout@11d5960a326750d5838078e36cf38b85af677262	2026-09-19T22:54:50.5563504Z [command]/usr/bin/git init /home/runner/work/scenarios/scenarios
compatibility (3.13, 0d3857839b2187541e573bec2e58042ad5bf0b45)	Run actions/checkout@11d5960a326750d5838078e36cf38b85af677262	2026-09-19T22:54:50.5677852Z hint: Using 'master' as the name for the initial branch. This default branch name
compatibility (3.13, 0d3857839b2187541e573bec2e58042ad5bf0b45)	Run actions/checkout@11d5960a326750d5838078e36cf38b85af677262	2026-09-19T22:54:50.5680116Z hint: will change to "main" in Git 3.0. To configure the initial branch name
compatibility (3.13, 0d3857839b2187541e573bec2e58042ad5bf0b45)	Run actions/checkout@11d5960a326750d5838078e36cf38b85af677262	2026-09-19T22:54:50.5681786Z hint: to use in all of your new repositories, which will suppress this warning,
compatibility (3.13, 0d3857839b2187541e573bec2e58042ad5bf0b45)	Run actions/checkout@11d5960a326750d5838078e36cf38b85af677262	2026-09-19T22:54:50.5683129Z hint: call:
compatibility (3.13, 0d3857839b2187541e573bec2e58042ad5bf0b45)	Run actions/checkout@11d5960a326750d5838078e36cf38b85af677262	2026-09-19T22:54:50.5683662Z hint:
compatibility (3.13, 0d3857839b2187541e573bec2e58042ad5bf0b45)	Run actions/checkout@11d5960a326750d5838078e36cf38b85af677262	2026-09-19T22:54:50.5684597Z hint: 	git config --global init.defaultBranch <name>
compatibility (3.13, 0d3857839b2187541e573bec2e58042ad5bf0b45)	Run actions/checkout@11d5960a326750d5838078e36cf38b85af677262	2026-09-19T22:54:50.5685333Z hint:
compatibility (3.13, 0d3857839b2187541e573bec2e58042ad5bf0b45)	Run actions/checkout@11d5960a326750d5838078e36cf38b85af677262	2026-09-19T22:54:50.5686277Z hint: Names commonly chosen instead of 'master' are 'main', 'trunk' and
compatibility (3.13, 0d3857839b2187541e573bec2e58042ad5bf0b45)	Run actions/checkout@11d5960a326750d5838078e36cf38b85af677262	2026-09-19T22:54:50.5687686Z hint: 'development'. The just-created branch can be renamed via this command:
compatibility (3.13, 0d3857839b2187541e573bec2e58042ad5bf0b45)	Run actions/checkout@11d5960a326750d5838078e36cf38b85af677262	2026-09-19T22:54:50.5688467Z hint:
compatibility (3.13, 0d3857839b2187541e573bec2e58042ad5bf0b45)	Run actions/checkout@11d5960a326750d5838078e36cf38b85af677262	2026-09-19T22:54:50.5689276Z hint: 	git branch -m <name>
compatibility (3.13, 0d3857839b2187541e573bec2e58042ad5bf0b45)	Run actions/checkout@11d5960a326750d5838078e36cf38b85af677262	2026-09-19T22:54:50.5689814Z hint:
compatibility (3.13, 0d3857839b2187541e573bec2e58042ad5bf0b45)	Run actions/checkout@11d5960a326750d5838078e36cf38b85af677262	2026-09-19T22:54:50.5690443Z hint: Disable this message with "git config set advice.defaultBranchName false"
compatibility (3.13, 0d3857839b2187541e573bec2e58042ad5bf0b45)	Run actions/checkout@11d5960a326750d5838078e36cf38b85af677262	2026-09-19T22:54:50.5691473Z Initialized empty Git repository in /home/runner/work/scenarios/scenarios/.git/
compatibility (3.13, 0d3857839b2187541e573bec2e58042ad5bf0b45)	Run actions/checkout@11d5960a326750d5838078e36cf38b85af677262	2026-09-19T22:54:50.5694425Z [command]/usr/bin/git remote add origin https://github.com/entrotter/scenarios
compatibility (3.13, 0d3857839b2187541e573bec2e58042ad5bf0b45)	Run actions/checkout@11d5960a326750d5838078e36cf38b85af677262	2026-09-19T22:54:50.5747651Z ##[endgroup]
compatibility (3.13, 0d3857839b2187541e573bec2e58042ad5bf0b45)	Run actions/checkout@11d5960a326750d5838078e36cf38b85af677262	2026-09-19T22:54:50.5749453Z ##[group]Disabling automatic garbage collection
compatibility (3.13, 0d3857839b2187541e573bec2e58042ad5bf0b45)	Run actions/checkout@11d5960a326750d5838078e36cf38b85af677262	2026-09-19T22:54:50.5756212Z [command]/usr/bin/git config --local gc.auto 0
compatibility (3.13, 0d3857839b2187541e573bec2e58042ad5bf0b45)	Run actions/checkout@11d5960a326750d5838078e36cf38b85af677262	2026-09-19T22:54:50.5796472Z ##[endgroup]
compatibility (3.13, 0d3857839b2187541e573bec2e58042ad5bf0b45)	Run actions/checkout@11d5960a326750d5838078e36cf38b85af677262	2026-09-19T22:54:50.5798523Z ##[group]Setting up auth
compatibility (3.13, 0d3857839b2187541e573bec2e58042ad5bf0b45)	Run actions/checkout@11d5960a326750d5838078e36cf38b85af677262	2026-09-19T22:54:50.5804536Z [command]/usr/bin/git config --local --name-only --get-regexp core\.sshCommand
compatibility (3.13, 0d3857839b2187541e573bec2e58042ad5bf0b45)	Run actions/checkout@11d5960a326750d5838078e36cf38b85af677262	2026-09-19T22:54:50.5840499Z [command]/usr/bin/git submodule foreach --recursive sh -c "git config --local --name-only --get-regexp 'core\.sshCommand' && git config --local --unset-all 'core.sshCommand' || :"
compatibility (3.13, 0d3857839b2187541e573bec2e58042ad5bf0b45)	Run actions/checkout@11d5960a326750d5838078e36cf38b85af677262	2026-09-19T22:54:50.6225706Z [command]/usr/bin/git config --local --name-only --get-regexp http\.https\:\/\/github\.com\/\.extraheader
compatibility (3.13, 0d3857839b2187541e573bec2e58042ad5bf0b45)	Run actions/checkout@11d5960a326750d5838078e36cf38b85af677262	2026-09-19T22:54:50.6272323Z [command]/usr/bin/git submodule foreach --recursive sh -c "git config --local --name-only --get-regexp 'http\.https\:\/\/github\.com\/\.extraheader' && git config --local --unset-all 'http.https://github.com/.extraheader' || :"
compatibility (3.13, 0d3857839b2187541e573bec2e58042ad5bf0b45)	Run actions/checkout@11d5960a326750d5838078e36cf38b85af677262	2026-09-19T22:54:50.6496326Z [command]/usr/bin/git config --local --name-only --get-regexp ^includeIf\.gitdir:
compatibility (3.13, 0d3857839b2187541e573bec2e58042ad5bf0b45)	Run actions/checkout@11d5960a326750d5838078e36cf38b85af677262	2026-09-19T22:54:50.6533442Z [command]/usr/bin/git submodule foreach --recursive git config --local --show-origin --name-only --get-regexp remote.origin.url
compatibility (3.13, 0d3857839b2187541e573bec2e58042ad5bf0b45)	Run actions/checkout@11d5960a326750d5838078e36cf38b85af677262	2026-09-19T22:54:50.6758010Z [command]/usr/bin/git config --local http.https://github.com/.extraheader AUTHORIZATION: basic ***
compatibility (3.13, 0d3857839b2187541e573bec2e58042ad5bf0b45)	Run actions/checkout@11d5960a326750d5838078e36cf38b85af677262	2026-09-19T22:54:50.6797188Z ##[endgroup]
compatibility (3.13, 0d3857839b2187541e573bec2e58042ad5bf0b45)	Run actions/checkout@11d5960a326750d5838078e36cf38b85af677262	2026-09-19T22:54:50.6798049Z ##[group]Fetching the repository
compatibility (3.13, 0d3857839b2187541e573bec2e58042ad5bf0b45)	Run actions/checkout@11d5960a326750d5838078e36cf38b85af677262	2026-09-19T22:54:50.6807247Z [command]/usr/bin/git -c protocol.version=2 fetch --no-tags --prune --no-recurse-submodules --depth=1 origin +63cf50e68d41db467c424d704c649efb9bd6211b:refs/remotes/pull/8/merge
compatibility (3.13, 0d3857839b2187541e573bec2e58042ad5bf0b45)	Run actions/checkout@11d5960a326750d5838078e36cf38b85af677262	2026-09-19T22:54:50.9119315Z From https://github.com/entrotter/scenarios
compatibility (3.13, 0d3857839b2187541e573bec2e58042ad5bf0b45)	Run actions/checkout@11d5960a326750d5838078e36cf38b85af677262	2026-09-19T22:54:50.9120911Z  * [new ref]         63cf50e68d41db467c424d704c649efb9bd6211b -> pull/8/merge
compatibility (3.13, 0d3857839b2187541e573bec2e58042ad5bf0b45)	Run actions/checkout@11d5960a326750d5838078e36cf38b85af677262	2026-09-19T22:54:50.9125463Z ##[endgroup]
compatibility (3.13, 0d3857839b2187541e573bec2e58042ad5bf0b45)	Run actions/checkout@11d5960a326750d5838078e36cf38b85af677262	2026-09-19T22:54:50.9126816Z ##[group]Determining the checkout info
compatibility (3.13, 0d3857839b2187541e573bec2e58042ad5bf0b45)	Run actions/checkout@11d5960a326750d5838078e36cf38b85af677262	2026-09-19T22:54:50.9129096Z ##[endgroup]
compatibility (3.13, 0d3857839b2187541e573bec2e58042ad5bf0b45)	Run actions/checkout@11d5960a326750d5838078e36cf38b85af677262	2026-09-19T22:54:50.9135838Z [command]/usr/bin/git sparse-checkout disable
compatibility (3.13, 0d3857839b2187541e573bec2e58042ad5bf0b45)	Run actions/checkout@11d5960a326750d5838078e36cf38b85af677262	2026-09-19T22:54:50.9223550Z [command]/usr/bin/git config --local --unset-all extensions.worktreeConfig
compatibility (3.13, 0d3857839b2187541e573bec2e58042ad5bf0b45)	Run actions/checkout@11d5960a326750d5838078e36cf38b85af677262	2026-09-19T22:54:50.9255479Z ##[group]Checking out the ref
compatibility (3.13, 0d3857839b2187541e573bec2e58042ad5bf0b45)	Run actions/checkout@11d5960a326750d5838078e36cf38b85af677262	2026-09-19T22:54:50.9259748Z [command]/usr/bin/git checkout --progress --force refs/remotes/pull/8/merge
compatibility (3.13, 0d3857839b2187541e573bec2e58042ad5bf0b45)	Run actions/checkout@11d5960a326750d5838078e36cf38b85af677262	2026-09-19T22:54:50.9341615Z Note: switching to 'refs/remotes/pull/8/merge'.
compatibility (3.13, 0d3857839b2187541e573bec2e58042ad5bf0b45)	Run actions/checkout@11d5960a326750d5838078e36cf38b85af677262	2026-09-19T22:54:50.9342452Z
compatibility (3.13, 0d3857839b2187541e573bec2e58042ad5bf0b45)	Run actions/checkout@11d5960a326750d5838078e36cf38b85af677262	2026-09-19T22:54:50.9343113Z You are in 'detached HEAD' state. You can look around, make experimental
compatibility (3.13, 0d3857839b2187541e573bec2e58042ad5bf0b45)	Run actions/checkout@11d5960a326750d5838078e36cf38b85af677262	2026-09-19T22:54:50.9344621Z changes and commit them, and you can discard any commits you make in this
compatibility (3.13, 0d3857839b2187541e573bec2e58042ad5bf0b45)	Run actions/checkout@11d5960a326750d5838078e36cf38b85af677262	2026-09-19T22:54:50.9345862Z state without impacting any branches by switching back to a branch.
compatibility (3.13, 0d3857839b2187541e573bec2e58042ad5bf0b45)	Run actions/checkout@11d5960a326750d5838078e36cf38b85af677262	2026-09-19T22:54:50.9346429Z
compatibility (3.13, 0d3857839b2187541e573bec2e58042ad5bf0b45)	Run actions/checkout@11d5960a326750d5838078e36cf38b85af677262	2026-09-19T22:54:50.9346796Z If you want to create a new branch to retain commits you create, you may
compatibility (3.13, 0d3857839b2187541e573bec2e58042ad5bf0b45)	Run actions/checkout@11d5960a326750d5838078e36cf38b85af677262	2026-09-19T22:54:50.9347702Z do so (now or later) by using -c with the switch command. Example:
compatibility (3.13, 0d3857839b2187541e573bec2e58042ad5bf0b45)	Run actions/checkout@11d5960a326750d5838078e36cf38b85af677262	2026-09-19T22:54:50.9348351Z
compatibility (3.13, 0d3857839b2187541e573bec2e58042ad5bf0b45)	Run actions/checkout@11d5960a326750d5838078e36cf38b85af677262	2026-09-19T22:54:50.9349661Z   git switch -c <new-branch-name>
compatibility (3.13, 0d3857839b2187541e573bec2e58042ad5bf0b45)	Run actions/checkout@11d5960a326750d5838078e36cf38b85af677262	2026-09-19T22:54:50.9350428Z
compatibility (3.13, 0d3857839b2187541e573bec2e58042ad5bf0b45)	Run actions/checkout@11d5960a326750d5838078e36cf38b85af677262	2026-09-19T22:54:50.9350840Z Or undo this operation with:
compatibility (3.13, 0d3857839b2187541e573bec2e58042ad5bf0b45)	Run actions/checkout@11d5960a326750d5838078e36cf38b85af677262	2026-09-19T22:54:50.9351484Z
compatibility (3.13, 0d3857839b2187541e573bec2e58042ad5bf0b45)	Run actions/checkout@11d5960a326750d5838078e36cf38b85af677262	2026-09-19T22:54:50.9351859Z   git switch -
compatibility (3.13, 0d3857839b2187541e573bec2e58042ad5bf0b45)	Run actions/checkout@11d5960a326750d5838078e36cf38b85af677262	2026-09-19T22:54:50.9352358Z
compatibility (3.13, 0d3857839b2187541e573bec2e58042ad5bf0b45)	Run actions/checkout@11d5960a326750d5838078e36cf38b85af677262	2026-09-19T22:54:50.9353088Z Turn off this advice by setting config variable advice.detachedHead to false
compatibility (3.13, 0d3857839b2187541e573bec2e58042ad5bf0b45)	Run actions/checkout@11d5960a326750d5838078e36cf38b85af677262	2026-09-19T22:54:50.9354127Z
compatibility (3.13, 0d3857839b2187541e573bec2e58042ad5bf0b45)	Run actions/checkout@11d5960a326750d5838078e36cf38b85af677262	2026-09-19T22:54:50.9355260Z HEAD is now at 63cf50e Merge 3a78ecca24334ae87119a5a0b64c84ba6dd71de1 into 64d9c1908a1c157ad6c410a988fcef04178067dc
compatibility (3.13, 0d3857839b2187541e573bec2e58042ad5bf0b45)	Run actions/checkout@11d5960a326750d5838078e36cf38b85af677262	2026-09-19T22:54:50.9359139Z ##[endgroup]
compatibility (3.13, 0d3857839b2187541e573bec2e58042ad5bf0b45)	Run actions/checkout@11d5960a326750d5838078e36cf38b85af677262	2026-09-19T22:54:50.9400807Z [command]/usr/bin/git log -1 --format=%H
compatibility (3.13, 0d3857839b2187541e573bec2e58042ad5bf0b45)	Run actions/checkout@11d5960a326750d5838078e36cf38b85af677262	2026-09-19T22:54:50.9427107Z 63cf50e68d41db467c424d704c649efb9bd6211b
compatibility (3.13, 0d3857839b2187541e573bec2e58042ad5bf0b45)	Run actions/checkout@11d5960a326750d5838078e36cf38b85af677262	2026-09-19T22:54:50.9437347Z ##[group]Removing auth
compatibility (3.13, 0d3857839b2187541e573bec2e58042ad5bf0b45)	Run actions/checkout@11d5960a326750d5838078e36cf38b85af677262	2026-09-19T22:54:50.9442450Z [command]/usr/bin/git config --local --name-only --get-regexp core\.sshCommand
compatibility (3.13, 0d3857839b2187541e573bec2e58042ad5bf0b45)	Run actions/checkout@11d5960a326750d5838078e36cf38b85af677262	2026-09-19T22:54:50.9474869Z [command]/usr/bin/git submodule foreach --recursive sh -c "git config --local --name-only --get-regexp 'core\.sshCommand' && git config --local --unset-all 'core.sshCommand' || :"
compatibility (3.13, 0d3857839b2187541e573bec2e58042ad5bf0b45)	Run actions/checkout@11d5960a326750d5838078e36cf38b85af677262	2026-09-19T22:54:50.9696555Z [command]/usr/bin/git config --local --name-only --get-regexp http\.https\:\/\/github\.com\/\.extraheader
compatibility (3.13, 0d3857839b2187541e573bec2e58042ad5bf0b45)	Run actions/checkout@11d5960a326750d5838078e36cf38b85af677262	2026-09-19T22:54:50.9724413Z http.https://github.com/.extraheader
compatibility (3.13, 0d3857839b2187541e573bec2e58042ad5bf0b45)	Run actions/checkout@11d5960a326750d5838078e36cf38b85af677262	2026-09-19T22:54:50.9733366Z [command]/usr/bin/git config --local --unset-all http.https://github.com/.extraheader
compatibility (3.13, 0d3857839b2187541e573bec2e58042ad5bf0b45)	Run actions/checkout@11d5960a326750d5838078e36cf38b85af677262	2026-09-19T22:54:50.9769175Z [command]/usr/bin/git submodule foreach --recursive sh -c "git config --local --name-only --get-regexp 'http\.https\:\/\/github\.com\/\.extraheader' && git config --local --unset-all 'http.https://github.com/.extraheader' || :"
compatibility (3.13, 0d3857839b2187541e573bec2e58042ad5bf0b45)	Run actions/checkout@11d5960a326750d5838078e36cf38b85af677262	2026-09-19T22:54:50.9989413Z [command]/usr/bin/git config --local --name-only --get-regexp ^includeIf\.gitdir:
compatibility (3.13, 0d3857839b2187541e573bec2e58042ad5bf0b45)	Run actions/checkout@11d5960a326750d5838078e36cf38b85af677262	2026-09-19T22:54:51.0024787Z [command]/usr/bin/git submodule foreach --recursive git config --local --show-origin --name-only --get-regexp remote.origin.url
compatibility (3.13, 0d3857839b2187541e573bec2e58042ad5bf0b45)	Run actions/checkout@11d5960a326750d5838078e36cf38b85af677262	2026-09-19T22:54:51.0240016Z ##[endgroup]
compatibility (3.13, 0d3857839b2187541e573bec2e58042ad5bf0b45)	Run actions/checkout@11d5960a326750d5838078e36cf38b85af677262	﻿2026-09-19T22:54:51.0590695Z Node 20 is being deprecated. This workflow is running with Node 24 by default. If you need to temporarily use Node 20, you can set the ACTIONS_ALLOW_USE_UNSECURE_NODE_VERSION=true environment variable. For more information see: https://github.blog/changelog/2025-09-19-deprecation-of-node-20-on-github-actions-runners/
compatibility (3.13, 0d3857839b2187541e573bec2e58042ad5bf0b45)	Run actions/checkout@11d5960a326750d5838078e36cf38b85af677262	2026-09-19T22:54:51.0593398Z ##[group]Run actions/checkout@11d5960a326750d5838078e36cf38b85af677262
compatibility (3.13, 0d3857839b2187541e573bec2e58042ad5bf0b45)	Run actions/checkout@11d5960a326750d5838078e36cf38b85af677262	2026-09-19T22:54:51.0594161Z with:
compatibility (3.13, 0d3857839b2187541e573bec2e58042ad5bf0b45)	Run actions/checkout@11d5960a326750d5838078e36cf38b85af677262	2026-09-19T22:54:51.0594669Z   repository: entrotter/engine
compatibility (3.13, 0d3857839b2187541e573bec2e58042ad5bf0b45)	Run actions/checkout@11d5960a326750d5838078e36cf38b85af677262	2026-09-19T22:54:51.0595290Z   ref: 0d3857839b2187541e573bec2e58042ad5bf0b45
compatibility (3.13, 0d3857839b2187541e573bec2e58042ad5bf0b45)	Run actions/checkout@11d5960a326750d5838078e36cf38b85af677262	2026-09-19T22:54:51.0595927Z   path: _deps/engine
compatibility (3.13, 0d3857839b2187541e573bec2e58042ad5bf0b45)	Run actions/checkout@11d5960a326750d5838078e36cf38b85af677262	2026-09-19T22:54:51.0596475Z   persist-credentials: false
compatibility (3.13, 0d3857839b2187541e573bec2e58042ad5bf0b45)	Run actions/checkout@11d5960a326750d5838078e36cf38b85af677262	2026-09-19T22:54:51.0600669Z   token: ***
compatibility (3.13, 0d3857839b2187541e573bec2e58042ad5bf0b45)	Run actions/checkout@11d5960a326750d5838078e36cf38b85af677262	2026-09-19T22:54:51.0601181Z   ssh-strict: true
compatibility (3.13, 0d3857839b2187541e573bec2e58042ad5bf0b45)	Run actions/checkout@11d5960a326750d5838078e36cf38b85af677262	2026-09-19T22:54:51.0601696Z   ssh-user: git
compatibility (3.13, 0d3857839b2187541e573bec2e58042ad5bf0b45)	Run actions/checkout@11d5960a326750d5838078e36cf38b85af677262	2026-09-19T22:54:51.0602206Z   clean: true
compatibility (3.13, 0d3857839b2187541e573bec2e58042ad5bf0b45)	Run actions/checkout@11d5960a326750d5838078e36cf38b85af677262	2026-09-19T22:54:51.0602733Z   sparse-checkout-cone-mode: true
compatibility (3.13, 0d3857839b2187541e573bec2e58042ad5bf0b45)	Run actions/checkout@11d5960a326750d5838078e36cf38b85af677262	2026-09-19T22:54:51.0603324Z   fetch-depth: 1
compatibility (3.13, 0d3857839b2187541e573bec2e58042ad5bf0b45)	Run actions/checkout@11d5960a326750d5838078e36cf38b85af677262	2026-09-19T22:54:51.0603832Z   fetch-tags: false
compatibility (3.13, 0d3857839b2187541e573bec2e58042ad5bf0b45)	Run actions/checkout@11d5960a326750d5838078e36cf38b85af677262	2026-09-19T22:54:51.0604391Z   show-progress: true
compatibility (3.13, 0d3857839b2187541e573bec2e58042ad5bf0b45)	Run actions/checkout@11d5960a326750d5838078e36cf38b85af677262	2026-09-19T22:54:51.0604921Z   lfs: false
compatibility (3.13, 0d3857839b2187541e573bec2e58042ad5bf0b45)	Run actions/checkout@11d5960a326750d5838078e36cf38b85af677262	2026-09-19T22:54:51.0605418Z   submodules: false
compatibility (3.13, 0d3857839b2187541e573bec2e58042ad5bf0b45)	Run actions/checkout@11d5960a326750d5838078e36cf38b85af677262	2026-09-19T22:54:51.0605946Z   set-safe-directory: true
compatibility (3.13, 0d3857839b2187541e573bec2e58042ad5bf0b45)	Run actions/checkout@11d5960a326750d5838078e36cf38b85af677262	2026-09-19T22:54:51.0606535Z   allow-unsafe-pr-checkout: false
compatibility (3.13, 0d3857839b2187541e573bec2e58042ad5bf0b45)	Run actions/checkout@11d5960a326750d5838078e36cf38b85af677262	2026-09-19T22:54:51.0607126Z ##[endgroup]
compatibility (3.13, 0d3857839b2187541e573bec2e58042ad5bf0b45)	Run actions/checkout@11d5960a326750d5838078e36cf38b85af677262	2026-09-19T22:54:51.1471595Z Syncing repository: entrotter/engine
compatibility (3.13, 0d3857839b2187541e573bec2e58042ad5bf0b45)	Run actions/checkout@11d5960a326750d5838078e36cf38b85af677262	2026-09-19T22:54:51.1481465Z ##[group]Getting Git version info
compatibility (3.13, 0d3857839b2187541e573bec2e58042ad5bf0b45)	Run actions/checkout@11d5960a326750d5838078e36cf38b85af677262	2026-09-19T22:54:51.1492609Z Working directory is '/home/runner/work/scenarios/scenarios/_deps/engine'
compatibility (3.13, 0d3857839b2187541e573bec2e58042ad5bf0b45)	Run actions/checkout@11d5960a326750d5838078e36cf38b85af677262	2026-09-19T22:54:51.1525315Z [command]/usr/bin/git version
compatibility (3.13, 0d3857839b2187541e573bec2e58042ad5bf0b45)	Run actions/checkout@11d5960a326750d5838078e36cf38b85af677262	2026-09-19T22:54:51.1568843Z git version 2.55.0
compatibility (3.13, 0d3857839b2187541e573bec2e58042ad5bf0b45)	Run actions/checkout@11d5960a326750d5838078e36cf38b85af677262	2026-09-19T22:54:51.1593319Z ##[endgroup]
compatibility (3.13, 0d3857839b2187541e573bec2e58042ad5bf0b45)	Run actions/checkout@11d5960a326750d5838078e36cf38b85af677262	2026-09-19T22:54:51.1607127Z Temporarily overriding HOME='/home/runner/work/_temp/6c5b641c-39c7-4b88-b95e-2277fa459ac9' before making global git config changes
compatibility (3.13, 0d3857839b2187541e573bec2e58042ad5bf0b45)	Run actions/checkout@11d5960a326750d5838078e36cf38b85af677262	2026-09-19T22:54:51.1609362Z Adding repository directory to the temporary git global config as a safe directory
compatibility (3.13, 0d3857839b2187541e573bec2e58042ad5bf0b45)	Run actions/checkout@11d5960a326750d5838078e36cf38b85af677262	2026-09-19T22:54:51.1612486Z [command]/usr/bin/git config --global --add safe.directory /home/runner/work/scenarios/scenarios/_deps/engine
compatibility (3.13, 0d3857839b2187541e573bec2e58042ad5bf0b45)	Run actions/checkout@11d5960a326750d5838078e36cf38b85af677262	2026-09-19T22:54:51.1647123Z ##[group]Initializing the repository
compatibility (3.13, 0d3857839b2187541e573bec2e58042ad5bf0b45)	Run actions/checkout@11d5960a326750d5838078e36cf38b85af677262	2026-09-19T22:54:51.1653079Z [command]/usr/bin/git init /home/runner/work/scenarios/scenarios/_deps/engine
compatibility (3.13, 0d3857839b2187541e573bec2e58042ad5bf0b45)	Run actions/checkout@11d5960a326750d5838078e36cf38b85af677262	2026-09-19T22:54:51.1720823Z hint: Using 'master' as the name for the initial branch. This default branch name
compatibility (3.13, 0d3857839b2187541e573bec2e58042ad5bf0b45)	Run actions/checkout@11d5960a326750d5838078e36cf38b85af677262	2026-09-19T22:54:51.1722521Z hint: will change to "main" in Git 3.0. To configure the initial branch name
compatibility (3.13, 0d3857839b2187541e573bec2e58042ad5bf0b45)	Run actions/checkout@11d5960a326750d5838078e36cf38b85af677262	2026-09-19T22:54:51.1724082Z hint: to use in all of your new repositories, which will suppress this warning,
compatibility (3.13, 0d3857839b2187541e573bec2e58042ad5bf0b45)	Run actions/checkout@11d5960a326750d5838078e36cf38b85af677262	2026-09-19T22:54:51.1725320Z hint: call:
compatibility (3.13, 0d3857839b2187541e573bec2e58042ad5bf0b45)	Run actions/checkout@11d5960a326750d5838078e36cf38b85af677262	2026-09-19T22:54:51.1729233Z hint:
compatibility (3.13, 0d3857839b2187541e573bec2e58042ad5bf0b45)	Run actions/checkout@11d5960a326750d5838078e36cf38b85af677262	2026-09-19T22:54:51.1730102Z hint: 	git config --global init.defaultBranch <name>
compatibility (3.13, 0d3857839b2187541e573bec2e58042ad5bf0b45)	Run actions/checkout@11d5960a326750d5838078e36cf38b85af677262	2026-09-19T22:54:51.1731180Z hint:
compatibility (3.13, 0d3857839b2187541e573bec2e58042ad5bf0b45)	Run actions/checkout@11d5960a326750d5838078e36cf38b85af677262	2026-09-19T22:54:51.1732167Z hint: Names commonly chosen instead of 'master' are 'main', 'trunk' and
compatibility (3.13, 0d3857839b2187541e573bec2e58042ad5bf0b45)	Run actions/checkout@11d5960a326750d5838078e36cf38b85af677262	2026-09-19T22:54:51.1733664Z hint: 'development'. The just-created branch can be renamed via this command:
compatibility (3.13, 0d3857839b2187541e573bec2e58042ad5bf0b45)	Run actions/checkout@11d5960a326750d5838078e36cf38b85af677262	2026-09-19T22:54:51.1734886Z hint:
compatibility (3.13, 0d3857839b2187541e573bec2e58042ad5bf0b45)	Run actions/checkout@11d5960a326750d5838078e36cf38b85af677262	2026-09-19T22:54:51.1735607Z hint: 	git branch -m <name>
compatibility (3.13, 0d3857839b2187541e573bec2e58042ad5bf0b45)	Run actions/checkout@11d5960a326750d5838078e36cf38b85af677262	2026-09-19T22:54:51.1736402Z hint:
compatibility (3.13, 0d3857839b2187541e573bec2e58042ad5bf0b45)	Run actions/checkout@11d5960a326750d5838078e36cf38b85af677262	2026-09-19T22:54:51.1737424Z hint: Disable this message with "git config set advice.defaultBranchName false"
compatibility (3.13, 0d3857839b2187541e573bec2e58042ad5bf0b45)	Run actions/checkout@11d5960a326750d5838078e36cf38b85af677262	2026-09-19T22:54:51.1739362Z Initialized empty Git repository in /home/runner/work/scenarios/scenarios/_deps/engine/.git/
compatibility (3.13, 0d3857839b2187541e573bec2e58042ad5bf0b45)	Run actions/checkout@11d5960a326750d5838078e36cf38b85af677262	2026-09-19T22:54:51.1742216Z [command]/usr/bin/git remote add origin https://github.com/entrotter/engine
compatibility (3.13, 0d3857839b2187541e573bec2e58042ad5bf0b45)	Run actions/checkout@11d5960a326750d5838078e36cf38b85af677262	2026-09-19T22:54:51.1755743Z ##[endgroup]
compatibility (3.13, 0d3857839b2187541e573bec2e58042ad5bf0b45)	Run actions/checkout@11d5960a326750d5838078e36cf38b85af677262	2026-09-19T22:54:51.1757063Z ##[group]Disabling automatic garbage collection
compatibility (3.13, 0d3857839b2187541e573bec2e58042ad5bf0b45)	Run actions/checkout@11d5960a326750d5838078e36cf38b85af677262	2026-09-19T22:54:51.1758484Z [command]/usr/bin/git config --local gc.auto 0
compatibility (3.13, 0d3857839b2187541e573bec2e58042ad5bf0b45)	Run actions/checkout@11d5960a326750d5838078e36cf38b85af677262	2026-09-19T22:54:51.1788437Z ##[endgroup]
compatibility (3.13, 0d3857839b2187541e573bec2e58042ad5bf0b45)	Run actions/checkout@11d5960a326750d5838078e36cf38b85af677262	2026-09-19T22:54:51.1790396Z ##[group]Setting up auth
compatibility (3.13, 0d3857839b2187541e573bec2e58042ad5bf0b45)	Run actions/checkout@11d5960a326750d5838078e36cf38b85af677262	2026-09-19T22:54:51.1797100Z [command]/usr/bin/git config --local --name-only --get-regexp core\.sshCommand
compatibility (3.13, 0d3857839b2187541e573bec2e58042ad5bf0b45)	Run actions/checkout@11d5960a326750d5838078e36cf38b85af677262	2026-09-19T22:54:51.1831649Z [command]/usr/bin/git submodule foreach --recursive sh -c "git config --local --name-only --get-regexp 'core\.sshCommand' && git config --local --unset-all 'core.sshCommand' || :"
compatibility (3.13, 0d3857839b2187541e573bec2e58042ad5bf0b45)	Run actions/checkout@11d5960a326750d5838078e36cf38b85af677262	2026-09-19T22:54:51.2077387Z [command]/usr/bin/git config --local --name-only --get-regexp http\.https\:\/\/github\.com\/\.extraheader
compatibility (3.13, 0d3857839b2187541e573bec2e58042ad5bf0b45)	Run actions/checkout@11d5960a326750d5838078e36cf38b85af677262	2026-09-19T22:54:51.2112612Z [command]/usr/bin/git submodule foreach --recursive sh -c "git config --local --name-only --get-regexp 'http\.https\:\/\/github\.com\/\.extraheader' && git config --local --unset-all 'http.https://github.com/.extraheader' || :"
compatibility (3.13, 0d3857839b2187541e573bec2e58042ad5bf0b45)	Run actions/checkout@11d5960a326750d5838078e36cf38b85af677262	2026-09-19T22:54:51.2394132Z [command]/usr/bin/git config --local --name-only --get-regexp ^includeIf\.gitdir:
compatibility (3.13, 0d3857839b2187541e573bec2e58042ad5bf0b45)	Run actions/checkout@11d5960a326750d5838078e36cf38b85af677262	2026-09-19T22:54:51.2433345Z [command]/usr/bin/git submodule foreach --recursive git config --local --show-origin --name-only --get-regexp remote.origin.url
compatibility (3.13, 0d3857839b2187541e573bec2e58042ad5bf0b45)	Run actions/checkout@11d5960a326750d5838078e36cf38b85af677262	2026-09-19T22:54:51.2688751Z [command]/usr/bin/git config --local http.https://github.com/.extraheader AUTHORIZATION: basic ***
compatibility (3.13, 0d3857839b2187541e573bec2e58042ad5bf0b45)	Run actions/checkout@11d5960a326750d5838078e36cf38b85af677262	2026-09-19T22:54:51.2729978Z ##[endgroup]
compatibility (3.13, 0d3857839b2187541e573bec2e58042ad5bf0b45)	Run actions/checkout@11d5960a326750d5838078e36cf38b85af677262	2026-09-19T22:54:51.2731257Z ##[group]Fetching the repository
compatibility (3.13, 0d3857839b2187541e573bec2e58042ad5bf0b45)	Run actions/checkout@11d5960a326750d5838078e36cf38b85af677262	2026-09-19T22:54:51.2740153Z [command]/usr/bin/git -c protocol.version=2 fetch --no-tags --prune --no-recurse-submodules --depth=1 origin 0d3857839b2187541e573bec2e58042ad5bf0b45
compatibility (3.13, 0d3857839b2187541e573bec2e58042ad5bf0b45)	Run actions/checkout@11d5960a326750d5838078e36cf38b85af677262	2026-09-19T22:54:51.6218249Z From https://github.com/entrotter/engine
compatibility (3.13, 0d3857839b2187541e573bec2e58042ad5bf0b45)	Run actions/checkout@11d5960a326750d5838078e36cf38b85af677262	2026-09-19T22:54:51.6220177Z  * branch            0d3857839b2187541e573bec2e58042ad5bf0b45 -> FETCH_HEAD
compatibility (3.13, 0d3857839b2187541e573bec2e58042ad5bf0b45)	Run actions/checkout@11d5960a326750d5838078e36cf38b85af677262	2026-09-19T22:54:51.6223970Z ##[endgroup]
compatibility (3.13, 0d3857839b2187541e573bec2e58042ad5bf0b45)	Run actions/checkout@11d5960a326750d5838078e36cf38b85af677262	2026-09-19T22:54:51.6225247Z ##[group]Determining the checkout info
compatibility (3.13, 0d3857839b2187541e573bec2e58042ad5bf0b45)	Run actions/checkout@11d5960a326750d5838078e36cf38b85af677262	2026-09-19T22:54:51.6226995Z ##[endgroup]
compatibility (3.13, 0d3857839b2187541e573bec2e58042ad5bf0b45)	Run actions/checkout@11d5960a326750d5838078e36cf38b85af677262	2026-09-19T22:54:51.6234923Z [command]/usr/bin/git sparse-checkout disable
compatibility (3.13, 0d3857839b2187541e573bec2e58042ad5bf0b45)	Run actions/checkout@11d5960a326750d5838078e36cf38b85af677262	2026-09-19T22:54:51.6281593Z [command]/usr/bin/git config --local --unset-all extensions.worktreeConfig
compatibility (3.13, 0d3857839b2187541e573bec2e58042ad5bf0b45)	Run actions/checkout@11d5960a326750d5838078e36cf38b85af677262	2026-09-19T22:54:51.6313552Z ##[group]Checking out the ref
compatibility (3.13, 0d3857839b2187541e573bec2e58042ad5bf0b45)	Run actions/checkout@11d5960a326750d5838078e36cf38b85af677262	2026-09-19T22:54:51.6318125Z [command]/usr/bin/git checkout --progress --force 0d3857839b2187541e573bec2e58042ad5bf0b45
compatibility (3.13, 0d3857839b2187541e573bec2e58042ad5bf0b45)	Run actions/checkout@11d5960a326750d5838078e36cf38b85af677262	2026-09-19T22:54:51.6407300Z Note: switching to '0d3857839b2187541e573bec2e58042ad5bf0b45'.
compatibility (3.13, 0d3857839b2187541e573bec2e58042ad5bf0b45)	Run actions/checkout@11d5960a326750d5838078e36cf38b85af677262	2026-09-19T22:54:51.6408164Z
compatibility (3.13, 0d3857839b2187541e573bec2e58042ad5bf0b45)	Run actions/checkout@11d5960a326750d5838078e36cf38b85af677262	2026-09-19T22:54:51.6408700Z You are in 'detached HEAD' state. You can look around, make experimental
compatibility (3.13, 0d3857839b2187541e573bec2e58042ad5bf0b45)	Run actions/checkout@11d5960a326750d5838078e36cf38b85af677262	2026-09-19T22:54:51.6410681Z changes and commit them, and you can discard any commits you make in this
compatibility (3.13, 0d3857839b2187541e573bec2e58042ad5bf0b45)	Run actions/checkout@11d5960a326750d5838078e36cf38b85af677262	2026-09-19T22:54:51.6412024Z state without impacting any branches by switching back to a branch.
compatibility (3.13, 0d3857839b2187541e573bec2e58042ad5bf0b45)	Run actions/checkout@11d5960a326750d5838078e36cf38b85af677262	2026-09-19T22:54:51.6413009Z
compatibility (3.13, 0d3857839b2187541e573bec2e58042ad5bf0b45)	Run actions/checkout@11d5960a326750d5838078e36cf38b85af677262	2026-09-19T22:54:51.6413789Z If you want to create a new branch to retain commits you create, you may
compatibility (3.13, 0d3857839b2187541e573bec2e58042ad5bf0b45)	Run actions/checkout@11d5960a326750d5838078e36cf38b85af677262	2026-09-19T22:54:51.6415564Z do so (now or later) by using -c with the switch command. Example:
compatibility (3.13, 0d3857839b2187541e573bec2e58042ad5bf0b45)	Run actions/checkout@11d5960a326750d5838078e36cf38b85af677262	2026-09-19T22:54:51.6416621Z
compatibility (3.13, 0d3857839b2187541e573bec2e58042ad5bf0b45)	Run actions/checkout@11d5960a326750d5838078e36cf38b85af677262	2026-09-19T22:54:51.6416886Z   git switch -c <new-branch-name>
compatibility (3.13, 0d3857839b2187541e573bec2e58042ad5bf0b45)	Run actions/checkout@11d5960a326750d5838078e36cf38b85af677262	2026-09-19T22:54:51.6417427Z
compatibility (3.13, 0d3857839b2187541e573bec2e58042ad5bf0b45)	Run actions/checkout@11d5960a326750d5838078e36cf38b85af677262	2026-09-19T22:54:51.6417698Z Or undo this operation with:
compatibility (3.13, 0d3857839b2187541e573bec2e58042ad5bf0b45)	Run actions/checkout@11d5960a326750d5838078e36cf38b85af677262	2026-09-19T22:54:51.6418194Z
compatibility (3.13, 0d3857839b2187541e573bec2e58042ad5bf0b45)	Run actions/checkout@11d5960a326750d5838078e36cf38b85af677262	2026-09-19T22:54:51.6418419Z   git switch -
compatibility (3.13, 0d3857839b2187541e573bec2e58042ad5bf0b45)	Run actions/checkout@11d5960a326750d5838078e36cf38b85af677262	2026-09-19T22:54:51.6419019Z
compatibility (3.13, 0d3857839b2187541e573bec2e58042ad5bf0b45)	Run actions/checkout@11d5960a326750d5838078e36cf38b85af677262	2026-09-19T22:54:51.6419766Z Turn off this advice by setting config variable advice.detachedHead to false
compatibility (3.13, 0d3857839b2187541e573bec2e58042ad5bf0b45)	Run actions/checkout@11d5960a326750d5838078e36cf38b85af677262	2026-09-19T22:54:51.6420925Z
compatibility (3.13, 0d3857839b2187541e573bec2e58042ad5bf0b45)	Run actions/checkout@11d5960a326750d5838078e36cf38b85af677262	2026-09-19T22:54:51.6421739Z HEAD is now at 0d38578 Share durable export retention budget across cooperating CLI writers
compatibility (3.13, 0d3857839b2187541e573bec2e58042ad5bf0b45)	Run actions/checkout@11d5960a326750d5838078e36cf38b85af677262	2026-09-19T22:54:51.6424753Z ##[endgroup]
compatibility (3.13, 0d3857839b2187541e573bec2e58042ad5bf0b45)	Run actions/checkout@11d5960a326750d5838078e36cf38b85af677262	2026-09-19T22:54:51.6452865Z [command]/usr/bin/git log -1 --format=%H
compatibility (3.13, 0d3857839b2187541e573bec2e58042ad5bf0b45)	Run actions/checkout@11d5960a326750d5838078e36cf38b85af677262	2026-09-19T22:54:51.6479396Z 0d3857839b2187541e573bec2e58042ad5bf0b45
compatibility (3.13, 0d3857839b2187541e573bec2e58042ad5bf0b45)	Run actions/checkout@11d5960a326750d5838078e36cf38b85af677262	2026-09-19T22:54:51.6488665Z ##[group]Removing auth
compatibility (3.13, 0d3857839b2187541e573bec2e58042ad5bf0b45)	Run actions/checkout@11d5960a326750d5838078e36cf38b85af677262	2026-09-19T22:54:51.6492918Z [command]/usr/bin/git config --local --name-only --get-regexp core\.sshCommand
compatibility (3.13, 0d3857839b2187541e573bec2e58042ad5bf0b45)	Run actions/checkout@11d5960a326750d5838078e36cf38b85af677262	2026-09-19T22:54:51.6527863Z [command]/usr/bin/git submodule foreach --recursive sh -c "git config --local --name-only --get-regexp 'core\.sshCommand' && git config --local --unset-all 'core.sshCommand' || :"
compatibility (3.13, 0d3857839b2187541e573bec2e58042ad5bf0b45)	Run actions/checkout@11d5960a326750d5838078e36cf38b85af677262	2026-09-19T22:54:51.6748440Z [command]/usr/bin/git config --local --name-only --get-regexp http\.https\:\/\/github\.com\/\.extraheader
compatibility (3.13, 0d3857839b2187541e573bec2e58042ad5bf0b45)	Run actions/checkout@11d5960a326750d5838078e36cf38b85af677262	2026-09-19T22:54:51.6773478Z http.https://github.com/.extraheader
compatibility (3.13, 0d3857839b2187541e573bec2e58042ad5bf0b45)	Run actions/checkout@11d5960a326750d5838078e36cf38b85af677262	2026-09-19T22:54:51.6780977Z [command]/usr/bin/git config --local --unset-all http.https://github.com/.extraheader
compatibility (3.13, 0d3857839b2187541e573bec2e58042ad5bf0b45)	Run actions/checkout@11d5960a326750d5838078e36cf38b85af677262	2026-09-19T22:54:51.6815959Z [command]/usr/bin/git submodule foreach --recursive sh -c "git config --local --name-only --get-regexp 'http\.https\:\/\/github\.com\/\.extraheader' && git config --local --unset-all 'http.https://github.com/.extraheader' || :"
compatibility (3.13, 0d3857839b2187541e573bec2e58042ad5bf0b45)	Run actions/checkout@11d5960a326750d5838078e36cf38b85af677262	2026-09-19T22:54:51.7036203Z [command]/usr/bin/git config --local --name-only --get-regexp ^includeIf\.gitdir:
compatibility (3.13, 0d3857839b2187541e573bec2e58042ad5bf0b45)	Run actions/checkout@11d5960a326750d5838078e36cf38b85af677262	2026-09-19T22:54:51.7072457Z [command]/usr/bin/git submodule foreach --recursive git config --local --show-origin --name-only --get-regexp remote.origin.url
compatibility (3.13, 0d3857839b2187541e573bec2e58042ad5bf0b45)	Run actions/checkout@11d5960a326750d5838078e36cf38b85af677262	2026-09-19T22:54:51.7291904Z ##[endgroup]
compatibility (3.13, 0d3857839b2187541e573bec2e58042ad5bf0b45)	Run actions/setup-python@a26af69be951a213d495a4c3e4e4022e16d87065	﻿2026-09-19T22:54:51.7544886Z Node 20 is being deprecated. This workflow is running with Node 24 by default. If you need to temporarily use Node 20, you can set the ACTIONS_ALLOW_USE_UNSECURE_NODE_VERSION=true environment variable. For more information see: https://github.blog/changelog/2025-09-19-deprecation-of-node-20-on-github-actions-runners/
compatibility (3.13, 0d3857839b2187541e573bec2e58042ad5bf0b45)	Run actions/setup-python@a26af69be951a213d495a4c3e4e4022e16d87065	2026-09-19T22:54:51.7549430Z ##[group]Run actions/setup-python@a26af69be951a213d495a4c3e4e4022e16d87065
compatibility (3.13, 0d3857839b2187541e573bec2e58042ad5bf0b45)	Run actions/setup-python@a26af69be951a213d495a4c3e4e4022e16d87065	2026-09-19T22:54:51.7550527Z with:
compatibility (3.13, 0d3857839b2187541e573bec2e58042ad5bf0b45)	Run actions/setup-python@a26af69be951a213d495a4c3e4e4022e16d87065	2026-09-19T22:54:51.7550969Z   python-version: 3.13
compatibility (3.13, 0d3857839b2187541e573bec2e58042ad5bf0b45)	Run actions/setup-python@a26af69be951a213d495a4c3e4e4022e16d87065	2026-09-19T22:54:51.7551528Z   check-latest: false
compatibility (3.13, 0d3857839b2187541e573bec2e58042ad5bf0b45)	Run actions/setup-python@a26af69be951a213d495a4c3e4e4022e16d87065	2026-09-19T22:54:51.7560530Z   token: ***
compatibility (3.13, 0d3857839b2187541e573bec2e58042ad5bf0b45)	Run actions/setup-python@a26af69be951a213d495a4c3e4e4022e16d87065	2026-09-19T22:54:51.7561040Z   update-environment: true
compatibility (3.13, 0d3857839b2187541e573bec2e58042ad5bf0b45)	Run actions/setup-python@a26af69be951a213d495a4c3e4e4022e16d87065	2026-09-19T22:54:51.7561667Z   allow-prereleases: false
compatibility (3.13, 0d3857839b2187541e573bec2e58042ad5bf0b45)	Run actions/setup-python@a26af69be951a213d495a4c3e4e4022e16d87065	2026-09-19T22:54:51.7562274Z   freethreaded: false
compatibility (3.13, 0d3857839b2187541e573bec2e58042ad5bf0b45)	Run actions/setup-python@a26af69be951a213d495a4c3e4e4022e16d87065	2026-09-19T22:54:51.7562792Z ##[endgroup]
compatibility (3.13, 0d3857839b2187541e573bec2e58042ad5bf0b45)	Run actions/setup-python@a26af69be951a213d495a4c3e4e4022e16d87065	2026-09-19T22:54:51.9013706Z ##[group]Installed versions
compatibility (3.13, 0d3857839b2187541e573bec2e58042ad5bf0b45)	Run actions/setup-python@a26af69be951a213d495a4c3e4e4022e16d87065	2026-09-19T22:54:51.9104243Z (node:2542) [DEP0040] DeprecationWarning: The `punycode` module is deprecated. Please use a userland alternative instead.
compatibility (3.13, 0d3857839b2187541e573bec2e58042ad5bf0b45)	Run actions/setup-python@a26af69be951a213d495a4c3e4e4022e16d87065	2026-09-19T22:54:51.9105128Z (Use `node --trace-deprecation ...` to show where the warning was created)
compatibility (3.13, 0d3857839b2187541e573bec2e58042ad5bf0b45)	Run actions/setup-python@a26af69be951a213d495a4c3e4e4022e16d87065	2026-09-19T22:54:51.9106131Z Successfully set up CPython (3.13.15)
compatibility (3.13, 0d3857839b2187541e573bec2e58042ad5bf0b45)	Run actions/setup-python@a26af69be951a213d495a4c3e4e4022e16d87065	2026-09-19T22:54:51.9107034Z ##[endgroup]
compatibility (3.13, 0d3857839b2187541e573bec2e58042ad5bf0b45)	Install hash-locked schema dependencies	﻿2026-09-19T22:54:51.9390314Z ##[group]Run python -m pip install --require-hashes --only-binary=:all: --index-url https://pypi.org/simple -r requirements-dev.txt
compatibility (3.13, 0d3857839b2187541e573bec2e58042ad5bf0b45)	Install hash-locked schema dependencies	2026-09-19T22:54:51.9392392Z [36;1mpython -m pip install --require-hashes --only-binary=:all: --index-url https://pypi.org/simple -r requirements-dev.txt[0m
compatibility (3.13, 0d3857839b2187541e573bec2e58042ad5bf0b45)	Install hash-locked schema dependencies	2026-09-19T22:54:51.9393499Z [36;1mpython -m pip check[0m
compatibility (3.13, 0d3857839b2187541e573bec2e58042ad5bf0b45)	Install hash-locked schema dependencies	2026-09-19T22:54:51.9453729Z shell: /usr/bin/bash -e {0}
compatibility (3.13, 0d3857839b2187541e573bec2e58042ad5bf0b45)	Install hash-locked schema dependencies	2026-09-19T22:54:51.9454093Z env:
compatibility (3.13, 0d3857839b2187541e573bec2e58042ad5bf0b45)	Install hash-locked schema dependencies	2026-09-19T22:54:51.9454425Z   pythonLocation: /opt/hostedtoolcache/Python/3.13.15/x64
compatibility (3.13, 0d3857839b2187541e573bec2e58042ad5bf0b45)	Install hash-locked schema dependencies	2026-09-19T22:54:51.9454951Z   PKG_CONFIG_PATH: /opt/hostedtoolcache/Python/3.13.15/x64/lib/pkgconfig
compatibility (3.13, 0d3857839b2187541e573bec2e58042ad5bf0b45)	Install hash-locked schema dependencies	2026-09-19T22:54:51.9455436Z   Python_ROOT_DIR: /opt/hostedtoolcache/Python/3.13.15/x64
compatibility (3.13, 0d3857839b2187541e573bec2e58042ad5bf0b45)	Install hash-locked schema dependencies	2026-09-19T22:54:51.9455876Z   Python2_ROOT_DIR: /opt/hostedtoolcache/Python/3.13.15/x64
compatibility (3.13, 0d3857839b2187541e573bec2e58042ad5bf0b45)	Install hash-locked schema dependencies	2026-09-19T22:54:51.9456314Z   Python3_ROOT_DIR: /opt/hostedtoolcache/Python/3.13.15/x64
compatibility (3.13, 0d3857839b2187541e573bec2e58042ad5bf0b45)	Install hash-locked schema dependencies	2026-09-19T22:54:51.9456750Z   LD_LIBRARY_PATH: /opt/hostedtoolcache/Python/3.13.15/x64/lib
compatibility (3.13, 0d3857839b2187541e573bec2e58042ad5bf0b45)	Install hash-locked schema dependencies	2026-09-19T22:54:51.9457122Z ##[endgroup]
compatibility (3.13, 0d3857839b2187541e573bec2e58042ad5bf0b45)	Install hash-locked schema dependencies	2026-09-19T22:54:52.7665723Z Collecting attrs==26.1.0 (from -r requirements-dev.txt (line 7))
compatibility (3.13, 0d3857839b2187541e573bec2e58042ad5bf0b45)	Install hash-locked schema dependencies	2026-09-19T22:54:52.8153987Z   Downloading attrs-26.1.0-py3-none-any.whl (67 kB)
compatibility (3.13, 0d3857839b2187541e573bec2e58042ad5bf0b45)	Install hash-locked schema dependencies	2026-09-19T22:54:52.8586279Z Collecting jsonschema==4.23.0 (from -r requirements-dev.txt (line 13))
compatibility (3.13, 0d3857839b2187541e573bec2e58042ad5bf0b45)	Install hash-locked schema dependencies	2026-09-19T22:54:52.8624655Z   Downloading jsonschema-4.23.0-py3-none-any.whl (88 kB)
compatibility (3.13, 0d3857839b2187541e573bec2e58042ad5bf0b45)	Install hash-locked schema dependencies	2026-09-19T22:54:52.8782689Z Collecting jsonschema-specifications==2025.9.1 (from -r requirements-dev.txt (line 17))
compatibility (3.13, 0d3857839b2187541e573bec2e58042ad5bf0b45)	Install hash-locked schema dependencies	2026-09-19T22:54:52.8821748Z   Downloading jsonschema_specifications-2025.9.1-py3-none-any.whl (18 kB)
compatibility (3.13, 0d3857839b2187541e573bec2e58042ad5bf0b45)	Install hash-locked schema dependencies	2026-09-19T22:54:52.9017591Z Collecting referencing==0.37.0 (from -r requirements-dev.txt (line 21))
compatibility (3.13, 0d3857839b2187541e573bec2e58042ad5bf0b45)	Install hash-locked schema dependencies	2026-09-19T22:54:52.9055726Z   Downloading referencing-0.37.0-py3-none-any.whl (26 kB)
compatibility (3.13, 0d3857839b2187541e573bec2e58042ad5bf0b45)	Install hash-locked schema dependencies	2026-09-19T22:54:53.1564139Z Collecting rpds-py==2026.6.3 (from -r requirements-dev.txt (line 27))
compatibility (3.13, 0d3857839b2187541e573bec2e58042ad5bf0b45)	Install hash-locked schema dependencies	2026-09-19T22:54:53.1605933Z   Downloading rpds_py-2026.6.3-cp313-cp313-manylinux_2_17_x86_64.manylinux2014_x86_64.whl (365 kB)
compatibility (3.13, 0d3857839b2187541e573bec2e58042ad5bf0b45)	Install hash-locked schema dependencies	2026-09-19T22:54:53.1821113Z Collecting typing-extensions==4.16.0 (from -r requirements-dev.txt (line 147))
compatibility (3.13, 0d3857839b2187541e573bec2e58042ad5bf0b45)	Install hash-locked schema dependencies	2026-09-19T22:54:53.1866417Z   Downloading typing_extensions-4.16.0-py3-none-any.whl (45 kB)
compatibility (3.13, 0d3857839b2187541e573bec2e58042ad5bf0b45)	Install hash-locked schema dependencies	2026-09-19T22:54:53.2370290Z Installing collected packages: typing-extensions, rpds-py, attrs, referencing, jsonschema-specifications, jsonschema
compatibility (3.13, 0d3857839b2187541e573bec2e58042ad5bf0b45)	Install hash-locked schema dependencies	2026-09-19T22:54:53.4288880Z
compatibility (3.13, 0d3857839b2187541e573bec2e58042ad5bf0b45)	Install hash-locked schema dependencies	2026-09-19T22:54:53.4304480Z Successfully installed attrs-26.1.0 jsonschema-4.23.0 jsonschema-specifications-2025.9.1 referencing-0.37.0 rpds-py-2026.6.3 typing-extensions-4.16.0
compatibility (3.13, 0d3857839b2187541e573bec2e58042ad5bf0b45)	Install hash-locked schema dependencies	2026-09-19T22:54:53.6870431Z No broken requirements found.
compatibility (3.13, 0d3857839b2187541e573bec2e58042ad5bf0b45)	Run PYTHONPATH=_deps/engine/src python -m unittest discover -s tests -v	﻿2026-09-19T22:54:53.7165023Z ##[group]Run PYTHONPATH=_deps/engine/src python -m unittest discover -s tests -v
compatibility (3.13, 0d3857839b2187541e573bec2e58042ad5bf0b45)	Run PYTHONPATH=_deps/engine/src python -m unittest discover -s tests -v	2026-09-19T22:54:53.7165664Z [36;1mPYTHONPATH=_deps/engine/src python -m unittest discover -s tests -v[0m
compatibility (3.13, 0d3857839b2187541e573bec2e58042ad5bf0b45)	Run PYTHONPATH=_deps/engine/src python -m unittest discover -s tests -v	2026-09-19T22:54:53.7204281Z shell: /usr/bin/bash -e {0}
compatibility (3.13, 0d3857839b2187541e573bec2e58042ad5bf0b45)	Run PYTHONPATH=_deps/engine/src python -m unittest discover -s tests -v	2026-09-19T22:54:53.7204540Z env:
compatibility (3.13, 0d3857839b2187541e573bec2e58042ad5bf0b45)	Run PYTHONPATH=_deps/engine/src python -m unittest discover -s tests -v	2026-09-19T22:54:53.7204818Z   pythonLocation: /opt/hostedtoolcache/Python/3.13.15/x64
compatibility (3.13, 0d3857839b2187541e573bec2e58042ad5bf0b45)	Run PYTHONPATH=_deps/engine/src python -m unittest discover -s tests -v	2026-09-19T22:54:53.7205281Z   PKG_CONFIG_PATH: /opt/hostedtoolcache/Python/3.13.15/x64/lib/pkgconfig
compatibility (3.13, 0d3857839b2187541e573bec2e58042ad5bf0b45)	Run PYTHONPATH=_deps/engine/src python -m unittest discover -s tests -v	2026-09-19T22:54:53.7205720Z   Python_ROOT_DIR: /opt/hostedtoolcache/Python/3.13.15/x64
compatibility (3.13, 0d3857839b2187541e573bec2e58042ad5bf0b45)	Run PYTHONPATH=_deps/engine/src python -m unittest discover -s tests -v	2026-09-19T22:54:53.7206117Z   Python2_ROOT_DIR: /opt/hostedtoolcache/Python/3.13.15/x64
compatibility (3.13, 0d3857839b2187541e573bec2e58042ad5bf0b45)	Run PYTHONPATH=_deps/engine/src python -m unittest discover -s tests -v	2026-09-19T22:54:53.7206497Z   Python3_ROOT_DIR: /opt/hostedtoolcache/Python/3.13.15/x64
compatibility (3.13, 0d3857839b2187541e573bec2e58042ad5bf0b45)	Run PYTHONPATH=_deps/engine/src python -m unittest discover -s tests -v	2026-09-19T22:54:53.7206886Z   LD_LIBRARY_PATH: /opt/hostedtoolcache/Python/3.13.15/x64/lib
compatibility (3.13, 0d3857839b2187541e573bec2e58042ad5bf0b45)	Run PYTHONPATH=_deps/engine/src python -m unittest discover -s tests -v	2026-09-19T22:54:53.7207208Z ##[endgroup]
compatibility (3.13, 0d3857839b2187541e573bec2e58042ad5bf0b45)	Run PYTHONPATH=_deps/engine/src python -m unittest discover -s tests -v	2026-09-19T22:54:54.1019653Z test_frozen_inputs_and_split_are_unchanged (test_benchmark_cases.FrozenCaseTests.test_frozen_inputs_and_split_are_unchanged) ... ok
compatibility (3.13, 0d3857839b2187541e573bec2e58042ad5bf0b45)	Run PYTHONPATH=_deps/engine/src python -m unittest discover -s tests -v	2026-09-19T22:54:54.2330396Z test_all_schema_meta_validation_with_network_disabled (test_offline_contracts.OfflineContractTests.test_all_schema_meta_validation_with_network_disabled) ... ok
compatibility (3.13, 0d3857839b2187541e573bec2e58042ad5bf0b45)	Run PYTHONPATH=_deps/engine/src python -m unittest discover -s tests -v	2026-09-19T22:54:54.2756557Z test_command_rejects_invalid_result_without_success_output (test_offline_contracts.OfflineContractTests.test_command_rejects_invalid_result_without_success_output) ... ok
compatibility (3.13, 0d3857839b2187541e573bec2e58042ad5bf0b45)	Run PYTHONPATH=_deps/engine/src python -m unittest discover -s tests -v	2026-09-19T22:54:54.3178282Z test_command_validates_local_scenario (test_offline_contracts.OfflineContractTests.test_command_validates_local_scenario) ... ok
compatibility (3.13, 0d3857839b2187541e573bec2e58042ad5bf0b45)	Run PYTHONPATH=_deps/engine/src python -m unittest discover -s tests -v	2026-09-19T22:54:54.3514764Z test_invalid_schema_fails_at_load (test_offline_contracts.OfflineContractTests.test_invalid_schema_fails_at_load) ... ok
compatibility (3.13, 0d3857839b2187541e573bec2e58042ad5bf0b45)	Run PYTHONPATH=_deps/engine/src python -m unittest discover -s tests -v	2026-09-19T22:54:54.3843682Z test_missing_schema_fails_even_without_agent (test_offline_contracts.OfflineContractTests.test_missing_schema_fails_even_without_agent) ... ok
compatibility (3.13, 0d3857839b2187541e573bec2e58042ad5bf0b45)	Run PYTHONPATH=_deps/engine/src python -m unittest discover -s tests -v	2026-09-19T22:54:54.3845003Z test_unknown_kind_fails (test_offline_contracts.OfflineContractTests.test_unknown_kind_fails) ... ok
compatibility (3.13, 0d3857839b2187541e573bec2e58042ad5bf0b45)	Run PYTHONPATH=_deps/engine/src python -m unittest discover -s tests -v	2026-09-19T22:54:54.5178188Z test_unregistered_references_fail_without_io (test_offline_contracts.OfflineContractTests.test_unregistered_references_fail_without_io) ... ok
compatibility (3.13, 0d3857839b2187541e573bec2e58042ad5bf0b45)	Run PYTHONPATH=_deps/engine/src python -m unittest discover -s tests -v	2026-09-19T22:54:54.5585456Z test_existing_report_envelope_still_accepts_no_agent (test_recording_schema.RecordingSchemaTests.test_existing_report_envelope_still_accepts_no_agent) ... ok
compatibility (3.13, 0d3857839b2187541e573bec2e58042ad5bf0b45)	Run PYTHONPATH=_deps/engine/src python -m unittest discover -s tests -v	2026-09-19T22:54:54.6427865Z test_shape_rejects_executable_action_extensions (test_recording_schema.RecordingSchemaTests.test_shape_rejects_executable_action_extensions) ... ok
compatibility (3.13, 0d3857839b2187541e573bec2e58042ad5bf0b45)	Run PYTHONPATH=_deps/engine/src python -m unittest discover -s tests -v	2026-09-19T22:54:54.6443352Z test_all_runtime_validate (test_scenarios.ScenarioTests.test_all_runtime_validate) ... ok
compatibility (3.13, 0d3857839b2187541e573bec2e58042ad5bf0b45)	Run PYTHONPATH=_deps/engine/src python -m unittest discover -s tests -v	2026-09-19T22:54:54.6889514Z test_json_schema (test_scenarios.ScenarioTests.test_json_schema) ... ok
compatibility (3.13, 0d3857839b2187541e573bec2e58042ad5bf0b45)	Run PYTHONPATH=_deps/engine/src python -m unittest discover -s tests -v	2026-09-19T22:54:54.6903663Z test_manifest_paths (test_scenarios.ScenarioTests.test_manifest_paths) ... ok
compatibility (3.13, 0d3857839b2187541e573bec2e58042ad5bf0b45)	Run PYTHONPATH=_deps/engine/src python -m unittest discover -s tests -v	2026-09-19T22:54:54.6907587Z test_no_real_claims_in_synthetic (test_scenarios.ScenarioTests.test_no_real_claims_in_synthetic) ... ok
compatibility (3.13, 0d3857839b2187541e573bec2e58042ad5bf0b45)	Run PYTHONPATH=_deps/engine/src python -m unittest discover -s tests -v	2026-09-19T22:54:54.6908376Z
compatibility (3.13, 0d3857839b2187541e573bec2e58042ad5bf0b45)	Run PYTHONPATH=_deps/engine/src python -m unittest discover -s tests -v	2026-09-19T22:54:54.6908653Z ----------------------------------------------------------------------
compatibility (3.13, 0d3857839b2187541e573bec2e58042ad5bf0b45)	Run PYTHONPATH=_deps/engine/src python -m unittest discover -s tests -v	2026-09-19T22:54:54.6909313Z Ran 14 tests in 0.638s
compatibility (3.13, 0d3857839b2187541e573bec2e58042ad5bf0b45)	Run PYTHONPATH=_deps/engine/src python -m unittest discover -s tests -v	2026-09-19T22:54:54.6909475Z
compatibility (3.13, 0d3857839b2187541e573bec2e58042ad5bf0b45)	Run PYTHONPATH=_deps/engine/src python -m unittest discover -s tests -v	2026-09-19T22:54:54.6928313Z OK
compatibility (3.13, 0d3857839b2187541e573bec2e58042ad5bf0b45)	Post Run actions/setup-python@a26af69be951a213d495a4c3e4e4022e16d87065	﻿2026-09-19T22:54:54.7279603Z Node 20 is being deprecated. This workflow is running with Node 24 by default. If you need to temporarily use Node 20, you can set the ACTIONS_ALLOW_USE_UNSECURE_NODE_VERSION=true environment variable. For more information see: https://github.blog/changelog/2025-09-19-deprecation-of-node-20-on-github-actions-runners/
compatibility (3.13, 0d3857839b2187541e573bec2e58042ad5bf0b45)	Post Run actions/setup-python@a26af69be951a213d495a4c3e4e4022e16d87065	2026-09-19T22:54:54.7280895Z Post job cleanup.
compatibility (3.13, 0d3857839b2187541e573bec2e58042ad5bf0b45)	Post Run actions/setup-python@a26af69be951a213d495a4c3e4e4022e16d87065	2026-09-19T22:54:54.8446085Z (node:2578) [DEP0040] DeprecationWarning: The `punycode` module is deprecated. Please use a userland alternative instead.
compatibility (3.13, 0d3857839b2187541e573bec2e58042ad5bf0b45)	Post Run actions/setup-python@a26af69be951a213d495a4c3e4e4022e16d87065	2026-09-19T22:54:54.8446947Z (Use `node --trace-deprecation ...` to show where the warning was created)
compatibility (3.13, 0d3857839b2187541e573bec2e58042ad5bf0b45)	Post Run actions/checkout@11d5960a326750d5838078e36cf38b85af677262	﻿2026-09-19T22:54:54.8676573Z Node 20 is being deprecated. This workflow is running with Node 24 by default. If you need to temporarily use Node 20, you can set the ACTIONS_ALLOW_USE_UNSECURE_NODE_VERSION=true environment variable. For more information see: https://github.blog/changelog/2025-09-19-deprecation-of-node-20-on-github-actions-runners/
compatibility (3.13, 0d3857839b2187541e573bec2e58042ad5bf0b45)	Post Run actions/checkout@11d5960a326750d5838078e36cf38b85af677262	2026-09-19T22:54:54.8678734Z Post job cleanup.
compatibility (3.13, 0d3857839b2187541e573bec2e58042ad5bf0b45)	Post Run actions/checkout@11d5960a326750d5838078e36cf38b85af677262	2026-09-19T22:54:54.9592756Z [command]/usr/bin/git version
compatibility (3.13, 0d3857839b2187541e573bec2e58042ad5bf0b45)	Post Run actions/checkout@11d5960a326750d5838078e36cf38b85af677262	2026-09-19T22:54:54.9636457Z git version 2.55.0
compatibility (3.13, 0d3857839b2187541e573bec2e58042ad5bf0b45)	Post Run actions/checkout@11d5960a326750d5838078e36cf38b85af677262	2026-09-19T22:54:54.9677086Z Temporarily overriding HOME='/home/runner/work/_temp/f99f9d0b-7e29-415a-8fc7-9e9991439d0f' before making global git config changes
compatibility (3.13, 0d3857839b2187541e573bec2e58042ad5bf0b45)	Post Run actions/checkout@11d5960a326750d5838078e36cf38b85af677262	2026-09-19T22:54:54.9678484Z Adding repository directory to the temporary git global config as a safe directory
compatibility (3.13, 0d3857839b2187541e573bec2e58042ad5bf0b45)	Post Run actions/checkout@11d5960a326750d5838078e36cf38b85af677262	2026-09-19T22:54:54.9682394Z [command]/usr/bin/git config --global --add safe.directory /home/runner/work/scenarios/scenarios/_deps/engine
compatibility (3.13, 0d3857839b2187541e573bec2e58042ad5bf0b45)	Post Run actions/checkout@11d5960a326750d5838078e36cf38b85af677262	2026-09-19T22:54:54.9729482Z [command]/usr/bin/git config --local --name-only --get-regexp core\.sshCommand
compatibility (3.13, 0d3857839b2187541e573bec2e58042ad5bf0b45)	Post Run actions/checkout@11d5960a326750d5838078e36cf38b85af677262	2026-09-19T22:54:54.9764862Z [command]/usr/bin/git submodule foreach --recursive sh -c "git config --local --name-only --get-regexp 'core\.sshCommand' && git config --local --unset-all 'core.sshCommand' || :"
compatibility (3.13, 0d3857839b2187541e573bec2e58042ad5bf0b45)	Post Run actions/checkout@11d5960a326750d5838078e36cf38b85af677262	2026-09-19T22:54:55.0023394Z [command]/usr/bin/git config --local --name-only --get-regexp http\.https\:\/\/github\.com\/\.extraheader
compatibility (3.13, 0d3857839b2187541e573bec2e58042ad5bf0b45)	Post Run actions/checkout@11d5960a326750d5838078e36cf38b85af677262	2026-09-19T22:54:55.0065325Z [command]/usr/bin/git submodule foreach --recursive sh -c "git config --local --name-only --get-regexp 'http\.https\:\/\/github\.com\/\.extraheader' && git config --local --unset-all 'http.https://github.com/.extraheader' || :"
compatibility (3.13, 0d3857839b2187541e573bec2e58042ad5bf0b45)	Post Run actions/checkout@11d5960a326750d5838078e36cf38b85af677262	2026-09-19T22:54:55.0338665Z [command]/usr/bin/git config --local --name-only --get-regexp ^includeIf\.gitdir:
compatibility (3.13, 0d3857839b2187541e573bec2e58042ad5bf0b45)	Post Run actions/checkout@11d5960a326750d5838078e36cf38b85af677262	2026-09-19T22:54:55.0378965Z [command]/usr/bin/git submodule foreach --recursive git config --local --show-origin --name-only --get-regexp remote.origin.url
compatibility (3.13, 0d3857839b2187541e573bec2e58042ad5bf0b45)	Post Run actions/checkout@11d5960a326750d5838078e36cf38b85af677262	﻿2026-09-19T22:54:55.0809887Z Node 20 is being deprecated. This workflow is running with Node 24 by default. If you need to temporarily use Node 20, you can set the ACTIONS_ALLOW_USE_UNSECURE_NODE_VERSION=true environment variable. For more information see: https://github.blog/changelog/2025-09-19-deprecation-of-node-20-on-github-actions-runners/
compatibility (3.13, 0d3857839b2187541e573bec2e58042ad5bf0b45)	Post Run actions/checkout@11d5960a326750d5838078e36cf38b85af677262	2026-09-19T22:54:55.0811139Z Post job cleanup.
compatibility (3.13, 0d3857839b2187541e573bec2e58042ad5bf0b45)	Post Run actions/checkout@11d5960a326750d5838078e36cf38b85af677262	2026-09-19T22:54:55.1776887Z [command]/usr/bin/git version
compatibility (3.13, 0d3857839b2187541e573bec2e58042ad5bf0b45)	Post Run actions/checkout@11d5960a326750d5838078e36cf38b85af677262	2026-09-19T22:54:55.1852688Z git version 2.55.0
compatibility (3.13, 0d3857839b2187541e573bec2e58042ad5bf0b45)	Post Run actions/checkout@11d5960a326750d5838078e36cf38b85af677262	2026-09-19T22:54:55.1910665Z Temporarily overriding HOME='/home/runner/work/_temp/917a0c20-f04f-433f-9bf4-3446e2ef5413' before making global git config changes
compatibility (3.13, 0d3857839b2187541e573bec2e58042ad5bf0b45)	Post Run actions/checkout@11d5960a326750d5838078e36cf38b85af677262	2026-09-19T22:54:55.1911664Z Adding repository directory to the temporary git global config as a safe directory
compatibility (3.13, 0d3857839b2187541e573bec2e58042ad5bf0b45)	Post Run actions/checkout@11d5960a326750d5838078e36cf38b85af677262	2026-09-19T22:54:55.1918235Z [command]/usr/bin/git config --global --add safe.directory /home/runner/work/scenarios/scenarios
compatibility (3.13, 0d3857839b2187541e573bec2e58042ad5bf0b45)	Post Run actions/checkout@11d5960a326750d5838078e36cf38b85af677262	2026-09-19T22:54:55.1959919Z [command]/usr/bin/git config --local --name-only --get-regexp core\.sshCommand
compatibility (3.13, 0d3857839b2187541e573bec2e58042ad5bf0b45)	Post Run actions/checkout@11d5960a326750d5838078e36cf38b85af677262	2026-09-19T22:54:55.1999008Z [command]/usr/bin/git submodule foreach --recursive sh -c "git config --local --name-only --get-regexp 'core\.sshCommand' && git config --local --unset-all 'core.sshCommand' || :"
compatibility (3.13, 0d3857839b2187541e573bec2e58042ad5bf0b45)	Post Run actions/checkout@11d5960a326750d5838078e36cf38b85af677262	2026-09-19T22:54:55.2260626Z [command]/usr/bin/git config --local --name-only --get-regexp http\.https\:\/\/github\.com\/\.extraheader
compatibility (3.13, 0d3857839b2187541e573bec2e58042ad5bf0b45)	Post Run actions/checkout@11d5960a326750d5838078e36cf38b85af677262	2026-09-19T22:54:55.2306368Z [command]/usr/bin/git submodule foreach --recursive sh -c "git config --local --name-only --get-regexp 'http\.https\:\/\/github\.com\/\.extraheader' && git config --local --unset-all 'http.https://github.com/.extraheader' || :"
compatibility (3.13, 0d3857839b2187541e573bec2e58042ad5bf0b45)	Post Run actions/checkout@11d5960a326750d5838078e36cf38b85af677262	2026-09-19T22:54:55.2590259Z [command]/usr/bin/git config --local --name-only --get-regexp ^includeIf\.gitdir:
compatibility (3.13, 0d3857839b2187541e573bec2e58042ad5bf0b45)	Post Run actions/checkout@11d5960a326750d5838078e36cf38b85af677262	2026-09-19T22:54:55.2642739Z [command]/usr/bin/git submodule foreach --recursive git config --local --show-origin --name-only --get-regexp remote.origin.url
compatibility (3.13, 0d3857839b2187541e573bec2e58042ad5bf0b45)	Complete job	﻿2026-09-19T22:54:55.3033866Z Cleaning up orphan processes
compatibility (3.13, 0d3857839b2187541e573bec2e58042ad5bf0b45)	Complete job	2026-09-19T22:54:55.3331006Z ##[warning]Node.js 20 is deprecated. The following actions target Node.js 20 but are being forced to run on Node.js 24: actions/checkout@11d5960a326750d5838078e36cf38b85af677262, actions/setup-python@a26af69be951a213d495a4c3e4e4022e16d87065. For more information see: https://github.blog/changelog/2025-09-19-deprecation-of-node-20-on-github-actions-runners/
