integration	Set up job	﻿2026-09-19T22:34:24.9228385Z Current runner version: '2.337.0'
integration	Set up job	2026-09-19T22:34:24.9267956Z ##[group]Runner Image Provisioner
integration	Set up job	2026-09-19T22:34:24.9269500Z Hosted Compute Agent
integration	Set up job	2026-09-19T22:34:24.9270488Z Version: 20260828.587
integration	Set up job	2026-09-19T22:34:24.9271581Z Commit: abac92662cab4cc7352de4f9f9d2e2419aad9c29
integration	Set up job	2026-09-19T22:34:24.9273149Z Build Date: 2026-08-28T16:44:25Z
integration	Set up job	2026-09-19T22:34:24.9274395Z Worker ID: {46ae11ef-e10c-431d-a657-b96b9365491e}
integration	Set up job	2026-09-19T22:34:24.9275645Z Azure Region: eastus
integration	Set up job	2026-09-19T22:34:24.9276600Z ##[endgroup]
integration	Set up job	2026-09-19T22:34:24.9278852Z ##[group]Operating System
integration	Set up job	2026-09-19T22:34:24.9279944Z Ubuntu
integration	Set up job	2026-09-19T22:34:24.9280889Z 24.04.5
integration	Set up job	2026-09-19T22:34:24.9281793Z LTS
integration	Set up job	2026-09-19T22:34:24.9282902Z ##[endgroup]
integration	Set up job	2026-09-19T22:34:24.9283989Z ##[group]Runner Image
integration	Set up job	2026-09-19T22:34:24.9284988Z Image: ubuntu-24.04
integration	Set up job	2026-09-19T22:34:24.9286260Z Version: 20260907.300.1
integration	Set up job	2026-09-19T22:34:24.9288234Z Included Software: https://github.com/actions/runner-images/blob/ubuntu24/20260907.300/images/ubuntu/Ubuntu2404-Readme.md
integration	Set up job	2026-09-19T22:34:24.9291276Z Image Release: https://github.com/actions/runner-images/releases/tag/ubuntu24%2F20260907.300
integration	Set up job	2026-09-19T22:34:24.9293227Z ##[endgroup]
integration	Set up job	2026-09-19T22:34:24.9295172Z ##[group]GITHUB_TOKEN Permissions
integration	Set up job	2026-09-19T22:34:24.9297850Z Contents: read
integration	Set up job	2026-09-19T22:34:24.9298856Z Metadata: read
integration	Set up job	2026-09-19T22:34:24.9299759Z ##[endgroup]
integration	Set up job	2026-09-19T22:34:24.9303085Z Secret source: Actions
integration	Set up job	2026-09-19T22:34:24.9304869Z Cache mode: write
integration	Set up job	2026-09-19T22:34:24.9305962Z Prepare workflow directory
integration	Set up job	2026-09-19T22:34:24.9797826Z Prepare all required actions
integration	Set up job	2026-09-19T22:34:24.9871657Z Getting action download info
integration	Set up job	2026-09-19T22:34:25.2015486Z Download action repository 'actions/checkout@11d5960a326750d5838078e36cf38b85af677262' (SHA:11d5960a326750d5838078e36cf38b85af677262)
integration	Set up job	2026-09-19T22:34:25.3251951Z Download action repository 'actions/setup-python@a26af69be951a213d495a4c3e4e4022e16d87065' (SHA:a26af69be951a213d495a4c3e4e4022e16d87065)
integration	Set up job	2026-09-19T22:34:25.4215400Z Download action repository 'foundry-rs/foundry-toolchain@908c540300062bd5a7e473851cdb4282204cee09' (SHA:908c540300062bd5a7e473851cdb4282204cee09)
integration	Set up job	2026-09-19T22:34:25.6205452Z Download action repository 'actions/setup-node@49933ea5288caeca8642d1e84afbd3f7d6820020' (SHA:49933ea5288caeca8642d1e84afbd3f7d6820020)
integration	Set up job	2026-09-19T22:34:25.7051184Z Download action repository 'actions/upload-artifact@ea165f8d65b6e75b540449e92b4886f43607fa02' (SHA:ea165f8d65b6e75b540449e92b4886f43607fa02)
integration	Set up job	2026-09-19T22:34:26.0250157Z Complete job name: integration
integration	Run actions/checkout@11d5960a326750d5838078e36cf38b85af677262	﻿2026-09-19T22:34:26.1300961Z Node 20 is being deprecated. This workflow is running with Node 24 by default. If you need to temporarily use Node 20, you can set the ACTIONS_ALLOW_USE_UNSECURE_NODE_VERSION=true environment variable. For more information see: https://github.blog/changelog/2025-09-19-deprecation-of-node-20-on-github-actions-runners/
integration	Run actions/checkout@11d5960a326750d5838078e36cf38b85af677262	2026-09-19T22:34:26.1312162Z ##[group]Run actions/checkout@11d5960a326750d5838078e36cf38b85af677262
integration	Run actions/checkout@11d5960a326750d5838078e36cf38b85af677262	2026-09-19T22:34:26.1313862Z with:
integration	Run actions/checkout@11d5960a326750d5838078e36cf38b85af677262	2026-09-19T22:34:26.1314583Z   repository: entrotter/entrotter
integration	Run actions/checkout@11d5960a326750d5838078e36cf38b85af677262	2026-09-19T22:34:26.1315470Z   path: entrotter
integration	Run actions/checkout@11d5960a326750d5838078e36cf38b85af677262	2026-09-19T22:34:26.1324588Z   token: ***
integration	Run actions/checkout@11d5960a326750d5838078e36cf38b85af677262	2026-09-19T22:34:26.1325330Z   ssh-strict: true
integration	Run actions/checkout@11d5960a326750d5838078e36cf38b85af677262	2026-09-19T22:34:26.1326030Z   ssh-user: git
integration	Run actions/checkout@11d5960a326750d5838078e36cf38b85af677262	2026-09-19T22:34:26.1326736Z   persist-credentials: true
integration	Run actions/checkout@11d5960a326750d5838078e36cf38b85af677262	2026-09-19T22:34:26.1327523Z   clean: true
integration	Run actions/checkout@11d5960a326750d5838078e36cf38b85af677262	2026-09-19T22:34:26.1328233Z   sparse-checkout-cone-mode: true
integration	Run actions/checkout@11d5960a326750d5838078e36cf38b85af677262	2026-09-19T22:34:26.1329092Z   fetch-depth: 1
integration	Run actions/checkout@11d5960a326750d5838078e36cf38b85af677262	2026-09-19T22:34:26.1329787Z   fetch-tags: false
integration	Run actions/checkout@11d5960a326750d5838078e36cf38b85af677262	2026-09-19T22:34:26.1330499Z   show-progress: true
integration	Run actions/checkout@11d5960a326750d5838078e36cf38b85af677262	2026-09-19T22:34:26.1331288Z   lfs: false
integration	Run actions/checkout@11d5960a326750d5838078e36cf38b85af677262	2026-09-19T22:34:26.1331955Z   submodules: false
integration	Run actions/checkout@11d5960a326750d5838078e36cf38b85af677262	2026-09-19T22:34:26.1332800Z   set-safe-directory: true
integration	Run actions/checkout@11d5960a326750d5838078e36cf38b85af677262	2026-09-19T22:34:26.1333640Z   allow-unsafe-pr-checkout: false
integration	Run actions/checkout@11d5960a326750d5838078e36cf38b85af677262	2026-09-19T22:34:26.1334776Z ##[endgroup]
integration	Run actions/checkout@11d5960a326750d5838078e36cf38b85af677262	2026-09-19T22:34:26.2405384Z Syncing repository: entrotter/entrotter
integration	Run actions/checkout@11d5960a326750d5838078e36cf38b85af677262	2026-09-19T22:34:26.2408124Z ##[group]Getting Git version info
integration	Run actions/checkout@11d5960a326750d5838078e36cf38b85af677262	2026-09-19T22:34:26.2409410Z Working directory is '/home/runner/work/entrotter/entrotter/entrotter'
integration	Run actions/checkout@11d5960a326750d5838078e36cf38b85af677262	2026-09-19T22:34:26.2411184Z [command]/usr/bin/git version
integration	Run actions/checkout@11d5960a326750d5838078e36cf38b85af677262	2026-09-19T22:34:26.2487976Z git version 2.55.0
integration	Run actions/checkout@11d5960a326750d5838078e36cf38b85af677262	2026-09-19T22:34:26.2515197Z ##[endgroup]
integration	Run actions/checkout@11d5960a326750d5838078e36cf38b85af677262	2026-09-19T22:34:26.2529295Z Temporarily overriding HOME='/home/runner/work/_temp/9949d413-3d8e-4896-aada-8bc1679a70c1' before making global git config changes
integration	Run actions/checkout@11d5960a326750d5838078e36cf38b85af677262	2026-09-19T22:34:26.2533987Z Adding repository directory to the temporary git global config as a safe directory
integration	Run actions/checkout@11d5960a326750d5838078e36cf38b85af677262	2026-09-19T22:34:26.2537759Z [command]/usr/bin/git config --global --add safe.directory /home/runner/work/entrotter/entrotter/entrotter
integration	Run actions/checkout@11d5960a326750d5838078e36cf38b85af677262	2026-09-19T22:34:26.2595860Z ##[group]Initializing the repository
integration	Run actions/checkout@11d5960a326750d5838078e36cf38b85af677262	2026-09-19T22:34:26.2600197Z [command]/usr/bin/git init /home/runner/work/entrotter/entrotter/entrotter
integration	Run actions/checkout@11d5960a326750d5838078e36cf38b85af677262	2026-09-19T22:34:26.2745383Z hint: Using 'master' as the name for the initial branch. This default branch name
integration	Run actions/checkout@11d5960a326750d5838078e36cf38b85af677262	2026-09-19T22:34:26.2748787Z hint: will change to "main" in Git 3.0. To configure the initial branch name
integration	Run actions/checkout@11d5960a326750d5838078e36cf38b85af677262	2026-09-19T22:34:26.2752365Z hint: to use in all of your new repositories, which will suppress this warning,
integration	Run actions/checkout@11d5960a326750d5838078e36cf38b85af677262	2026-09-19T22:34:26.2755412Z hint: call:
integration	Run actions/checkout@11d5960a326750d5838078e36cf38b85af677262	2026-09-19T22:34:26.2756867Z hint:
integration	Run actions/checkout@11d5960a326750d5838078e36cf38b85af677262	2026-09-19T22:34:26.2758609Z hint: 	git config --global init.defaultBranch <name>
integration	Run actions/checkout@11d5960a326750d5838078e36cf38b85af677262	2026-09-19T22:34:26.2760865Z hint:
integration	Run actions/checkout@11d5960a326750d5838078e36cf38b85af677262	2026-09-19T22:34:26.2763301Z hint: Names commonly chosen instead of 'master' are 'main', 'trunk' and
integration	Run actions/checkout@11d5960a326750d5838078e36cf38b85af677262	2026-09-19T22:34:26.2766492Z hint: 'development'. The just-created branch can be renamed via this command:
integration	Run actions/checkout@11d5960a326750d5838078e36cf38b85af677262	2026-09-19T22:34:26.2768979Z hint:
integration	Run actions/checkout@11d5960a326750d5838078e36cf38b85af677262	2026-09-19T22:34:26.2770605Z hint: 	git branch -m <name>
integration	Run actions/checkout@11d5960a326750d5838078e36cf38b85af677262	2026-09-19T22:34:26.2772394Z hint:
integration	Run actions/checkout@11d5960a326750d5838078e36cf38b85af677262	2026-09-19T22:34:26.2774468Z hint: Disable this message with "git config set advice.defaultBranchName false"
integration	Run actions/checkout@11d5960a326750d5838078e36cf38b85af677262	2026-09-19T22:34:26.2776880Z Initialized empty Git repository in /home/runner/work/entrotter/entrotter/entrotter/.git/
integration	Run actions/checkout@11d5960a326750d5838078e36cf38b85af677262	2026-09-19T22:34:26.2781463Z [command]/usr/bin/git remote add origin https://github.com/entrotter/entrotter
integration	Run actions/checkout@11d5960a326750d5838078e36cf38b85af677262	2026-09-19T22:34:26.2824326Z ##[endgroup]
integration	Run actions/checkout@11d5960a326750d5838078e36cf38b85af677262	2026-09-19T22:34:26.2826652Z ##[group]Disabling automatic garbage collection
integration	Run actions/checkout@11d5960a326750d5838078e36cf38b85af677262	2026-09-19T22:34:26.2828489Z [command]/usr/bin/git config --local gc.auto 0
integration	Run actions/checkout@11d5960a326750d5838078e36cf38b85af677262	2026-09-19T22:34:26.2874739Z ##[endgroup]
integration	Run actions/checkout@11d5960a326750d5838078e36cf38b85af677262	2026-09-19T22:34:26.2877118Z ##[group]Setting up auth
integration	Run actions/checkout@11d5960a326750d5838078e36cf38b85af677262	2026-09-19T22:34:26.2881993Z [command]/usr/bin/git config --local --name-only --get-regexp core\.sshCommand
integration	Run actions/checkout@11d5960a326750d5838078e36cf38b85af677262	2026-09-19T22:34:26.2924795Z [command]/usr/bin/git submodule foreach --recursive sh -c "git config --local --name-only --get-regexp 'core\.sshCommand' && git config --local --unset-all 'core.sshCommand' || :"
integration	Run actions/checkout@11d5960a326750d5838078e36cf38b85af677262	2026-09-19T22:34:26.3341851Z [command]/usr/bin/git config --local --name-only --get-regexp http\.https\:\/\/github\.com\/\.extraheader
integration	Run actions/checkout@11d5960a326750d5838078e36cf38b85af677262	2026-09-19T22:34:26.3384874Z [command]/usr/bin/git submodule foreach --recursive sh -c "git config --local --name-only --get-regexp 'http\.https\:\/\/github\.com\/\.extraheader' && git config --local --unset-all 'http.https://github.com/.extraheader' || :"
integration	Run actions/checkout@11d5960a326750d5838078e36cf38b85af677262	2026-09-19T22:34:26.3620635Z [command]/usr/bin/git config --local --name-only --get-regexp ^includeIf\.gitdir:
integration	Run actions/checkout@11d5960a326750d5838078e36cf38b85af677262	2026-09-19T22:34:26.3661312Z [command]/usr/bin/git submodule foreach --recursive git config --local --show-origin --name-only --get-regexp remote.origin.url
integration	Run actions/checkout@11d5960a326750d5838078e36cf38b85af677262	2026-09-19T22:34:26.3895381Z [command]/usr/bin/git config --local http.https://github.com/.extraheader AUTHORIZATION: basic ***
integration	Run actions/checkout@11d5960a326750d5838078e36cf38b85af677262	2026-09-19T22:34:26.3936912Z ##[endgroup]
integration	Run actions/checkout@11d5960a326750d5838078e36cf38b85af677262	2026-09-19T22:34:26.3946753Z ##[group]Fetching the repository
integration	Run actions/checkout@11d5960a326750d5838078e36cf38b85af677262	2026-09-19T22:34:26.3949323Z [command]/usr/bin/git -c protocol.version=2 fetch --no-tags --prune --no-recurse-submodules --depth=1 origin +459e4d8be28ca14e021bd769b64860c4af1e13e8:refs/remotes/pull/33/merge
integration	Run actions/checkout@11d5960a326750d5838078e36cf38b85af677262	2026-09-19T22:34:27.0124108Z From https://github.com/entrotter/entrotter
integration	Run actions/checkout@11d5960a326750d5838078e36cf38b85af677262	2026-09-19T22:34:27.0125378Z  * [new ref]         459e4d8be28ca14e021bd769b64860c4af1e13e8 -> pull/33/merge
integration	Run actions/checkout@11d5960a326750d5838078e36cf38b85af677262	2026-09-19T22:34:27.0131259Z ##[endgroup]
integration	Run actions/checkout@11d5960a326750d5838078e36cf38b85af677262	2026-09-19T22:34:27.0133334Z ##[group]Determining the checkout info
integration	Run actions/checkout@11d5960a326750d5838078e36cf38b85af677262	2026-09-19T22:34:27.0135169Z ##[endgroup]
integration	Run actions/checkout@11d5960a326750d5838078e36cf38b85af677262	2026-09-19T22:34:27.0144753Z [command]/usr/bin/git sparse-checkout disable
integration	Run actions/checkout@11d5960a326750d5838078e36cf38b85af677262	2026-09-19T22:34:27.0210227Z [command]/usr/bin/git config --local --unset-all extensions.worktreeConfig
integration	Run actions/checkout@11d5960a326750d5838078e36cf38b85af677262	2026-09-19T22:34:27.0258670Z ##[group]Checking out the ref
integration	Run actions/checkout@11d5960a326750d5838078e36cf38b85af677262	2026-09-19T22:34:27.0263255Z [command]/usr/bin/git checkout --progress --force refs/remotes/pull/33/merge
integration	Run actions/checkout@11d5960a326750d5838078e36cf38b85af677262	2026-09-19T22:34:27.0956917Z Note: switching to 'refs/remotes/pull/33/merge'.
integration	Run actions/checkout@11d5960a326750d5838078e36cf38b85af677262	2026-09-19T22:34:27.0957677Z
integration	Run actions/checkout@11d5960a326750d5838078e36cf38b85af677262	2026-09-19T22:34:27.0958114Z You are in 'detached HEAD' state. You can look around, make experimental
integration	Run actions/checkout@11d5960a326750d5838078e36cf38b85af677262	2026-09-19T22:34:27.0959116Z changes and commit them, and you can discard any commits you make in this
integration	Run actions/checkout@11d5960a326750d5838078e36cf38b85af677262	2026-09-19T22:34:27.0960218Z state without impacting any branches by switching back to a branch.
integration	Run actions/checkout@11d5960a326750d5838078e36cf38b85af677262	2026-09-19T22:34:27.0960867Z
integration	Run actions/checkout@11d5960a326750d5838078e36cf38b85af677262	2026-09-19T22:34:27.0961330Z If you want to create a new branch to retain commits you create, you may
integration	Run actions/checkout@11d5960a326750d5838078e36cf38b85af677262	2026-09-19T22:34:27.0962414Z do so (now or later) by using -c with the switch command. Example:
integration	Run actions/checkout@11d5960a326750d5838078e36cf38b85af677262	2026-09-19T22:34:27.0963379Z
integration	Run actions/checkout@11d5960a326750d5838078e36cf38b85af677262	2026-09-19T22:34:27.0963755Z   git switch -c <new-branch-name>
integration	Run actions/checkout@11d5960a326750d5838078e36cf38b85af677262	2026-09-19T22:34:27.0964226Z
integration	Run actions/checkout@11d5960a326750d5838078e36cf38b85af677262	2026-09-19T22:34:27.0964575Z Or undo this operation with:
integration	Run actions/checkout@11d5960a326750d5838078e36cf38b85af677262	2026-09-19T22:34:27.0965011Z
integration	Run actions/checkout@11d5960a326750d5838078e36cf38b85af677262	2026-09-19T22:34:27.0965501Z   git switch -
integration	Run actions/checkout@11d5960a326750d5838078e36cf38b85af677262	2026-09-19T22:34:27.0966154Z
integration	Run actions/checkout@11d5960a326750d5838078e36cf38b85af677262	2026-09-19T22:34:27.0966940Z Turn off this advice by setting config variable advice.detachedHead to false
integration	Run actions/checkout@11d5960a326750d5838078e36cf38b85af677262	2026-09-19T22:34:27.0968120Z
integration	Run actions/checkout@11d5960a326750d5838078e36cf38b85af677262	2026-09-19T22:34:27.0969229Z HEAD is now at 459e4d8 Merge f05eae7faa6561623802ad751dfa892044dd9176 into 6368eef29dd7beb694da9174f46d1518b38d52d5
integration	Run actions/checkout@11d5960a326750d5838078e36cf38b85af677262	2026-09-19T22:34:27.0973365Z ##[endgroup]
integration	Run actions/checkout@11d5960a326750d5838078e36cf38b85af677262	2026-09-19T22:34:27.1030349Z [command]/usr/bin/git log -1 --format=%H
integration	Run actions/checkout@11d5960a326750d5838078e36cf38b85af677262	2026-09-19T22:34:27.1059914Z 459e4d8be28ca14e021bd769b64860c4af1e13e8
integration	Run actions/checkout@11d5960a326750d5838078e36cf38b85af677262	﻿2026-09-19T22:34:27.1379765Z Node 20 is being deprecated. This workflow is running with Node 24 by default. If you need to temporarily use Node 20, you can set the ACTIONS_ALLOW_USE_UNSECURE_NODE_VERSION=true environment variable. For more information see: https://github.blog/changelog/2025-09-19-deprecation-of-node-20-on-github-actions-runners/
integration	Run actions/checkout@11d5960a326750d5838078e36cf38b85af677262	2026-09-19T22:34:27.1383083Z ##[group]Run actions/checkout@11d5960a326750d5838078e36cf38b85af677262
integration	Run actions/checkout@11d5960a326750d5838078e36cf38b85af677262	2026-09-19T22:34:27.1383926Z with:
integration	Run actions/checkout@11d5960a326750d5838078e36cf38b85af677262	2026-09-19T22:34:27.1384515Z   repository: entrotter/engine
integration	Run actions/checkout@11d5960a326750d5838078e36cf38b85af677262	2026-09-19T22:34:27.1385172Z   ref: bb8b3e8d32c7cbd49629d337758f30bfdf805045
integration	Run actions/checkout@11d5960a326750d5838078e36cf38b85af677262	2026-09-19T22:34:27.1385843Z   path: engine
integration	Run actions/checkout@11d5960a326750d5838078e36cf38b85af677262	2026-09-19T22:34:27.1389314Z   token: ***
integration	Run actions/checkout@11d5960a326750d5838078e36cf38b85af677262	2026-09-19T22:34:27.1389858Z   ssh-strict: true
integration	Run actions/checkout@11d5960a326750d5838078e36cf38b85af677262	2026-09-19T22:34:27.1390410Z   ssh-user: git
integration	Run actions/checkout@11d5960a326750d5838078e36cf38b85af677262	2026-09-19T22:34:27.1390965Z   persist-credentials: true
integration	Run actions/checkout@11d5960a326750d5838078e36cf38b85af677262	2026-09-19T22:34:27.1391559Z   clean: true
integration	Run actions/checkout@11d5960a326750d5838078e36cf38b85af677262	2026-09-19T22:34:27.1392125Z   sparse-checkout-cone-mode: true
integration	Run actions/checkout@11d5960a326750d5838078e36cf38b85af677262	2026-09-19T22:34:27.1392879Z   fetch-depth: 1
integration	Run actions/checkout@11d5960a326750d5838078e36cf38b85af677262	2026-09-19T22:34:27.1393428Z   fetch-tags: false
integration	Run actions/checkout@11d5960a326750d5838078e36cf38b85af677262	2026-09-19T22:34:27.1394041Z   show-progress: true
integration	Run actions/checkout@11d5960a326750d5838078e36cf38b85af677262	2026-09-19T22:34:27.1394591Z   lfs: false
integration	Run actions/checkout@11d5960a326750d5838078e36cf38b85af677262	2026-09-19T22:34:27.1395106Z   submodules: false
integration	Run actions/checkout@11d5960a326750d5838078e36cf38b85af677262	2026-09-19T22:34:27.1395680Z   set-safe-directory: true
integration	Run actions/checkout@11d5960a326750d5838078e36cf38b85af677262	2026-09-19T22:34:27.1396283Z   allow-unsafe-pr-checkout: false
integration	Run actions/checkout@11d5960a326750d5838078e36cf38b85af677262	2026-09-19T22:34:27.1396896Z ##[endgroup]
integration	Run actions/checkout@11d5960a326750d5838078e36cf38b85af677262	2026-09-19T22:34:27.2281640Z Syncing repository: entrotter/engine
integration	Run actions/checkout@11d5960a326750d5838078e36cf38b85af677262	2026-09-19T22:34:27.2291561Z ##[group]Getting Git version info
integration	Run actions/checkout@11d5960a326750d5838078e36cf38b85af677262	2026-09-19T22:34:27.2293353Z Working directory is '/home/runner/work/entrotter/entrotter/engine'
integration	Run actions/checkout@11d5960a326750d5838078e36cf38b85af677262	2026-09-19T22:34:27.2338114Z [command]/usr/bin/git version
integration	Run actions/checkout@11d5960a326750d5838078e36cf38b85af677262	2026-09-19T22:34:27.2384983Z git version 2.55.0
integration	Run actions/checkout@11d5960a326750d5838078e36cf38b85af677262	2026-09-19T22:34:27.2415009Z ##[endgroup]
integration	Run actions/checkout@11d5960a326750d5838078e36cf38b85af677262	2026-09-19T22:34:27.2421182Z Temporarily overriding HOME='/home/runner/work/_temp/828c1b34-4da2-4d70-b7cd-a40abcf0fb6b' before making global git config changes
integration	Run actions/checkout@11d5960a326750d5838078e36cf38b85af677262	2026-09-19T22:34:27.2423614Z Adding repository directory to the temporary git global config as a safe directory
integration	Run actions/checkout@11d5960a326750d5838078e36cf38b85af677262	2026-09-19T22:34:27.2428170Z [command]/usr/bin/git config --global --add safe.directory /home/runner/work/entrotter/entrotter/engine
integration	Run actions/checkout@11d5960a326750d5838078e36cf38b85af677262	2026-09-19T22:34:27.2467298Z ##[group]Initializing the repository
integration	Run actions/checkout@11d5960a326750d5838078e36cf38b85af677262	2026-09-19T22:34:27.2473746Z [command]/usr/bin/git init /home/runner/work/entrotter/entrotter/engine
integration	Run actions/checkout@11d5960a326750d5838078e36cf38b85af677262	2026-09-19T22:34:27.2518339Z hint: Using 'master' as the name for the initial branch. This default branch name
integration	Run actions/checkout@11d5960a326750d5838078e36cf38b85af677262	2026-09-19T22:34:27.2520503Z hint: will change to "main" in Git 3.0. To configure the initial branch name
integration	Run actions/checkout@11d5960a326750d5838078e36cf38b85af677262	2026-09-19T22:34:27.2523175Z hint: to use in all of your new repositories, which will suppress this warning,
integration	Run actions/checkout@11d5960a326750d5838078e36cf38b85af677262	2026-09-19T22:34:27.2524841Z hint: call:
integration	Run actions/checkout@11d5960a326750d5838078e36cf38b85af677262	2026-09-19T22:34:27.2525979Z hint:
integration	Run actions/checkout@11d5960a326750d5838078e36cf38b85af677262	2026-09-19T22:34:27.2527280Z hint: 	git config --global init.defaultBranch <name>
integration	Run actions/checkout@11d5960a326750d5838078e36cf38b85af677262	2026-09-19T22:34:27.2528632Z hint:
integration	Run actions/checkout@11d5960a326750d5838078e36cf38b85af677262	2026-09-19T22:34:27.2529999Z hint: Names commonly chosen instead of 'master' are 'main', 'trunk' and
integration	Run actions/checkout@11d5960a326750d5838078e36cf38b85af677262	2026-09-19T22:34:27.2533028Z hint: 'development'. The just-created branch can be renamed via this command:
integration	Run actions/checkout@11d5960a326750d5838078e36cf38b85af677262	2026-09-19T22:34:27.2534639Z hint:
integration	Run actions/checkout@11d5960a326750d5838078e36cf38b85af677262	2026-09-19T22:34:27.2535427Z hint: 	git branch -m <name>
integration	Run actions/checkout@11d5960a326750d5838078e36cf38b85af677262	2026-09-19T22:34:27.2536184Z hint:
integration	Run actions/checkout@11d5960a326750d5838078e36cf38b85af677262	2026-09-19T22:34:27.2537074Z hint: Disable this message with "git config set advice.defaultBranchName false"
integration	Run actions/checkout@11d5960a326750d5838078e36cf38b85af677262	2026-09-19T22:34:27.2539446Z Initialized empty Git repository in /home/runner/work/entrotter/entrotter/engine/.git/
integration	Run actions/checkout@11d5960a326750d5838078e36cf38b85af677262	2026-09-19T22:34:27.2543587Z [command]/usr/bin/git remote add origin https://github.com/entrotter/engine
integration	Run actions/checkout@11d5960a326750d5838078e36cf38b85af677262	2026-09-19T22:34:27.2569973Z ##[endgroup]
integration	Run actions/checkout@11d5960a326750d5838078e36cf38b85af677262	2026-09-19T22:34:27.2571764Z ##[group]Disabling automatic garbage collection
integration	Run actions/checkout@11d5960a326750d5838078e36cf38b85af677262	2026-09-19T22:34:27.2611690Z [command]/usr/bin/git config --local gc.auto 0
integration	Run actions/checkout@11d5960a326750d5838078e36cf38b85af677262	2026-09-19T22:34:27.2630939Z ##[endgroup]
integration	Run actions/checkout@11d5960a326750d5838078e36cf38b85af677262	2026-09-19T22:34:27.2632800Z ##[group]Setting up auth
integration	Run actions/checkout@11d5960a326750d5838078e36cf38b85af677262	2026-09-19T22:34:27.2634231Z [command]/usr/bin/git config --local --name-only --get-regexp core\.sshCommand
integration	Run actions/checkout@11d5960a326750d5838078e36cf38b85af677262	2026-09-19T22:34:27.2650257Z [command]/usr/bin/git submodule foreach --recursive sh -c "git config --local --name-only --get-regexp 'core\.sshCommand' && git config --local --unset-all 'core.sshCommand' || :"
integration	Run actions/checkout@11d5960a326750d5838078e36cf38b85af677262	2026-09-19T22:34:27.2908835Z [command]/usr/bin/git config --local --name-only --get-regexp http\.https\:\/\/github\.com\/\.extraheader
integration	Run actions/checkout@11d5960a326750d5838078e36cf38b85af677262	2026-09-19T22:34:27.2946420Z [command]/usr/bin/git submodule foreach --recursive sh -c "git config --local --name-only --get-regexp 'http\.https\:\/\/github\.com\/\.extraheader' && git config --local --unset-all 'http.https://github.com/.extraheader' || :"
integration	Run actions/checkout@11d5960a326750d5838078e36cf38b85af677262	2026-09-19T22:34:27.3206699Z [command]/usr/bin/git config --local --name-only --get-regexp ^includeIf\.gitdir:
integration	Run actions/checkout@11d5960a326750d5838078e36cf38b85af677262	2026-09-19T22:34:27.3248395Z [command]/usr/bin/git submodule foreach --recursive git config --local --show-origin --name-only --get-regexp remote.origin.url
integration	Run actions/checkout@11d5960a326750d5838078e36cf38b85af677262	2026-09-19T22:34:27.3498038Z [command]/usr/bin/git config --local http.https://github.com/.extraheader AUTHORIZATION: basic ***
integration	Run actions/checkout@11d5960a326750d5838078e36cf38b85af677262	2026-09-19T22:34:27.3538896Z ##[endgroup]
integration	Run actions/checkout@11d5960a326750d5838078e36cf38b85af677262	2026-09-19T22:34:27.3548591Z ##[group]Fetching the repository
integration	Run actions/checkout@11d5960a326750d5838078e36cf38b85af677262	2026-09-19T22:34:27.3550069Z [command]/usr/bin/git -c protocol.version=2 fetch --no-tags --prune --no-recurse-submodules --depth=1 origin bb8b3e8d32c7cbd49629d337758f30bfdf805045
integration	Run actions/checkout@11d5960a326750d5838078e36cf38b85af677262	2026-09-19T22:34:27.9058194Z From https://github.com/entrotter/engine
integration	Run actions/checkout@11d5960a326750d5838078e36cf38b85af677262	2026-09-19T22:34:27.9059295Z  * branch            bb8b3e8d32c7cbd49629d337758f30bfdf805045 -> FETCH_HEAD
integration	Run actions/checkout@11d5960a326750d5838078e36cf38b85af677262	2026-09-19T22:34:27.9063169Z ##[endgroup]
integration	Run actions/checkout@11d5960a326750d5838078e36cf38b85af677262	2026-09-19T22:34:27.9064153Z ##[group]Determining the checkout info
integration	Run actions/checkout@11d5960a326750d5838078e36cf38b85af677262	2026-09-19T22:34:27.9066481Z ##[endgroup]
integration	Run actions/checkout@11d5960a326750d5838078e36cf38b85af677262	2026-09-19T22:34:27.9072247Z [command]/usr/bin/git sparse-checkout disable
integration	Run actions/checkout@11d5960a326750d5838078e36cf38b85af677262	2026-09-19T22:34:27.9118607Z [command]/usr/bin/git config --local --unset-all extensions.worktreeConfig
integration	Run actions/checkout@11d5960a326750d5838078e36cf38b85af677262	2026-09-19T22:34:27.9156672Z ##[group]Checking out the ref
integration	Run actions/checkout@11d5960a326750d5838078e36cf38b85af677262	2026-09-19T22:34:27.9160994Z [command]/usr/bin/git checkout --progress --force bb8b3e8d32c7cbd49629d337758f30bfdf805045
integration	Run actions/checkout@11d5960a326750d5838078e36cf38b85af677262	2026-09-19T22:34:27.9223564Z Note: switching to 'bb8b3e8d32c7cbd49629d337758f30bfdf805045'.
integration	Run actions/checkout@11d5960a326750d5838078e36cf38b85af677262	2026-09-19T22:34:27.9224510Z
integration	Run actions/checkout@11d5960a326750d5838078e36cf38b85af677262	2026-09-19T22:34:27.9225378Z You are in 'detached HEAD' state. You can look around, make experimental
integration	Run actions/checkout@11d5960a326750d5838078e36cf38b85af677262	2026-09-19T22:34:27.9226465Z changes and commit them, and you can discard any commits you make in this
integration	Run actions/checkout@11d5960a326750d5838078e36cf38b85af677262	2026-09-19T22:34:27.9227243Z state without impacting any branches by switching back to a branch.
integration	Run actions/checkout@11d5960a326750d5838078e36cf38b85af677262	2026-09-19T22:34:27.9227639Z
integration	Run actions/checkout@11d5960a326750d5838078e36cf38b85af677262	2026-09-19T22:34:27.9227958Z If you want to create a new branch to retain commits you create, you may
integration	Run actions/checkout@11d5960a326750d5838078e36cf38b85af677262	2026-09-19T22:34:27.9228655Z do so (now or later) by using -c with the switch command. Example:
integration	Run actions/checkout@11d5960a326750d5838078e36cf38b85af677262	2026-09-19T22:34:27.9229195Z
integration	Run actions/checkout@11d5960a326750d5838078e36cf38b85af677262	2026-09-19T22:34:27.9229481Z   git switch -c <new-branch-name>
integration	Run actions/checkout@11d5960a326750d5838078e36cf38b85af677262	2026-09-19T22:34:27.9229877Z
integration	Run actions/checkout@11d5960a326750d5838078e36cf38b85af677262	2026-09-19T22:34:27.9230664Z Or undo this operation with:
integration	Run actions/checkout@11d5960a326750d5838078e36cf38b85af677262	2026-09-19T22:34:27.9231064Z
integration	Run actions/checkout@11d5960a326750d5838078e36cf38b85af677262	2026-09-19T22:34:27.9231283Z   git switch -
integration	Run actions/checkout@11d5960a326750d5838078e36cf38b85af677262	2026-09-19T22:34:27.9231677Z
integration	Run actions/checkout@11d5960a326750d5838078e36cf38b85af677262	2026-09-19T22:34:27.9232134Z Turn off this advice by setting config variable advice.detachedHead to false
integration	Run actions/checkout@11d5960a326750d5838078e36cf38b85af677262	2026-09-19T22:34:27.9233010Z
integration	Run actions/checkout@11d5960a326750d5838078e36cf38b85af677262	2026-09-19T22:34:27.9233535Z HEAD is now at bb8b3e8 feat: constrain causal EVM decisions and verify recorded replay
integration	Run actions/checkout@11d5960a326750d5838078e36cf38b85af677262	2026-09-19T22:34:27.9235446Z ##[endgroup]
integration	Run actions/checkout@11d5960a326750d5838078e36cf38b85af677262	2026-09-19T22:34:27.9299321Z [command]/usr/bin/git log -1 --format=%H
integration	Run actions/checkout@11d5960a326750d5838078e36cf38b85af677262	2026-09-19T22:34:27.9336725Z bb8b3e8d32c7cbd49629d337758f30bfdf805045
integration	Run actions/checkout@11d5960a326750d5838078e36cf38b85af677262	﻿2026-09-19T22:34:27.9608122Z Node 20 is being deprecated. This workflow is running with Node 24 by default. If you need to temporarily use Node 20, you can set the ACTIONS_ALLOW_USE_UNSECURE_NODE_VERSION=true environment variable. For more information see: https://github.blog/changelog/2025-09-19-deprecation-of-node-20-on-github-actions-runners/
integration	Run actions/checkout@11d5960a326750d5838078e36cf38b85af677262	2026-09-19T22:34:27.9609564Z ##[group]Run actions/checkout@11d5960a326750d5838078e36cf38b85af677262
integration	Run actions/checkout@11d5960a326750d5838078e36cf38b85af677262	2026-09-19T22:34:27.9609999Z with:
integration	Run actions/checkout@11d5960a326750d5838078e36cf38b85af677262	2026-09-19T22:34:27.9610269Z   repository: entrotter/sdk-python
integration	Run actions/checkout@11d5960a326750d5838078e36cf38b85af677262	2026-09-19T22:34:27.9610602Z   ref: f65f45de26c2658e2269a02a5dbe7c90c74b1cba
integration	Run actions/checkout@11d5960a326750d5838078e36cf38b85af677262	2026-09-19T22:34:27.9610939Z   path: sdk-python
integration	Run actions/checkout@11d5960a326750d5838078e36cf38b85af677262	2026-09-19T22:34:27.9614056Z   token: ***
integration	Run actions/checkout@11d5960a326750d5838078e36cf38b85af677262	2026-09-19T22:34:27.9614386Z   ssh-strict: true
integration	Run actions/checkout@11d5960a326750d5838078e36cf38b85af677262	2026-09-19T22:34:27.9614647Z   ssh-user: git
integration	Run actions/checkout@11d5960a326750d5838078e36cf38b85af677262	2026-09-19T22:34:27.9614909Z   persist-credentials: true
integration	Run actions/checkout@11d5960a326750d5838078e36cf38b85af677262	2026-09-19T22:34:27.9615189Z   clean: true
integration	Run actions/checkout@11d5960a326750d5838078e36cf38b85af677262	2026-09-19T22:34:27.9615456Z   sparse-checkout-cone-mode: true
integration	Run actions/checkout@11d5960a326750d5838078e36cf38b85af677262	2026-09-19T22:34:27.9615762Z   fetch-depth: 1
integration	Run actions/checkout@11d5960a326750d5838078e36cf38b85af677262	2026-09-19T22:34:27.9616015Z   fetch-tags: false
integration	Run actions/checkout@11d5960a326750d5838078e36cf38b85af677262	2026-09-19T22:34:27.9616318Z   show-progress: true
integration	Run actions/checkout@11d5960a326750d5838078e36cf38b85af677262	2026-09-19T22:34:27.9616578Z   lfs: false
integration	Run actions/checkout@11d5960a326750d5838078e36cf38b85af677262	2026-09-19T22:34:27.9616827Z   submodules: false
integration	Run actions/checkout@11d5960a326750d5838078e36cf38b85af677262	2026-09-19T22:34:27.9617085Z   set-safe-directory: true
integration	Run actions/checkout@11d5960a326750d5838078e36cf38b85af677262	2026-09-19T22:34:27.9617391Z   allow-unsafe-pr-checkout: false
integration	Run actions/checkout@11d5960a326750d5838078e36cf38b85af677262	2026-09-19T22:34:27.9617699Z ##[endgroup]
integration	Run actions/checkout@11d5960a326750d5838078e36cf38b85af677262	2026-09-19T22:34:28.0513720Z Syncing repository: entrotter/sdk-python
integration	Run actions/checkout@11d5960a326750d5838078e36cf38b85af677262	2026-09-19T22:34:28.0516231Z ##[group]Getting Git version info
integration	Run actions/checkout@11d5960a326750d5838078e36cf38b85af677262	2026-09-19T22:34:28.0517100Z Working directory is '/home/runner/work/entrotter/entrotter/sdk-python'
integration	Run actions/checkout@11d5960a326750d5838078e36cf38b85af677262	2026-09-19T22:34:28.0564325Z [command]/usr/bin/git version
integration	Run actions/checkout@11d5960a326750d5838078e36cf38b85af677262	2026-09-19T22:34:28.0611241Z git version 2.55.0
integration	Run actions/checkout@11d5960a326750d5838078e36cf38b85af677262	2026-09-19T22:34:28.0636204Z ##[endgroup]
integration	Run actions/checkout@11d5960a326750d5838078e36cf38b85af677262	2026-09-19T22:34:28.0652183Z Temporarily overriding HOME='/home/runner/work/_temp/b522f103-cc45-45d1-9e97-1626243d168b' before making global git config changes
integration	Run actions/checkout@11d5960a326750d5838078e36cf38b85af677262	2026-09-19T22:34:28.0654317Z Adding repository directory to the temporary git global config as a safe directory
integration	Run actions/checkout@11d5960a326750d5838078e36cf38b85af677262	2026-09-19T22:34:28.0658541Z [command]/usr/bin/git config --global --add safe.directory /home/runner/work/entrotter/entrotter/sdk-python
integration	Run actions/checkout@11d5960a326750d5838078e36cf38b85af677262	2026-09-19T22:34:28.0696934Z ##[group]Initializing the repository
integration	Run actions/checkout@11d5960a326750d5838078e36cf38b85af677262	2026-09-19T22:34:28.0702206Z [command]/usr/bin/git init /home/runner/work/entrotter/entrotter/sdk-python
integration	Run actions/checkout@11d5960a326750d5838078e36cf38b85af677262	2026-09-19T22:34:28.0746840Z hint: Using 'master' as the name for the initial branch. This default branch name
integration	Run actions/checkout@11d5960a326750d5838078e36cf38b85af677262	2026-09-19T22:34:28.0748262Z hint: will change to "main" in Git 3.0. To configure the initial branch name
integration	Run actions/checkout@11d5960a326750d5838078e36cf38b85af677262	2026-09-19T22:34:28.0749800Z hint: to use in all of your new repositories, which will suppress this warning,
integration	Run actions/checkout@11d5960a326750d5838078e36cf38b85af677262	2026-09-19T22:34:28.0750876Z hint: call:
integration	Run actions/checkout@11d5960a326750d5838078e36cf38b85af677262	2026-09-19T22:34:28.0751526Z hint:
integration	Run actions/checkout@11d5960a326750d5838078e36cf38b85af677262	2026-09-19T22:34:28.0752075Z hint: 	git config --global init.defaultBranch <name>
integration	Run actions/checkout@11d5960a326750d5838078e36cf38b85af677262	2026-09-19T22:34:28.0754254Z hint:
integration	Run actions/checkout@11d5960a326750d5838078e36cf38b85af677262	2026-09-19T22:34:28.0754881Z hint: Names commonly chosen instead of 'master' are 'main', 'trunk' and
integration	Run actions/checkout@11d5960a326750d5838078e36cf38b85af677262	2026-09-19T22:34:28.0755647Z hint: 'development'. The just-created branch can be renamed via this command:
integration	Run actions/checkout@11d5960a326750d5838078e36cf38b85af677262	2026-09-19T22:34:28.0756261Z hint:
integration	Run actions/checkout@11d5960a326750d5838078e36cf38b85af677262	2026-09-19T22:34:28.0756768Z hint: 	git branch -m <name>
integration	Run actions/checkout@11d5960a326750d5838078e36cf38b85af677262	2026-09-19T22:34:28.0757263Z hint:
integration	Run actions/checkout@11d5960a326750d5838078e36cf38b85af677262	2026-09-19T22:34:28.0757978Z hint: Disable this message with "git config set advice.defaultBranchName false"
integration	Run actions/checkout@11d5960a326750d5838078e36cf38b85af677262	2026-09-19T22:34:28.0758869Z Initialized empty Git repository in /home/runner/work/entrotter/entrotter/sdk-python/.git/
integration	Run actions/checkout@11d5960a326750d5838078e36cf38b85af677262	2026-09-19T22:34:28.0760959Z [command]/usr/bin/git remote add origin https://github.com/entrotter/sdk-python
integration	Run actions/checkout@11d5960a326750d5838078e36cf38b85af677262	2026-09-19T22:34:28.0814751Z ##[endgroup]
integration	Run actions/checkout@11d5960a326750d5838078e36cf38b85af677262	2026-09-19T22:34:28.0816337Z ##[group]Disabling automatic garbage collection
integration	Run actions/checkout@11d5960a326750d5838078e36cf38b85af677262	2026-09-19T22:34:28.0821010Z [command]/usr/bin/git config --local gc.auto 0
integration	Run actions/checkout@11d5960a326750d5838078e36cf38b85af677262	2026-09-19T22:34:28.0858738Z ##[endgroup]
integration	Run actions/checkout@11d5960a326750d5838078e36cf38b85af677262	2026-09-19T22:34:28.0859889Z ##[group]Setting up auth
integration	Run actions/checkout@11d5960a326750d5838078e36cf38b85af677262	2026-09-19T22:34:28.0868744Z [command]/usr/bin/git config --local --name-only --get-regexp core\.sshCommand
integration	Run actions/checkout@11d5960a326750d5838078e36cf38b85af677262	2026-09-19T22:34:28.0908879Z [command]/usr/bin/git submodule foreach --recursive sh -c "git config --local --name-only --get-regexp 'core\.sshCommand' && git config --local --unset-all 'core.sshCommand' || :"
integration	Run actions/checkout@11d5960a326750d5838078e36cf38b85af677262	2026-09-19T22:34:28.1177783Z [command]/usr/bin/git config --local --name-only --get-regexp http\.https\:\/\/github\.com\/\.extraheader
integration	Run actions/checkout@11d5960a326750d5838078e36cf38b85af677262	2026-09-19T22:34:28.1220204Z [command]/usr/bin/git submodule foreach --recursive sh -c "git config --local --name-only --get-regexp 'http\.https\:\/\/github\.com\/\.extraheader' && git config --local --unset-all 'http.https://github.com/.extraheader' || :"
integration	Run actions/checkout@11d5960a326750d5838078e36cf38b85af677262	2026-09-19T22:34:28.1505845Z [command]/usr/bin/git config --local --name-only --get-regexp ^includeIf\.gitdir:
integration	Run actions/checkout@11d5960a326750d5838078e36cf38b85af677262	2026-09-19T22:34:28.1552371Z [command]/usr/bin/git submodule foreach --recursive git config --local --show-origin --name-only --get-regexp remote.origin.url
integration	Run actions/checkout@11d5960a326750d5838078e36cf38b85af677262	2026-09-19T22:34:28.1813234Z [command]/usr/bin/git config --local http.https://github.com/.extraheader AUTHORIZATION: basic ***
integration	Run actions/checkout@11d5960a326750d5838078e36cf38b85af677262	2026-09-19T22:34:28.1854865Z ##[endgroup]
integration	Run actions/checkout@11d5960a326750d5838078e36cf38b85af677262	2026-09-19T22:34:28.1855783Z ##[group]Fetching the repository
integration	Run actions/checkout@11d5960a326750d5838078e36cf38b85af677262	2026-09-19T22:34:28.1866235Z [command]/usr/bin/git -c protocol.version=2 fetch --no-tags --prune --no-recurse-submodules --depth=1 origin f65f45de26c2658e2269a02a5dbe7c90c74b1cba
integration	Run actions/checkout@11d5960a326750d5838078e36cf38b85af677262	2026-09-19T22:34:28.7163736Z From https://github.com/entrotter/sdk-python
integration	Run actions/checkout@11d5960a326750d5838078e36cf38b85af677262	2026-09-19T22:34:28.7164902Z  * branch            f65f45de26c2658e2269a02a5dbe7c90c74b1cba -> FETCH_HEAD
integration	Run actions/checkout@11d5960a326750d5838078e36cf38b85af677262	2026-09-19T22:34:28.7170272Z ##[endgroup]
integration	Run actions/checkout@11d5960a326750d5838078e36cf38b85af677262	2026-09-19T22:34:28.7171176Z ##[group]Determining the checkout info
integration	Run actions/checkout@11d5960a326750d5838078e36cf38b85af677262	2026-09-19T22:34:28.7173767Z ##[endgroup]
integration	Run actions/checkout@11d5960a326750d5838078e36cf38b85af677262	2026-09-19T22:34:28.7180542Z [command]/usr/bin/git sparse-checkout disable
integration	Run actions/checkout@11d5960a326750d5838078e36cf38b85af677262	2026-09-19T22:34:28.7246496Z [command]/usr/bin/git config --local --unset-all extensions.worktreeConfig
integration	Run actions/checkout@11d5960a326750d5838078e36cf38b85af677262	2026-09-19T22:34:28.7279572Z ##[group]Checking out the ref
integration	Run actions/checkout@11d5960a326750d5838078e36cf38b85af677262	2026-09-19T22:34:28.7284436Z [command]/usr/bin/git checkout --progress --force f65f45de26c2658e2269a02a5dbe7c90c74b1cba
integration	Run actions/checkout@11d5960a326750d5838078e36cf38b85af677262	2026-09-19T22:34:28.7331724Z Note: switching to 'f65f45de26c2658e2269a02a5dbe7c90c74b1cba'.
integration	Run actions/checkout@11d5960a326750d5838078e36cf38b85af677262	2026-09-19T22:34:28.7332155Z
integration	Run actions/checkout@11d5960a326750d5838078e36cf38b85af677262	2026-09-19T22:34:28.7332388Z You are in 'detached HEAD' state. You can look around, make experimental
integration	Run actions/checkout@11d5960a326750d5838078e36cf38b85af677262	2026-09-19T22:34:28.7333507Z changes and commit them, and you can discard any commits you make in this
integration	Run actions/checkout@11d5960a326750d5838078e36cf38b85af677262	2026-09-19T22:34:28.7334396Z state without impacting any branches by switching back to a branch.
integration	Run actions/checkout@11d5960a326750d5838078e36cf38b85af677262	2026-09-19T22:34:28.7334860Z
integration	Run actions/checkout@11d5960a326750d5838078e36cf38b85af677262	2026-09-19T22:34:28.7335185Z If you want to create a new branch to retain commits you create, you may
integration	Run actions/checkout@11d5960a326750d5838078e36cf38b85af677262	2026-09-19T22:34:28.7335952Z do so (now or later) by using -c with the switch command. Example:
integration	Run actions/checkout@11d5960a326750d5838078e36cf38b85af677262	2026-09-19T22:34:28.7336325Z
integration	Run actions/checkout@11d5960a326750d5838078e36cf38b85af677262	2026-09-19T22:34:28.7336457Z   git switch -c <new-branch-name>
integration	Run actions/checkout@11d5960a326750d5838078e36cf38b85af677262	2026-09-19T22:34:28.7336643Z
integration	Run actions/checkout@11d5960a326750d5838078e36cf38b85af677262	2026-09-19T22:34:28.7336751Z Or undo this operation with:
integration	Run actions/checkout@11d5960a326750d5838078e36cf38b85af677262	2026-09-19T22:34:28.7336906Z
integration	Run actions/checkout@11d5960a326750d5838078e36cf38b85af677262	2026-09-19T22:34:28.7337010Z   git switch -
integration	Run actions/checkout@11d5960a326750d5838078e36cf38b85af677262	2026-09-19T22:34:28.7337295Z
integration	Run actions/checkout@11d5960a326750d5838078e36cf38b85af677262	2026-09-19T22:34:28.7337534Z Turn off this advice by setting config variable advice.detachedHead to false
integration	Run actions/checkout@11d5960a326750d5838078e36cf38b85af677262	2026-09-19T22:34:28.7338020Z
integration	Run actions/checkout@11d5960a326750d5838078e36cf38b85af677262	2026-09-19T22:34:28.7338353Z HEAD is now at f65f45d feat: bootstrap open-source Entrotter component
integration	Run actions/checkout@11d5960a326750d5838078e36cf38b85af677262	2026-09-19T22:34:28.7354494Z ##[endgroup]
integration	Run actions/checkout@11d5960a326750d5838078e36cf38b85af677262	2026-09-19T22:34:28.7395326Z [command]/usr/bin/git log -1 --format=%H
integration	Run actions/checkout@11d5960a326750d5838078e36cf38b85af677262	2026-09-19T22:34:28.7424158Z f65f45de26c2658e2269a02a5dbe7c90c74b1cba
integration	Run actions/checkout@11d5960a326750d5838078e36cf38b85af677262	﻿2026-09-19T22:34:28.7614666Z Node 20 is being deprecated. This workflow is running with Node 24 by default. If you need to temporarily use Node 20, you can set the ACTIONS_ALLOW_USE_UNSECURE_NODE_VERSION=true environment variable. For more information see: https://github.blog/changelog/2025-09-19-deprecation-of-node-20-on-github-actions-runners/
integration	Run actions/checkout@11d5960a326750d5838078e36cf38b85af677262	2026-09-19T22:34:28.7616220Z ##[group]Run actions/checkout@11d5960a326750d5838078e36cf38b85af677262
integration	Run actions/checkout@11d5960a326750d5838078e36cf38b85af677262	2026-09-19T22:34:28.7616571Z with:
integration	Run actions/checkout@11d5960a326750d5838078e36cf38b85af677262	2026-09-19T22:34:28.7616779Z   repository: entrotter/cli
integration	Run actions/checkout@11d5960a326750d5838078e36cf38b85af677262	2026-09-19T22:34:28.7617049Z   ref: b6a7f4d96cec08f4779968b9f63bab3f9b405fe8
integration	Run actions/checkout@11d5960a326750d5838078e36cf38b85af677262	2026-09-19T22:34:28.7617334Z   path: cli
integration	Run actions/checkout@11d5960a326750d5838078e36cf38b85af677262	2026-09-19T22:34:28.7620049Z   token: ***
integration	Run actions/checkout@11d5960a326750d5838078e36cf38b85af677262	2026-09-19T22:34:28.7620253Z   ssh-strict: true
integration	Run actions/checkout@11d5960a326750d5838078e36cf38b85af677262	2026-09-19T22:34:28.7620455Z   ssh-user: git
integration	Run actions/checkout@11d5960a326750d5838078e36cf38b85af677262	2026-09-19T22:34:28.7620667Z   persist-credentials: true
integration	Run actions/checkout@11d5960a326750d5838078e36cf38b85af677262	2026-09-19T22:34:28.7620904Z   clean: true
integration	Run actions/checkout@11d5960a326750d5838078e36cf38b85af677262	2026-09-19T22:34:28.7621113Z   sparse-checkout-cone-mode: true
integration	Run actions/checkout@11d5960a326750d5838078e36cf38b85af677262	2026-09-19T22:34:28.7621370Z   fetch-depth: 1
integration	Run actions/checkout@11d5960a326750d5838078e36cf38b85af677262	2026-09-19T22:34:28.7621566Z   fetch-tags: false
integration	Run actions/checkout@11d5960a326750d5838078e36cf38b85af677262	2026-09-19T22:34:28.7621811Z   show-progress: true
integration	Run actions/checkout@11d5960a326750d5838078e36cf38b85af677262	2026-09-19T22:34:28.7622018Z   lfs: false
integration	Run actions/checkout@11d5960a326750d5838078e36cf38b85af677262	2026-09-19T22:34:28.7622208Z   submodules: false
integration	Run actions/checkout@11d5960a326750d5838078e36cf38b85af677262	2026-09-19T22:34:28.7622418Z   set-safe-directory: true
integration	Run actions/checkout@11d5960a326750d5838078e36cf38b85af677262	2026-09-19T22:34:28.7622951Z   allow-unsafe-pr-checkout: false
integration	Run actions/checkout@11d5960a326750d5838078e36cf38b85af677262	2026-09-19T22:34:28.7623211Z ##[endgroup]
integration	Run actions/checkout@11d5960a326750d5838078e36cf38b85af677262	2026-09-19T22:34:28.8485619Z Syncing repository: entrotter/cli
integration	Run actions/checkout@11d5960a326750d5838078e36cf38b85af677262	2026-09-19T22:34:28.8494149Z ##[group]Getting Git version info
integration	Run actions/checkout@11d5960a326750d5838078e36cf38b85af677262	2026-09-19T22:34:28.8494849Z Working directory is '/home/runner/work/entrotter/entrotter/cli'
integration	Run actions/checkout@11d5960a326750d5838078e36cf38b85af677262	2026-09-19T22:34:28.8541517Z [command]/usr/bin/git version
integration	Run actions/checkout@11d5960a326750d5838078e36cf38b85af677262	2026-09-19T22:34:28.8585687Z git version 2.55.0
integration	Run actions/checkout@11d5960a326750d5838078e36cf38b85af677262	2026-09-19T22:34:28.8607373Z ##[endgroup]
integration	Run actions/checkout@11d5960a326750d5838078e36cf38b85af677262	2026-09-19T22:34:28.8623090Z Temporarily overriding HOME='/home/runner/work/_temp/f5125245-a671-496d-a251-f5c2307a482c' before making global git config changes
integration	Run actions/checkout@11d5960a326750d5838078e36cf38b85af677262	2026-09-19T22:34:28.8624582Z Adding repository directory to the temporary git global config as a safe directory
integration	Run actions/checkout@11d5960a326750d5838078e36cf38b85af677262	2026-09-19T22:34:28.8640250Z [command]/usr/bin/git config --global --add safe.directory /home/runner/work/entrotter/entrotter/cli
integration	Run actions/checkout@11d5960a326750d5838078e36cf38b85af677262	2026-09-19T22:34:28.8670064Z ##[group]Initializing the repository
integration	Run actions/checkout@11d5960a326750d5838078e36cf38b85af677262	2026-09-19T22:34:28.8675981Z [command]/usr/bin/git init /home/runner/work/entrotter/entrotter/cli
integration	Run actions/checkout@11d5960a326750d5838078e36cf38b85af677262	2026-09-19T22:34:28.8719790Z hint: Using 'master' as the name for the initial branch. This default branch name
integration	Run actions/checkout@11d5960a326750d5838078e36cf38b85af677262	2026-09-19T22:34:28.8721073Z hint: will change to "main" in Git 3.0. To configure the initial branch name
integration	Run actions/checkout@11d5960a326750d5838078e36cf38b85af677262	2026-09-19T22:34:28.8722346Z hint: to use in all of your new repositories, which will suppress this warning,
integration	Run actions/checkout@11d5960a326750d5838078e36cf38b85af677262	2026-09-19T22:34:28.8723556Z hint: call:
integration	Run actions/checkout@11d5960a326750d5838078e36cf38b85af677262	2026-09-19T22:34:28.8724003Z hint:
integration	Run actions/checkout@11d5960a326750d5838078e36cf38b85af677262	2026-09-19T22:34:28.8724485Z hint: 	git config --global init.defaultBranch <name>
integration	Run actions/checkout@11d5960a326750d5838078e36cf38b85af677262	2026-09-19T22:34:28.8725078Z hint:
integration	Run actions/checkout@11d5960a326750d5838078e36cf38b85af677262	2026-09-19T22:34:28.8725638Z hint: Names commonly chosen instead of 'master' are 'main', 'trunk' and
integration	Run actions/checkout@11d5960a326750d5838078e36cf38b85af677262	2026-09-19T22:34:28.8726533Z hint: 'development'. The just-created branch can be renamed via this command:
integration	Run actions/checkout@11d5960a326750d5838078e36cf38b85af677262	2026-09-19T22:34:28.8727190Z hint:
integration	Run actions/checkout@11d5960a326750d5838078e36cf38b85af677262	2026-09-19T22:34:28.8727583Z hint: 	git branch -m <name>
integration	Run actions/checkout@11d5960a326750d5838078e36cf38b85af677262	2026-09-19T22:34:28.8728053Z hint:
integration	Run actions/checkout@11d5960a326750d5838078e36cf38b85af677262	2026-09-19T22:34:28.8728624Z hint: Disable this message with "git config set advice.defaultBranchName false"
integration	Run actions/checkout@11d5960a326750d5838078e36cf38b85af677262	2026-09-19T22:34:28.8729594Z Initialized empty Git repository in /home/runner/work/entrotter/entrotter/cli/.git/
integration	Run actions/checkout@11d5960a326750d5838078e36cf38b85af677262	2026-09-19T22:34:28.8737201Z [command]/usr/bin/git remote add origin https://github.com/entrotter/cli
integration	Run actions/checkout@11d5960a326750d5838078e36cf38b85af677262	2026-09-19T22:34:28.8774850Z ##[endgroup]
integration	Run actions/checkout@11d5960a326750d5838078e36cf38b85af677262	2026-09-19T22:34:28.8775533Z ##[group]Disabling automatic garbage collection
integration	Run actions/checkout@11d5960a326750d5838078e36cf38b85af677262	2026-09-19T22:34:28.8778487Z [command]/usr/bin/git config --local gc.auto 0
integration	Run actions/checkout@11d5960a326750d5838078e36cf38b85af677262	2026-09-19T22:34:28.8821572Z ##[endgroup]
integration	Run actions/checkout@11d5960a326750d5838078e36cf38b85af677262	2026-09-19T22:34:28.8822236Z ##[group]Setting up auth
integration	Run actions/checkout@11d5960a326750d5838078e36cf38b85af677262	2026-09-19T22:34:28.8826177Z [command]/usr/bin/git config --local --name-only --get-regexp core\.sshCommand
integration	Run actions/checkout@11d5960a326750d5838078e36cf38b85af677262	2026-09-19T22:34:28.8867899Z [command]/usr/bin/git submodule foreach --recursive sh -c "git config --local --name-only --get-regexp 'core\.sshCommand' && git config --local --unset-all 'core.sshCommand' || :"
integration	Run actions/checkout@11d5960a326750d5838078e36cf38b85af677262	2026-09-19T22:34:28.9140473Z [command]/usr/bin/git config --local --name-only --get-regexp http\.https\:\/\/github\.com\/\.extraheader
integration	Run actions/checkout@11d5960a326750d5838078e36cf38b85af677262	2026-09-19T22:34:28.9180949Z [command]/usr/bin/git submodule foreach --recursive sh -c "git config --local --name-only --get-regexp 'http\.https\:\/\/github\.com\/\.extraheader' && git config --local --unset-all 'http.https://github.com/.extraheader' || :"
integration	Run actions/checkout@11d5960a326750d5838078e36cf38b85af677262	2026-09-19T22:34:28.9448363Z [command]/usr/bin/git config --local --name-only --get-regexp ^includeIf\.gitdir:
integration	Run actions/checkout@11d5960a326750d5838078e36cf38b85af677262	2026-09-19T22:34:28.9504866Z [command]/usr/bin/git submodule foreach --recursive git config --local --show-origin --name-only --get-regexp remote.origin.url
integration	Run actions/checkout@11d5960a326750d5838078e36cf38b85af677262	2026-09-19T22:34:28.9746611Z [command]/usr/bin/git config --local http.https://github.com/.extraheader AUTHORIZATION: basic ***
integration	Run actions/checkout@11d5960a326750d5838078e36cf38b85af677262	2026-09-19T22:34:28.9789602Z ##[endgroup]
integration	Run actions/checkout@11d5960a326750d5838078e36cf38b85af677262	2026-09-19T22:34:28.9790323Z ##[group]Fetching the repository
integration	Run actions/checkout@11d5960a326750d5838078e36cf38b85af677262	2026-09-19T22:34:28.9800661Z [command]/usr/bin/git -c protocol.version=2 fetch --no-tags --prune --no-recurse-submodules --depth=1 origin b6a7f4d96cec08f4779968b9f63bab3f9b405fe8
integration	Run actions/checkout@11d5960a326750d5838078e36cf38b85af677262	2026-09-19T22:34:29.1910135Z From https://github.com/entrotter/cli
integration	Run actions/checkout@11d5960a326750d5838078e36cf38b85af677262	2026-09-19T22:34:29.1910851Z  * branch            b6a7f4d96cec08f4779968b9f63bab3f9b405fe8 -> FETCH_HEAD
integration	Run actions/checkout@11d5960a326750d5838078e36cf38b85af677262	2026-09-19T22:34:29.1917363Z ##[endgroup]
integration	Run actions/checkout@11d5960a326750d5838078e36cf38b85af677262	2026-09-19T22:34:29.1918452Z ##[group]Determining the checkout info
integration	Run actions/checkout@11d5960a326750d5838078e36cf38b85af677262	2026-09-19T22:34:29.1921023Z ##[endgroup]
integration	Run actions/checkout@11d5960a326750d5838078e36cf38b85af677262	2026-09-19T22:34:29.1929852Z [command]/usr/bin/git sparse-checkout disable
integration	Run actions/checkout@11d5960a326750d5838078e36cf38b85af677262	2026-09-19T22:34:29.1982488Z [command]/usr/bin/git config --local --unset-all extensions.worktreeConfig
integration	Run actions/checkout@11d5960a326750d5838078e36cf38b85af677262	2026-09-19T22:34:29.2024205Z ##[group]Checking out the ref
integration	Run actions/checkout@11d5960a326750d5838078e36cf38b85af677262	2026-09-19T22:34:29.2029077Z [command]/usr/bin/git checkout --progress --force b6a7f4d96cec08f4779968b9f63bab3f9b405fe8
integration	Run actions/checkout@11d5960a326750d5838078e36cf38b85af677262	2026-09-19T22:34:29.2079410Z Note: switching to 'b6a7f4d96cec08f4779968b9f63bab3f9b405fe8'.
integration	Run actions/checkout@11d5960a326750d5838078e36cf38b85af677262	2026-09-19T22:34:29.2079916Z
integration	Run actions/checkout@11d5960a326750d5838078e36cf38b85af677262	2026-09-19T22:34:29.2080246Z You are in 'detached HEAD' state. You can look around, make experimental
integration	Run actions/checkout@11d5960a326750d5838078e36cf38b85af677262	2026-09-19T22:34:29.2081067Z changes and commit them, and you can discard any commits you make in this
integration	Run actions/checkout@11d5960a326750d5838078e36cf38b85af677262	2026-09-19T22:34:29.2081933Z state without impacting any branches by switching back to a branch.
integration	Run actions/checkout@11d5960a326750d5838078e36cf38b85af677262	2026-09-19T22:34:29.2082437Z
integration	Run actions/checkout@11d5960a326750d5838078e36cf38b85af677262	2026-09-19T22:34:29.2083054Z If you want to create a new branch to retain commits you create, you may
integration	Run actions/checkout@11d5960a326750d5838078e36cf38b85af677262	2026-09-19T22:34:29.2083826Z do so (now or later) by using -c with the switch command. Example:
integration	Run actions/checkout@11d5960a326750d5838078e36cf38b85af677262	2026-09-19T22:34:29.2084284Z
integration	Run actions/checkout@11d5960a326750d5838078e36cf38b85af677262	2026-09-19T22:34:29.2084463Z   git switch -c <new-branch-name>
integration	Run actions/checkout@11d5960a326750d5838078e36cf38b85af677262	2026-09-19T22:34:29.2084755Z
integration	Run actions/checkout@11d5960a326750d5838078e36cf38b85af677262	2026-09-19T22:34:29.2084914Z Or undo this operation with:
integration	Run actions/checkout@11d5960a326750d5838078e36cf38b85af677262	2026-09-19T22:34:29.2085197Z
integration	Run actions/checkout@11d5960a326750d5838078e36cf38b85af677262	2026-09-19T22:34:29.2085338Z   git switch -
integration	Run actions/checkout@11d5960a326750d5838078e36cf38b85af677262	2026-09-19T22:34:29.2085541Z
integration	Run actions/checkout@11d5960a326750d5838078e36cf38b85af677262	2026-09-19T22:34:29.2085899Z Turn off this advice by setting config variable advice.detachedHead to false
integration	Run actions/checkout@11d5960a326750d5838078e36cf38b85af677262	2026-09-19T22:34:29.2086430Z
integration	Run actions/checkout@11d5960a326750d5838078e36cf38b85af677262	2026-09-19T22:34:29.2086705Z HEAD is now at b6a7f4d feat: bootstrap open-source Entrotter component
integration	Run actions/checkout@11d5960a326750d5838078e36cf38b85af677262	2026-09-19T22:34:29.2090329Z ##[endgroup]
integration	Run actions/checkout@11d5960a326750d5838078e36cf38b85af677262	2026-09-19T22:34:29.2131753Z [command]/usr/bin/git log -1 --format=%H
integration	Run actions/checkout@11d5960a326750d5838078e36cf38b85af677262	2026-09-19T22:34:29.2160202Z b6a7f4d96cec08f4779968b9f63bab3f9b405fe8
integration	Run actions/checkout@11d5960a326750d5838078e36cf38b85af677262	﻿2026-09-19T22:34:29.2349878Z Node 20 is being deprecated. This workflow is running with Node 24 by default. If you need to temporarily use Node 20, you can set the ACTIONS_ALLOW_USE_UNSECURE_NODE_VERSION=true environment variable. For more information see: https://github.blog/changelog/2025-09-19-deprecation-of-node-20-on-github-actions-runners/
integration	Run actions/checkout@11d5960a326750d5838078e36cf38b85af677262	2026-09-19T22:34:29.2351262Z ##[group]Run actions/checkout@11d5960a326750d5838078e36cf38b85af677262
integration	Run actions/checkout@11d5960a326750d5838078e36cf38b85af677262	2026-09-19T22:34:29.2351606Z with:
integration	Run actions/checkout@11d5960a326750d5838078e36cf38b85af677262	2026-09-19T22:34:29.2351810Z   repository: entrotter/scenarios
integration	Run actions/checkout@11d5960a326750d5838078e36cf38b85af677262	2026-09-19T22:34:29.2352088Z   ref: 5b718984ac67b8fb49e02f4dab676ae212d2aa58
integration	Run actions/checkout@11d5960a326750d5838078e36cf38b85af677262	2026-09-19T22:34:29.2352374Z   path: scenarios
integration	Run actions/checkout@11d5960a326750d5838078e36cf38b85af677262	2026-09-19T22:34:29.2355370Z   token: ***
integration	Run actions/checkout@11d5960a326750d5838078e36cf38b85af677262	2026-09-19T22:34:29.2355583Z   ssh-strict: true
integration	Run actions/checkout@11d5960a326750d5838078e36cf38b85af677262	2026-09-19T22:34:29.2355788Z   ssh-user: git
integration	Run actions/checkout@11d5960a326750d5838078e36cf38b85af677262	2026-09-19T22:34:29.2355995Z   persist-credentials: true
integration	Run actions/checkout@11d5960a326750d5838078e36cf38b85af677262	2026-09-19T22:34:29.2356226Z   clean: true
integration	Run actions/checkout@11d5960a326750d5838078e36cf38b85af677262	2026-09-19T22:34:29.2356437Z   sparse-checkout-cone-mode: true
integration	Run actions/checkout@11d5960a326750d5838078e36cf38b85af677262	2026-09-19T22:34:29.2356690Z   fetch-depth: 1
integration	Run actions/checkout@11d5960a326750d5838078e36cf38b85af677262	2026-09-19T22:34:29.2356888Z   fetch-tags: false
integration	Run actions/checkout@11d5960a326750d5838078e36cf38b85af677262	2026-09-19T22:34:29.2357128Z   show-progress: true
integration	Run actions/checkout@11d5960a326750d5838078e36cf38b85af677262	2026-09-19T22:34:29.2357332Z   lfs: false
integration	Run actions/checkout@11d5960a326750d5838078e36cf38b85af677262	2026-09-19T22:34:29.2357517Z   submodules: false
integration	Run actions/checkout@11d5960a326750d5838078e36cf38b85af677262	2026-09-19T22:34:29.2357730Z   set-safe-directory: true
integration	Run actions/checkout@11d5960a326750d5838078e36cf38b85af677262	2026-09-19T22:34:29.2357974Z   allow-unsafe-pr-checkout: false
integration	Run actions/checkout@11d5960a326750d5838078e36cf38b85af677262	2026-09-19T22:34:29.2358221Z ##[endgroup]
integration	Run actions/checkout@11d5960a326750d5838078e36cf38b85af677262	2026-09-19T22:34:29.3241069Z Syncing repository: entrotter/scenarios
integration	Run actions/checkout@11d5960a326750d5838078e36cf38b85af677262	2026-09-19T22:34:29.3250481Z ##[group]Getting Git version info
integration	Run actions/checkout@11d5960a326750d5838078e36cf38b85af677262	2026-09-19T22:34:29.3261958Z Working directory is '/home/runner/work/entrotter/entrotter/scenarios'
integration	Run actions/checkout@11d5960a326750d5838078e36cf38b85af677262	2026-09-19T22:34:29.3295563Z [command]/usr/bin/git version
integration	Run actions/checkout@11d5960a326750d5838078e36cf38b85af677262	2026-09-19T22:34:29.3341661Z git version 2.55.0
integration	Run actions/checkout@11d5960a326750d5838078e36cf38b85af677262	2026-09-19T22:34:29.3363691Z ##[endgroup]
integration	Run actions/checkout@11d5960a326750d5838078e36cf38b85af677262	2026-09-19T22:34:29.3378831Z Temporarily overriding HOME='/home/runner/work/_temp/40287417-6529-46a2-a8ec-d3fcd5dc87d4' before making global git config changes
integration	Run actions/checkout@11d5960a326750d5838078e36cf38b85af677262	2026-09-19T22:34:29.3380101Z Adding repository directory to the temporary git global config as a safe directory
integration	Run actions/checkout@11d5960a326750d5838078e36cf38b85af677262	2026-09-19T22:34:29.3384529Z [command]/usr/bin/git config --global --add safe.directory /home/runner/work/entrotter/entrotter/scenarios
integration	Run actions/checkout@11d5960a326750d5838078e36cf38b85af677262	2026-09-19T22:34:29.3423394Z ##[group]Initializing the repository
integration	Run actions/checkout@11d5960a326750d5838078e36cf38b85af677262	2026-09-19T22:34:29.3429943Z [command]/usr/bin/git init /home/runner/work/entrotter/entrotter/scenarios
integration	Run actions/checkout@11d5960a326750d5838078e36cf38b85af677262	2026-09-19T22:34:29.3478026Z hint: Using 'master' as the name for the initial branch. This default branch name
integration	Run actions/checkout@11d5960a326750d5838078e36cf38b85af677262	2026-09-19T22:34:29.3479272Z hint: will change to "main" in Git 3.0. To configure the initial branch name
integration	Run actions/checkout@11d5960a326750d5838078e36cf38b85af677262	2026-09-19T22:34:29.3480372Z hint: to use in all of your new repositories, which will suppress this warning,
integration	Run actions/checkout@11d5960a326750d5838078e36cf38b85af677262	2026-09-19T22:34:29.3480881Z hint: call:
integration	Run actions/checkout@11d5960a326750d5838078e36cf38b85af677262	2026-09-19T22:34:29.3481072Z hint:
integration	Run actions/checkout@11d5960a326750d5838078e36cf38b85af677262	2026-09-19T22:34:29.3481324Z hint: 	git config --global init.defaultBranch <name>
integration	Run actions/checkout@11d5960a326750d5838078e36cf38b85af677262	2026-09-19T22:34:29.3481639Z hint:
integration	Run actions/checkout@11d5960a326750d5838078e36cf38b85af677262	2026-09-19T22:34:29.3481931Z hint: Names commonly chosen instead of 'master' are 'main', 'trunk' and
integration	Run actions/checkout@11d5960a326750d5838078e36cf38b85af677262	2026-09-19T22:34:29.3482424Z hint: 'development'. The just-created branch can be renamed via this command:
integration	Run actions/checkout@11d5960a326750d5838078e36cf38b85af677262	2026-09-19T22:34:29.3483309Z hint:
integration	Run actions/checkout@11d5960a326750d5838078e36cf38b85af677262	2026-09-19T22:34:29.3483723Z hint: 	git branch -m <name>
integration	Run actions/checkout@11d5960a326750d5838078e36cf38b85af677262	2026-09-19T22:34:29.3484156Z hint:
integration	Run actions/checkout@11d5960a326750d5838078e36cf38b85af677262	2026-09-19T22:34:29.3485137Z hint: Disable this message with "git config set advice.defaultBranchName false"
integration	Run actions/checkout@11d5960a326750d5838078e36cf38b85af677262	2026-09-19T22:34:29.3486262Z Initialized empty Git repository in /home/runner/work/entrotter/entrotter/scenarios/.git/
integration	Run actions/checkout@11d5960a326750d5838078e36cf38b85af677262	2026-09-19T22:34:29.3497845Z [command]/usr/bin/git remote add origin https://github.com/entrotter/scenarios
integration	Run actions/checkout@11d5960a326750d5838078e36cf38b85af677262	2026-09-19T22:34:29.3535833Z ##[endgroup]
integration	Run actions/checkout@11d5960a326750d5838078e36cf38b85af677262	2026-09-19T22:34:29.3536472Z ##[group]Disabling automatic garbage collection
integration	Run actions/checkout@11d5960a326750d5838078e36cf38b85af677262	2026-09-19T22:34:29.3540823Z [command]/usr/bin/git config --local gc.auto 0
integration	Run actions/checkout@11d5960a326750d5838078e36cf38b85af677262	2026-09-19T22:34:29.3579482Z ##[endgroup]
integration	Run actions/checkout@11d5960a326750d5838078e36cf38b85af677262	2026-09-19T22:34:29.3580082Z ##[group]Setting up auth
integration	Run actions/checkout@11d5960a326750d5838078e36cf38b85af677262	2026-09-19T22:34:29.3588295Z [command]/usr/bin/git config --local --name-only --get-regexp core\.sshCommand
integration	Run actions/checkout@11d5960a326750d5838078e36cf38b85af677262	2026-09-19T22:34:29.3631435Z [command]/usr/bin/git submodule foreach --recursive sh -c "git config --local --name-only --get-regexp 'core\.sshCommand' && git config --local --unset-all 'core.sshCommand' || :"
integration	Run actions/checkout@11d5960a326750d5838078e36cf38b85af677262	2026-09-19T22:34:29.3894043Z [command]/usr/bin/git config --local --name-only --get-regexp http\.https\:\/\/github\.com\/\.extraheader
integration	Run actions/checkout@11d5960a326750d5838078e36cf38b85af677262	2026-09-19T22:34:29.3942817Z [command]/usr/bin/git submodule foreach --recursive sh -c "git config --local --name-only --get-regexp 'http\.https\:\/\/github\.com\/\.extraheader' && git config --local --unset-all 'http.https://github.com/.extraheader' || :"
integration	Run actions/checkout@11d5960a326750d5838078e36cf38b85af677262	2026-09-19T22:34:29.4285349Z [command]/usr/bin/git config --local --name-only --get-regexp ^includeIf\.gitdir:
integration	Run actions/checkout@11d5960a326750d5838078e36cf38b85af677262	2026-09-19T22:34:29.4347841Z [command]/usr/bin/git submodule foreach --recursive git config --local --show-origin --name-only --get-regexp remote.origin.url
integration	Run actions/checkout@11d5960a326750d5838078e36cf38b85af677262	2026-09-19T22:34:29.4611092Z [command]/usr/bin/git config --local http.https://github.com/.extraheader AUTHORIZATION: basic ***
integration	Run actions/checkout@11d5960a326750d5838078e36cf38b85af677262	2026-09-19T22:34:29.4654414Z ##[endgroup]
integration	Run actions/checkout@11d5960a326750d5838078e36cf38b85af677262	2026-09-19T22:34:29.4655140Z ##[group]Fetching the repository
integration	Run actions/checkout@11d5960a326750d5838078e36cf38b85af677262	2026-09-19T22:34:29.4665870Z [command]/usr/bin/git -c protocol.version=2 fetch --no-tags --prune --no-recurse-submodules --depth=1 origin 5b718984ac67b8fb49e02f4dab676ae212d2aa58
integration	Run actions/checkout@11d5960a326750d5838078e36cf38b85af677262	2026-09-19T22:34:29.6764537Z From https://github.com/entrotter/scenarios
integration	Run actions/checkout@11d5960a326750d5838078e36cf38b85af677262	2026-09-19T22:34:29.6765384Z  * branch            5b718984ac67b8fb49e02f4dab676ae212d2aa58 -> FETCH_HEAD
integration	Run actions/checkout@11d5960a326750d5838078e36cf38b85af677262	2026-09-19T22:34:29.6770921Z ##[endgroup]
integration	Run actions/checkout@11d5960a326750d5838078e36cf38b85af677262	2026-09-19T22:34:29.6771614Z ##[group]Determining the checkout info
integration	Run actions/checkout@11d5960a326750d5838078e36cf38b85af677262	2026-09-19T22:34:29.6773991Z ##[endgroup]
integration	Run actions/checkout@11d5960a326750d5838078e36cf38b85af677262	2026-09-19T22:34:29.6780564Z [command]/usr/bin/git sparse-checkout disable
integration	Run actions/checkout@11d5960a326750d5838078e36cf38b85af677262	2026-09-19T22:34:29.6824530Z [command]/usr/bin/git config --local --unset-all extensions.worktreeConfig
integration	Run actions/checkout@11d5960a326750d5838078e36cf38b85af677262	2026-09-19T22:34:29.6863978Z ##[group]Checking out the ref
integration	Run actions/checkout@11d5960a326750d5838078e36cf38b85af677262	2026-09-19T22:34:29.6868518Z [command]/usr/bin/git checkout --progress --force 5b718984ac67b8fb49e02f4dab676ae212d2aa58
integration	Run actions/checkout@11d5960a326750d5838078e36cf38b85af677262	2026-09-19T22:34:29.6928965Z Note: switching to '5b718984ac67b8fb49e02f4dab676ae212d2aa58'.
integration	Run actions/checkout@11d5960a326750d5838078e36cf38b85af677262	2026-09-19T22:34:29.6929503Z
integration	Run actions/checkout@11d5960a326750d5838078e36cf38b85af677262	2026-09-19T22:34:29.6929913Z You are in 'detached HEAD' state. You can look around, make experimental
integration	Run actions/checkout@11d5960a326750d5838078e36cf38b85af677262	2026-09-19T22:34:29.6930526Z changes and commit them, and you can discard any commits you make in this
integration	Run actions/checkout@11d5960a326750d5838078e36cf38b85af677262	2026-09-19T22:34:29.6931235Z state without impacting any branches by switching back to a branch.
integration	Run actions/checkout@11d5960a326750d5838078e36cf38b85af677262	2026-09-19T22:34:29.6931607Z
integration	Run actions/checkout@11d5960a326750d5838078e36cf38b85af677262	2026-09-19T22:34:29.6931790Z If you want to create a new branch to retain commits you create, you may
integration	Run actions/checkout@11d5960a326750d5838078e36cf38b85af677262	2026-09-19T22:34:29.6932217Z do so (now or later) by using -c with the switch command. Example:
integration	Run actions/checkout@11d5960a326750d5838078e36cf38b85af677262	2026-09-19T22:34:29.6932725Z
integration	Run actions/checkout@11d5960a326750d5838078e36cf38b85af677262	2026-09-19T22:34:29.6932905Z   git switch -c <new-branch-name>
integration	Run actions/checkout@11d5960a326750d5838078e36cf38b85af677262	2026-09-19T22:34:29.6933098Z
integration	Run actions/checkout@11d5960a326750d5838078e36cf38b85af677262	2026-09-19T22:34:29.6933201Z Or undo this operation with:
integration	Run actions/checkout@11d5960a326750d5838078e36cf38b85af677262	2026-09-19T22:34:29.6933355Z
integration	Run actions/checkout@11d5960a326750d5838078e36cf38b85af677262	2026-09-19T22:34:29.6933441Z   git switch -
integration	Run actions/checkout@11d5960a326750d5838078e36cf38b85af677262	2026-09-19T22:34:29.6933558Z
integration	Run actions/checkout@11d5960a326750d5838078e36cf38b85af677262	2026-09-19T22:34:29.6933770Z Turn off this advice by setting config variable advice.detachedHead to false
integration	Run actions/checkout@11d5960a326750d5838078e36cf38b85af677262	2026-09-19T22:34:29.6934157Z
integration	Run actions/checkout@11d5960a326750d5838078e36cf38b85af677262	2026-09-19T22:34:29.6934527Z HEAD is now at 5b71898 docs: link the preregistered archived-state agent cases
integration	Run actions/checkout@11d5960a326750d5838078e36cf38b85af677262	2026-09-19T22:34:29.6938591Z ##[endgroup]
integration	Run actions/checkout@11d5960a326750d5838078e36cf38b85af677262	2026-09-19T22:34:29.6979680Z [command]/usr/bin/git log -1 --format=%H
integration	Run actions/checkout@11d5960a326750d5838078e36cf38b85af677262	2026-09-19T22:34:29.7007074Z 5b718984ac67b8fb49e02f4dab676ae212d2aa58
integration	Run actions/checkout@11d5960a326750d5838078e36cf38b85af677262	﻿2026-09-19T22:34:29.7170277Z Node 20 is being deprecated. This workflow is running with Node 24 by default. If you need to temporarily use Node 20, you can set the ACTIONS_ALLOW_USE_UNSECURE_NODE_VERSION=true environment variable. For more information see: https://github.blog/changelog/2025-09-19-deprecation-of-node-20-on-github-actions-runners/
integration	Run actions/checkout@11d5960a326750d5838078e36cf38b85af677262	2026-09-19T22:34:29.7171646Z ##[group]Run actions/checkout@11d5960a326750d5838078e36cf38b85af677262
integration	Run actions/checkout@11d5960a326750d5838078e36cf38b85af677262	2026-09-19T22:34:29.7171991Z with:
integration	Run actions/checkout@11d5960a326750d5838078e36cf38b85af677262	2026-09-19T22:34:29.7172207Z   repository: entrotter/entrotter.github.io
integration	Run actions/checkout@11d5960a326750d5838078e36cf38b85af677262	2026-09-19T22:34:29.7172817Z   ref: ab121348b0ffbec5650f9eadf0a0b11f639d9780
integration	Run actions/checkout@11d5960a326750d5838078e36cf38b85af677262	2026-09-19T22:34:29.7173138Z   path: entrotter.github.io
integration	Run actions/checkout@11d5960a326750d5838078e36cf38b85af677262	2026-09-19T22:34:29.7175853Z   token: ***
integration	Run actions/checkout@11d5960a326750d5838078e36cf38b85af677262	2026-09-19T22:34:29.7176053Z   ssh-strict: true
integration	Run actions/checkout@11d5960a326750d5838078e36cf38b85af677262	2026-09-19T22:34:29.7176251Z   ssh-user: git
integration	Run actions/checkout@11d5960a326750d5838078e36cf38b85af677262	2026-09-19T22:34:29.7176457Z   persist-credentials: true
integration	Run actions/checkout@11d5960a326750d5838078e36cf38b85af677262	2026-09-19T22:34:29.7176682Z   clean: true
integration	Run actions/checkout@11d5960a326750d5838078e36cf38b85af677262	2026-09-19T22:34:29.7176903Z   sparse-checkout-cone-mode: true
integration	Run actions/checkout@11d5960a326750d5838078e36cf38b85af677262	2026-09-19T22:34:29.7177147Z   fetch-depth: 1
integration	Run actions/checkout@11d5960a326750d5838078e36cf38b85af677262	2026-09-19T22:34:29.7177371Z   fetch-tags: false
integration	Run actions/checkout@11d5960a326750d5838078e36cf38b85af677262	2026-09-19T22:34:29.7177579Z   show-progress: true
integration	Run actions/checkout@11d5960a326750d5838078e36cf38b85af677262	2026-09-19T22:34:29.7177787Z   lfs: false
integration	Run actions/checkout@11d5960a326750d5838078e36cf38b85af677262	2026-09-19T22:34:29.7177969Z   submodules: false
integration	Run actions/checkout@11d5960a326750d5838078e36cf38b85af677262	2026-09-19T22:34:29.7178178Z   set-safe-directory: true
integration	Run actions/checkout@11d5960a326750d5838078e36cf38b85af677262	2026-09-19T22:34:29.7178424Z   allow-unsafe-pr-checkout: false
integration	Run actions/checkout@11d5960a326750d5838078e36cf38b85af677262	2026-09-19T22:34:29.7178668Z ##[endgroup]
integration	Run actions/checkout@11d5960a326750d5838078e36cf38b85af677262	2026-09-19T22:34:29.8013482Z Syncing repository: entrotter/entrotter.github.io
integration	Run actions/checkout@11d5960a326750d5838078e36cf38b85af677262	2026-09-19T22:34:29.8021956Z ##[group]Getting Git version info
integration	Run actions/checkout@11d5960a326750d5838078e36cf38b85af677262	2026-09-19T22:34:29.8022980Z Working directory is '/home/runner/work/entrotter/entrotter/entrotter.github.io'
integration	Run actions/checkout@11d5960a326750d5838078e36cf38b85af677262	2026-09-19T22:34:29.8067040Z [command]/usr/bin/git version
integration	Run actions/checkout@11d5960a326750d5838078e36cf38b85af677262	2026-09-19T22:34:29.8110333Z git version 2.55.0
integration	Run actions/checkout@11d5960a326750d5838078e36cf38b85af677262	2026-09-19T22:34:29.8133393Z ##[endgroup]
integration	Run actions/checkout@11d5960a326750d5838078e36cf38b85af677262	2026-09-19T22:34:29.8148414Z Temporarily overriding HOME='/home/runner/work/_temp/d1ca6323-e9ae-4df2-aa67-8a2f44cfb6dc' before making global git config changes
integration	Run actions/checkout@11d5960a326750d5838078e36cf38b85af677262	2026-09-19T22:34:29.8149675Z Adding repository directory to the temporary git global config as a safe directory
integration	Run actions/checkout@11d5960a326750d5838078e36cf38b85af677262	2026-09-19T22:34:29.8155376Z [command]/usr/bin/git config --global --add safe.directory /home/runner/work/entrotter/entrotter/entrotter.github.io
integration	Run actions/checkout@11d5960a326750d5838078e36cf38b85af677262	2026-09-19T22:34:29.8190975Z ##[group]Initializing the repository
integration	Run actions/checkout@11d5960a326750d5838078e36cf38b85af677262	2026-09-19T22:34:29.8197142Z [command]/usr/bin/git init /home/runner/work/entrotter/entrotter/entrotter.github.io
integration	Run actions/checkout@11d5960a326750d5838078e36cf38b85af677262	2026-09-19T22:34:29.8248320Z hint: Using 'master' as the name for the initial branch. This default branch name
integration	Run actions/checkout@11d5960a326750d5838078e36cf38b85af677262	2026-09-19T22:34:29.8249488Z hint: will change to "main" in Git 3.0. To configure the initial branch name
integration	Run actions/checkout@11d5960a326750d5838078e36cf38b85af677262	2026-09-19T22:34:29.8260674Z hint: to use in all of your new repositories, which will suppress this warning,
integration	Run actions/checkout@11d5960a326750d5838078e36cf38b85af677262	2026-09-19T22:34:29.8263554Z hint: call:
integration	Run actions/checkout@11d5960a326750d5838078e36cf38b85af677262	2026-09-19T22:34:29.8263873Z hint:
integration	Run actions/checkout@11d5960a326750d5838078e36cf38b85af677262	2026-09-19T22:34:29.8264274Z hint: 	git config --global init.defaultBranch <name>
integration	Run actions/checkout@11d5960a326750d5838078e36cf38b85af677262	2026-09-19T22:34:29.8264750Z hint:
integration	Run actions/checkout@11d5960a326750d5838078e36cf38b85af677262	2026-09-19T22:34:29.8265058Z hint: Names commonly chosen instead of 'master' are 'main', 'trunk' and
integration	Run actions/checkout@11d5960a326750d5838078e36cf38b85af677262	2026-09-19T22:34:29.8265576Z hint: 'development'. The just-created branch can be renamed via this command:
integration	Run actions/checkout@11d5960a326750d5838078e36cf38b85af677262	2026-09-19T22:34:29.8265989Z hint:
integration	Run actions/checkout@11d5960a326750d5838078e36cf38b85af677262	2026-09-19T22:34:29.8266187Z hint: 	git branch -m <name>
integration	Run actions/checkout@11d5960a326750d5838078e36cf38b85af677262	2026-09-19T22:34:29.8266466Z hint:
integration	Run actions/checkout@11d5960a326750d5838078e36cf38b85af677262	2026-09-19T22:34:29.8267257Z hint: Disable this message with "git config set advice.defaultBranchName false"
integration	Run actions/checkout@11d5960a326750d5838078e36cf38b85af677262	2026-09-19T22:34:29.8268409Z Initialized empty Git repository in /home/runner/work/entrotter/entrotter/entrotter.github.io/.git/
integration	Run actions/checkout@11d5960a326750d5838078e36cf38b85af677262	2026-09-19T22:34:29.8270188Z [command]/usr/bin/git remote add origin https://github.com/entrotter/entrotter.github.io
integration	Run actions/checkout@11d5960a326750d5838078e36cf38b85af677262	2026-09-19T22:34:29.8298321Z ##[endgroup]
integration	Run actions/checkout@11d5960a326750d5838078e36cf38b85af677262	2026-09-19T22:34:29.8298937Z ##[group]Disabling automatic garbage collection
integration	Run actions/checkout@11d5960a326750d5838078e36cf38b85af677262	2026-09-19T22:34:29.8303436Z [command]/usr/bin/git config --local gc.auto 0
integration	Run actions/checkout@11d5960a326750d5838078e36cf38b85af677262	2026-09-19T22:34:29.8336202Z ##[endgroup]
integration	Run actions/checkout@11d5960a326750d5838078e36cf38b85af677262	2026-09-19T22:34:29.8336804Z ##[group]Setting up auth
integration	Run actions/checkout@11d5960a326750d5838078e36cf38b85af677262	2026-09-19T22:34:29.8344219Z [command]/usr/bin/git config --local --name-only --get-regexp core\.sshCommand
integration	Run actions/checkout@11d5960a326750d5838078e36cf38b85af677262	2026-09-19T22:34:29.8378974Z [command]/usr/bin/git submodule foreach --recursive sh -c "git config --local --name-only --get-regexp 'core\.sshCommand' && git config --local --unset-all 'core.sshCommand' || :"
integration	Run actions/checkout@11d5960a326750d5838078e36cf38b85af677262	2026-09-19T22:34:29.8646597Z [command]/usr/bin/git config --local --name-only --get-regexp http\.https\:\/\/github\.com\/\.extraheader
integration	Run actions/checkout@11d5960a326750d5838078e36cf38b85af677262	2026-09-19T22:34:29.8690082Z [command]/usr/bin/git submodule foreach --recursive sh -c "git config --local --name-only --get-regexp 'http\.https\:\/\/github\.com\/\.extraheader' && git config --local --unset-all 'http.https://github.com/.extraheader' || :"
integration	Run actions/checkout@11d5960a326750d5838078e36cf38b85af677262	2026-09-19T22:34:29.8958451Z [command]/usr/bin/git config --local --name-only --get-regexp ^includeIf\.gitdir:
integration	Run actions/checkout@11d5960a326750d5838078e36cf38b85af677262	2026-09-19T22:34:29.9012149Z [command]/usr/bin/git submodule foreach --recursive git config --local --show-origin --name-only --get-regexp remote.origin.url
integration	Run actions/checkout@11d5960a326750d5838078e36cf38b85af677262	2026-09-19T22:34:29.9268420Z [command]/usr/bin/git config --local http.https://github.com/.extraheader AUTHORIZATION: basic ***
integration	Run actions/checkout@11d5960a326750d5838078e36cf38b85af677262	2026-09-19T22:34:29.9315077Z ##[endgroup]
integration	Run actions/checkout@11d5960a326750d5838078e36cf38b85af677262	2026-09-19T22:34:29.9315829Z ##[group]Fetching the repository
integration	Run actions/checkout@11d5960a326750d5838078e36cf38b85af677262	2026-09-19T22:34:29.9326028Z [command]/usr/bin/git -c protocol.version=2 fetch --no-tags --prune --no-recurse-submodules --depth=1 origin ab121348b0ffbec5650f9eadf0a0b11f639d9780
integration	Run actions/checkout@11d5960a326750d5838078e36cf38b85af677262	2026-09-19T22:34:30.1915410Z From https://github.com/entrotter/entrotter.github.io
integration	Run actions/checkout@11d5960a326750d5838078e36cf38b85af677262	2026-09-19T22:34:30.1916267Z  * branch            ab121348b0ffbec5650f9eadf0a0b11f639d9780 -> FETCH_HEAD
integration	Run actions/checkout@11d5960a326750d5838078e36cf38b85af677262	2026-09-19T22:34:30.1917986Z ##[endgroup]
integration	Run actions/checkout@11d5960a326750d5838078e36cf38b85af677262	2026-09-19T22:34:30.1918674Z ##[group]Determining the checkout info
integration	Run actions/checkout@11d5960a326750d5838078e36cf38b85af677262	2026-09-19T22:34:30.1919435Z ##[endgroup]
integration	Run actions/checkout@11d5960a326750d5838078e36cf38b85af677262	2026-09-19T22:34:30.1919838Z [command]/usr/bin/git sparse-checkout disable
integration	Run actions/checkout@11d5960a326750d5838078e36cf38b85af677262	2026-09-19T22:34:30.1969444Z [command]/usr/bin/git config --local --unset-all extensions.worktreeConfig
integration	Run actions/checkout@11d5960a326750d5838078e36cf38b85af677262	2026-09-19T22:34:30.2010008Z ##[group]Checking out the ref
integration	Run actions/checkout@11d5960a326750d5838078e36cf38b85af677262	2026-09-19T22:34:30.2014756Z [command]/usr/bin/git checkout --progress --force ab121348b0ffbec5650f9eadf0a0b11f639d9780
integration	Run actions/checkout@11d5960a326750d5838078e36cf38b85af677262	2026-09-19T22:34:30.2076267Z Note: switching to 'ab121348b0ffbec5650f9eadf0a0b11f639d9780'.
integration	Run actions/checkout@11d5960a326750d5838078e36cf38b85af677262	2026-09-19T22:34:30.2077075Z
integration	Run actions/checkout@11d5960a326750d5838078e36cf38b85af677262	2026-09-19T22:34:30.2077670Z You are in 'detached HEAD' state. You can look around, make experimental
integration	Run actions/checkout@11d5960a326750d5838078e36cf38b85af677262	2026-09-19T22:34:30.2079004Z changes and commit them, and you can discard any commits you make in this
integration	Run actions/checkout@11d5960a326750d5838078e36cf38b85af677262	2026-09-19T22:34:30.2080017Z state without impacting any branches by switching back to a branch.
integration	Run actions/checkout@11d5960a326750d5838078e36cf38b85af677262	2026-09-19T22:34:30.2081050Z
integration	Run actions/checkout@11d5960a326750d5838078e36cf38b85af677262	2026-09-19T22:34:30.2081650Z If you want to create a new branch to retain commits you create, you may
integration	Run actions/checkout@11d5960a326750d5838078e36cf38b85af677262	2026-09-19T22:34:30.2082165Z do so (now or later) by using -c with the switch command. Example:
integration	Run actions/checkout@11d5960a326750d5838078e36cf38b85af677262	2026-09-19T22:34:30.2082437Z
integration	Run actions/checkout@11d5960a326750d5838078e36cf38b85af677262	2026-09-19T22:34:30.2082744Z   git switch -c <new-branch-name>
integration	Run actions/checkout@11d5960a326750d5838078e36cf38b85af677262	2026-09-19T22:34:30.2082930Z
integration	Run actions/checkout@11d5960a326750d5838078e36cf38b85af677262	2026-09-19T22:34:30.2083035Z Or undo this operation with:
integration	Run actions/checkout@11d5960a326750d5838078e36cf38b85af677262	2026-09-19T22:34:30.2083191Z
integration	Run actions/checkout@11d5960a326750d5838078e36cf38b85af677262	2026-09-19T22:34:30.2083280Z   git switch -
integration	Run actions/checkout@11d5960a326750d5838078e36cf38b85af677262	2026-09-19T22:34:30.2083398Z
integration	Run actions/checkout@11d5960a326750d5838078e36cf38b85af677262	2026-09-19T22:34:30.2083613Z Turn off this advice by setting config variable advice.detachedHead to false
integration	Run actions/checkout@11d5960a326750d5838078e36cf38b85af677262	2026-09-19T22:34:30.2083919Z
integration	Run actions/checkout@11d5960a326750d5838078e36cf38b85af677262	2026-09-19T22:34:30.2084099Z HEAD is now at ab12134 Keep native balance summaries readable (#8)
integration	Run actions/checkout@11d5960a326750d5838078e36cf38b85af677262	2026-09-19T22:34:30.2093459Z ##[endgroup]
integration	Run actions/checkout@11d5960a326750d5838078e36cf38b85af677262	2026-09-19T22:34:30.2131980Z [command]/usr/bin/git log -1 --format=%H
integration	Run actions/checkout@11d5960a326750d5838078e36cf38b85af677262	2026-09-19T22:34:30.2160844Z ab121348b0ffbec5650f9eadf0a0b11f639d9780
integration	Run actions/setup-python@a26af69be951a213d495a4c3e4e4022e16d87065	﻿2026-09-19T22:34:30.2355863Z Node 20 is being deprecated. This workflow is running with Node 24 by default. If you need to temporarily use Node 20, you can set the ACTIONS_ALLOW_USE_UNSECURE_NODE_VERSION=true environment variable. For more information see: https://github.blog/changelog/2025-09-19-deprecation-of-node-20-on-github-actions-runners/
integration	Run actions/setup-python@a26af69be951a213d495a4c3e4e4022e16d87065	2026-09-19T22:34:30.2357244Z ##[group]Run actions/setup-python@a26af69be951a213d495a4c3e4e4022e16d87065
integration	Run actions/setup-python@a26af69be951a213d495a4c3e4e4022e16d87065	2026-09-19T22:34:30.2357632Z with:
integration	Run actions/setup-python@a26af69be951a213d495a4c3e4e4022e16d87065	2026-09-19T22:34:30.2357830Z   python-version: 3.12
integration	Run actions/setup-python@a26af69be951a213d495a4c3e4e4022e16d87065	2026-09-19T22:34:30.2358057Z   check-latest: false
integration	Run actions/setup-python@a26af69be951a213d495a4c3e4e4022e16d87065	2026-09-19T22:34:30.2360733Z   token: ***
integration	Run actions/setup-python@a26af69be951a213d495a4c3e4e4022e16d87065	2026-09-19T22:34:30.2360948Z   update-environment: true
integration	Run actions/setup-python@a26af69be951a213d495a4c3e4e4022e16d87065	2026-09-19T22:34:30.2361195Z   allow-prereleases: false
integration	Run actions/setup-python@a26af69be951a213d495a4c3e4e4022e16d87065	2026-09-19T22:34:30.2361421Z   freethreaded: false
integration	Run actions/setup-python@a26af69be951a213d495a4c3e4e4022e16d87065	2026-09-19T22:34:30.2361643Z ##[endgroup]
integration	Run actions/setup-python@a26af69be951a213d495a4c3e4e4022e16d87065	2026-09-19T22:34:30.3749868Z ##[group]Installed versions
integration	Run actions/setup-python@a26af69be951a213d495a4c3e4e4022e16d87065	2026-09-19T22:34:30.3875111Z (node:2821) [DEP0040] DeprecationWarning: The `punycode` module is deprecated. Please use a userland alternative instead.
integration	Run actions/setup-python@a26af69be951a213d495a4c3e4e4022e16d87065	2026-09-19T22:34:30.3876243Z (Use `node --trace-deprecation ...` to show where the warning was created)
integration	Run actions/setup-python@a26af69be951a213d495a4c3e4e4022e16d87065	2026-09-19T22:34:30.3877038Z Successfully set up CPython (3.12.14)
integration	Run actions/setup-python@a26af69be951a213d495a4c3e4e4022e16d87065	2026-09-19T22:34:30.3877807Z ##[endgroup]
integration	Run foundry-rs/foundry-toolchain@908c540300062bd5a7e473851cdb4282204cee09	﻿2026-09-19T22:34:30.4076131Z ##[group]Run foundry-rs/foundry-toolchain@908c540300062bd5a7e473851cdb4282204cee09
integration	Run foundry-rs/foundry-toolchain@908c540300062bd5a7e473851cdb4282204cee09	2026-09-19T22:34:30.4076596Z with:
integration	Run foundry-rs/foundry-toolchain@908c540300062bd5a7e473851cdb4282204cee09	2026-09-19T22:34:30.4076792Z   version: v1.8.3
integration	Run foundry-rs/foundry-toolchain@908c540300062bd5a7e473851cdb4282204cee09	2026-09-19T22:34:30.4077006Z   network: ethereum
integration	Run foundry-rs/foundry-toolchain@908c540300062bd5a7e473851cdb4282204cee09	2026-09-19T22:34:30.4077209Z   cache: true
integration	Run foundry-rs/foundry-toolchain@908c540300062bd5a7e473851cdb4282204cee09	2026-09-19T22:34:30.4077505Z   cache-key: integration-459e4d8be28ca14e021bd769b64860c4af1e13e8
integration	Run foundry-rs/foundry-toolchain@908c540300062bd5a7e473851cdb4282204cee09	2026-09-19T22:34:30.4077885Z   cache-restore-keys: integration-
integration	Run foundry-rs/foundry-toolchain@908c540300062bd5a7e473851cdb4282204cee09	2026-09-19T22:34:30.4078143Z env:
integration	Run foundry-rs/foundry-toolchain@908c540300062bd5a7e473851cdb4282204cee09	2026-09-19T22:34:30.4078402Z   pythonLocation: /opt/hostedtoolcache/Python/3.12.14/x64
integration	Run foundry-rs/foundry-toolchain@908c540300062bd5a7e473851cdb4282204cee09	2026-09-19T22:34:30.4078867Z   PKG_CONFIG_PATH: /opt/hostedtoolcache/Python/3.12.14/x64/lib/pkgconfig
integration	Run foundry-rs/foundry-toolchain@908c540300062bd5a7e473851cdb4282204cee09	2026-09-19T22:34:30.4079300Z   Python_ROOT_DIR: /opt/hostedtoolcache/Python/3.12.14/x64
integration	Run foundry-rs/foundry-toolchain@908c540300062bd5a7e473851cdb4282204cee09	2026-09-19T22:34:30.4079687Z   Python2_ROOT_DIR: /opt/hostedtoolcache/Python/3.12.14/x64
integration	Run foundry-rs/foundry-toolchain@908c540300062bd5a7e473851cdb4282204cee09	2026-09-19T22:34:30.4080074Z   Python3_ROOT_DIR: /opt/hostedtoolcache/Python/3.12.14/x64
integration	Run foundry-rs/foundry-toolchain@908c540300062bd5a7e473851cdb4282204cee09	2026-09-19T22:34:30.4080482Z   LD_LIBRARY_PATH: /opt/hostedtoolcache/Python/3.12.14/x64/lib
integration	Run foundry-rs/foundry-toolchain@908c540300062bd5a7e473851cdb4282204cee09	2026-09-19T22:34:30.4080844Z ##[endgroup]
integration	Run foundry-rs/foundry-toolchain@908c540300062bd5a7e473851cdb4282204cee09	2026-09-19T22:34:30.5460657Z Installing Foundry (version: v1.8.3)
integration	Run foundry-rs/foundry-toolchain@908c540300062bd5a7e473851cdb4282204cee09	2026-09-19T22:34:30.5464580Z Downloading foundryup installer from foundry-rs/foundryup@a27902ef04dcb43061fabf343365cb5afc95fc48...
integration	Run foundry-rs/foundry-toolchain@908c540300062bd5a7e473851cdb4282204cee09	2026-09-19T22:34:30.5917706Z Running foundryup installer...
integration	Run foundry-rs/foundry-toolchain@908c540300062bd5a7e473851cdb4282204cee09	2026-09-19T22:34:30.8934770Z Running: foundryup --install 1.8.3
integration	Run foundry-rs/foundry-toolchain@908c540300062bd5a7e473851cdb4282204cee09	2026-09-19T22:34:33.4369795Z Added /home/runner/.foundry/bin to PATH
integration	Run foundry-rs/foundry-toolchain@908c540300062bd5a7e473851cdb4282204cee09	2026-09-19T22:34:33.4372187Z Primary key: linux-foundry-chain-fork-integration-459e4d8be28ca14e021bd769b64860c4af1e13e8
integration	Run foundry-rs/foundry-toolchain@908c540300062bd5a7e473851cdb4282204cee09	2026-09-19T22:34:33.4379571Z Restore keys: linux-foundry-chain-fork-integration-
integration	Run foundry-rs/foundry-toolchain@908c540300062bd5a7e473851cdb4282204cee09	2026-09-19T22:34:33.6064096Z Cache not found
integration	Run foundry-rs/foundry-toolchain@908c540300062bd5a7e473851cdb4282204cee09	2026-09-19T22:34:33.6064575Z Running: forge --version
integration	Run foundry-rs/foundry-toolchain@908c540300062bd5a7e473851cdb4282204cee09	2026-09-19T22:34:33.6125259Z forge Version: 1.8.3
integration	Run foundry-rs/foundry-toolchain@908c540300062bd5a7e473851cdb4282204cee09	2026-09-19T22:34:33.6125983Z Commit SHA: cae51ad458f6abb64852b7709eb784352429825d
integration	Run foundry-rs/foundry-toolchain@908c540300062bd5a7e473851cdb4282204cee09	2026-09-19T22:34:33.6126620Z Build Timestamp: 2026-09-15T10:46:16.519267388Z (1789469176)
integration	Run foundry-rs/foundry-toolchain@908c540300062bd5a7e473851cdb4282204cee09	2026-09-19T22:34:33.6127566Z Build Profile: dist
integration	Run foundry-rs/foundry-toolchain@908c540300062bd5a7e473851cdb4282204cee09	2026-09-19T22:34:33.6130598Z Running: cast --version
integration	Run foundry-rs/foundry-toolchain@908c540300062bd5a7e473851cdb4282204cee09	2026-09-19T22:34:33.6210027Z cast Version: 1.8.3
integration	Run foundry-rs/foundry-toolchain@908c540300062bd5a7e473851cdb4282204cee09	2026-09-19T22:34:33.6210560Z Commit SHA: cae51ad458f6abb64852b7709eb784352429825d
integration	Run foundry-rs/foundry-toolchain@908c540300062bd5a7e473851cdb4282204cee09	2026-09-19T22:34:33.6210994Z Build Timestamp: 2026-09-15T10:46:16.519267388Z (1789469176)
integration	Run foundry-rs/foundry-toolchain@908c540300062bd5a7e473851cdb4282204cee09	2026-09-19T22:34:33.6211332Z Build Profile: dist
integration	Run foundry-rs/foundry-toolchain@908c540300062bd5a7e473851cdb4282204cee09	2026-09-19T22:34:33.6216705Z Running: anvil --version
integration	Run foundry-rs/foundry-toolchain@908c540300062bd5a7e473851cdb4282204cee09	2026-09-19T22:34:33.6257912Z anvil Version: 1.8.3
integration	Run foundry-rs/foundry-toolchain@908c540300062bd5a7e473851cdb4282204cee09	2026-09-19T22:34:33.6258405Z Commit SHA: cae51ad458f6abb64852b7709eb784352429825d
integration	Run foundry-rs/foundry-toolchain@908c540300062bd5a7e473851cdb4282204cee09	2026-09-19T22:34:33.6258923Z Build Timestamp: 2026-09-15T10:46:16.519267388Z (1789469176)
integration	Run foundry-rs/foundry-toolchain@908c540300062bd5a7e473851cdb4282204cee09	2026-09-19T22:34:33.6259265Z Build Profile: dist
integration	Run foundry-rs/foundry-toolchain@908c540300062bd5a7e473851cdb4282204cee09	2026-09-19T22:34:33.6262112Z Running: chisel --version
integration	Run foundry-rs/foundry-toolchain@908c540300062bd5a7e473851cdb4282204cee09	2026-09-19T22:34:33.6302166Z chisel Version: 1.8.3
integration	Run foundry-rs/foundry-toolchain@908c540300062bd5a7e473851cdb4282204cee09	2026-09-19T22:34:33.6302879Z Commit SHA: cae51ad458f6abb64852b7709eb784352429825d
integration	Run foundry-rs/foundry-toolchain@908c540300062bd5a7e473851cdb4282204cee09	2026-09-19T22:34:33.6303299Z Build Timestamp: 2026-09-15T10:46:16.519267388Z (1789469176)
integration	Run foundry-rs/foundry-toolchain@908c540300062bd5a7e473851cdb4282204cee09	2026-09-19T22:34:33.6303660Z Build Profile: dist
integration	Run actions/setup-node@49933ea5288caeca8642d1e84afbd3f7d6820020	﻿2026-09-19T22:34:33.6444140Z Node 20 is being deprecated. This workflow is running with Node 24 by default. If you need to temporarily use Node 20, you can set the ACTIONS_ALLOW_USE_UNSECURE_NODE_VERSION=true environment variable. For more information see: https://github.blog/changelog/2025-09-19-deprecation-of-node-20-on-github-actions-runners/
integration	Run actions/setup-node@49933ea5288caeca8642d1e84afbd3f7d6820020	2026-09-19T22:34:33.6445529Z ##[group]Run actions/setup-node@49933ea5288caeca8642d1e84afbd3f7d6820020
integration	Run actions/setup-node@49933ea5288caeca8642d1e84afbd3f7d6820020	2026-09-19T22:34:33.6445893Z with:
integration	Run actions/setup-node@49933ea5288caeca8642d1e84afbd3f7d6820020	2026-09-19T22:34:33.6446089Z   node-version: 22
integration	Run actions/setup-node@49933ea5288caeca8642d1e84afbd3f7d6820020	2026-09-19T22:34:33.6446295Z   always-auth: false
integration	Run actions/setup-node@49933ea5288caeca8642d1e84afbd3f7d6820020	2026-09-19T22:34:33.6446508Z   check-latest: false
integration	Run actions/setup-node@49933ea5288caeca8642d1e84afbd3f7d6820020	2026-09-19T22:34:33.6449181Z   token: ***
integration	Run actions/setup-node@49933ea5288caeca8642d1e84afbd3f7d6820020	2026-09-19T22:34:33.6449373Z env:
integration	Run actions/setup-node@49933ea5288caeca8642d1e84afbd3f7d6820020	2026-09-19T22:34:33.6449629Z   pythonLocation: /opt/hostedtoolcache/Python/3.12.14/x64
integration	Run actions/setup-node@49933ea5288caeca8642d1e84afbd3f7d6820020	2026-09-19T22:34:33.6450058Z   PKG_CONFIG_PATH: /opt/hostedtoolcache/Python/3.12.14/x64/lib/pkgconfig
integration	Run actions/setup-node@49933ea5288caeca8642d1e84afbd3f7d6820020	2026-09-19T22:34:33.6450482Z   Python_ROOT_DIR: /opt/hostedtoolcache/Python/3.12.14/x64
integration	Run actions/setup-node@49933ea5288caeca8642d1e84afbd3f7d6820020	2026-09-19T22:34:33.6450880Z   Python2_ROOT_DIR: /opt/hostedtoolcache/Python/3.12.14/x64
integration	Run actions/setup-node@49933ea5288caeca8642d1e84afbd3f7d6820020	2026-09-19T22:34:33.6451277Z   Python3_ROOT_DIR: /opt/hostedtoolcache/Python/3.12.14/x64
integration	Run actions/setup-node@49933ea5288caeca8642d1e84afbd3f7d6820020	2026-09-19T22:34:33.6451653Z   LD_LIBRARY_PATH: /opt/hostedtoolcache/Python/3.12.14/x64/lib
integration	Run actions/setup-node@49933ea5288caeca8642d1e84afbd3f7d6820020	2026-09-19T22:34:33.6451975Z ##[endgroup]
integration	Run actions/setup-node@49933ea5288caeca8642d1e84afbd3f7d6820020	2026-09-19T22:34:33.9690176Z Found in cache @ /opt/hostedtoolcache/node/22.23.2/x64
integration	Run actions/setup-node@49933ea5288caeca8642d1e84afbd3f7d6820020	2026-09-19T22:34:33.9695735Z (node:2907) [DEP0040] DeprecationWarning: The `punycode` module is deprecated. Please use a userland alternative instead.
integration	Run actions/setup-node@49933ea5288caeca8642d1e84afbd3f7d6820020	2026-09-19T22:34:33.9696972Z (Use `node --trace-deprecation ...` to show where the warning was created)
integration	Run actions/setup-node@49933ea5288caeca8642d1e84afbd3f7d6820020	2026-09-19T22:34:33.9699762Z ##[group]Environment details
integration	Run actions/setup-node@49933ea5288caeca8642d1e84afbd3f7d6820020	2026-09-19T22:34:34.5970777Z node: v22.23.2
integration	Run actions/setup-node@49933ea5288caeca8642d1e84afbd3f7d6820020	2026-09-19T22:34:34.5971156Z npm: 10.9.8
integration	Run actions/setup-node@49933ea5288caeca8642d1e84afbd3f7d6820020	2026-09-19T22:34:34.5971358Z yarn: 1.22.22
integration	Run actions/setup-node@49933ea5288caeca8642d1e84afbd3f7d6820020	2026-09-19T22:34:34.5972011Z ##[endgroup]
integration	Run python -m pip install --require-hashes --only-binary=:all: --index-url https://pypi.org/simple -r entrotter/requirements-contracts.txt	﻿2026-09-19T22:34:34.6103643Z ##[group]Run python -m pip install --require-hashes --only-binary=:all: --index-url https://pypi.org/simple -r entrotter/requirements-contracts.txt
integration	Run python -m pip install --require-hashes --only-binary=:all: --index-url https://pypi.org/simple -r entrotter/requirements-contracts.txt	2026-09-19T22:34:34.6104973Z [36;1mpython -m pip install --require-hashes --only-binary=:all: --index-url https://pypi.org/simple -r entrotter/requirements-contracts.txt[0m
integration	Run python -m pip install --require-hashes --only-binary=:all: --index-url https://pypi.org/simple -r entrotter/requirements-contracts.txt	2026-09-19T22:34:34.6161832Z shell: /usr/bin/bash -e {0}
integration	Run python -m pip install --require-hashes --only-binary=:all: --index-url https://pypi.org/simple -r entrotter/requirements-contracts.txt	2026-09-19T22:34:34.6162116Z env:
integration	Run python -m pip install --require-hashes --only-binary=:all: --index-url https://pypi.org/simple -r entrotter/requirements-contracts.txt	2026-09-19T22:34:34.6162391Z   pythonLocation: /opt/hostedtoolcache/Python/3.12.14/x64
integration	Run python -m pip install --require-hashes --only-binary=:all: --index-url https://pypi.org/simple -r entrotter/requirements-contracts.txt	2026-09-19T22:34:34.6163185Z   PKG_CONFIG_PATH: /opt/hostedtoolcache/Python/3.12.14/x64/lib/pkgconfig
integration	Run python -m pip install --require-hashes --only-binary=:all: --index-url https://pypi.org/simple -r entrotter/requirements-contracts.txt	2026-09-19T22:34:34.6163626Z   Python_ROOT_DIR: /opt/hostedtoolcache/Python/3.12.14/x64
integration	Run python -m pip install --require-hashes --only-binary=:all: --index-url https://pypi.org/simple -r entrotter/requirements-contracts.txt	2026-09-19T22:34:34.6164011Z   Python2_ROOT_DIR: /opt/hostedtoolcache/Python/3.12.14/x64
integration	Run python -m pip install --require-hashes --only-binary=:all: --index-url https://pypi.org/simple -r entrotter/requirements-contracts.txt	2026-09-19T22:34:34.6164398Z   Python3_ROOT_DIR: /opt/hostedtoolcache/Python/3.12.14/x64
integration	Run python -m pip install --require-hashes --only-binary=:all: --index-url https://pypi.org/simple -r entrotter/requirements-contracts.txt	2026-09-19T22:34:34.6164787Z   LD_LIBRARY_PATH: /opt/hostedtoolcache/Python/3.12.14/x64/lib
integration	Run python -m pip install --require-hashes --only-binary=:all: --index-url https://pypi.org/simple -r entrotter/requirements-contracts.txt	2026-09-19T22:34:34.6165111Z ##[endgroup]
integration	Run python -m pip install --require-hashes --only-binary=:all: --index-url https://pypi.org/simple -r entrotter/requirements-contracts.txt	2026-09-19T22:34:35.5204448Z Collecting attrs==26.1.0 (from -r entrotter/requirements-contracts.txt (line 7))
integration	Run python -m pip install --require-hashes --only-binary=:all: --index-url https://pypi.org/simple -r entrotter/requirements-contracts.txt	2026-09-19T22:34:35.5718724Z   Downloading attrs-26.1.0-py3-none-any.whl (67 kB)
integration	Run python -m pip install --require-hashes --only-binary=:all: --index-url https://pypi.org/simple -r entrotter/requirements-contracts.txt	2026-09-19T22:34:35.6111190Z Collecting jsonschema==4.23.0 (from -r entrotter/requirements-contracts.txt (line 13))
integration	Run python -m pip install --require-hashes --only-binary=:all: --index-url https://pypi.org/simple -r entrotter/requirements-contracts.txt	2026-09-19T22:34:35.6150098Z   Downloading jsonschema-4.23.0-py3-none-any.whl (88 kB)
integration	Run python -m pip install --require-hashes --only-binary=:all: --index-url https://pypi.org/simple -r entrotter/requirements-contracts.txt	2026-09-19T22:34:35.6335709Z Collecting jsonschema-specifications==2025.9.1 (from -r entrotter/requirements-contracts.txt (line 17))
integration	Run python -m pip install --require-hashes --only-binary=:all: --index-url https://pypi.org/simple -r entrotter/requirements-contracts.txt	2026-09-19T22:34:35.6375858Z   Downloading jsonschema_specifications-2025.9.1-py3-none-any.whl (18 kB)
integration	Run python -m pip install --require-hashes --only-binary=:all: --index-url https://pypi.org/simple -r entrotter/requirements-contracts.txt	2026-09-19T22:34:35.6564071Z Collecting referencing==0.37.0 (from -r entrotter/requirements-contracts.txt (line 21))
integration	Run python -m pip install --require-hashes --only-binary=:all: --index-url https://pypi.org/simple -r entrotter/requirements-contracts.txt	2026-09-19T22:34:35.6605524Z   Downloading referencing-0.37.0-py3-none-any.whl (26 kB)
integration	Run python -m pip install --require-hashes --only-binary=:all: --index-url https://pypi.org/simple -r entrotter/requirements-contracts.txt	2026-09-19T22:34:35.9251278Z Collecting rpds-py==2026.6.3 (from -r entrotter/requirements-contracts.txt (line 27))
integration	Run python -m pip install --require-hashes --only-binary=:all: --index-url https://pypi.org/simple -r entrotter/requirements-contracts.txt	2026-09-19T22:34:35.9291868Z   Downloading rpds_py-2026.6.3-cp312-cp312-manylinux_2_17_x86_64.manylinux2014_x86_64.whl (366 kB)
integration	Run python -m pip install --require-hashes --only-binary=:all: --index-url https://pypi.org/simple -r entrotter/requirements-contracts.txt	2026-09-19T22:34:35.9497582Z Collecting typing-extensions==4.16.0 (from -r entrotter/requirements-contracts.txt (line 147))
integration	Run python -m pip install --require-hashes --only-binary=:all: --index-url https://pypi.org/simple -r entrotter/requirements-contracts.txt	2026-09-19T22:34:35.9538126Z   Downloading typing_extensions-4.16.0-py3-none-any.whl (45 kB)
integration	Run python -m pip install --require-hashes --only-binary=:all: --index-url https://pypi.org/simple -r entrotter/requirements-contracts.txt	2026-09-19T22:34:36.0016924Z Installing collected packages: typing-extensions, rpds-py, attrs, referencing, jsonschema-specifications, jsonschema
integration	Run python -m pip install --require-hashes --only-binary=:all: --index-url https://pypi.org/simple -r entrotter/requirements-contracts.txt	2026-09-19T22:34:36.1928528Z
integration	Run python -m pip install --require-hashes --only-binary=:all: --index-url https://pypi.org/simple -r entrotter/requirements-contracts.txt	2026-09-19T22:34:36.1943237Z Successfully installed attrs-26.1.0 jsonschema-4.23.0 jsonschema-specifications-2025.9.1 referencing-0.37.0 rpds-py-2026.6.3 typing-extensions-4.16.0
integration	Run python entrotter/scripts/verify.py --require-anvil	﻿2026-09-19T22:34:36.2518666Z ##[group]Run python entrotter/scripts/verify.py --require-anvil
integration	Run python entrotter/scripts/verify.py --require-anvil	2026-09-19T22:34:36.2519180Z [36;1mpython entrotter/scripts/verify.py --require-anvil[0m
integration	Run python entrotter/scripts/verify.py --require-anvil	2026-09-19T22:34:36.2556722Z shell: /usr/bin/bash -e {0}
integration	Run python entrotter/scripts/verify.py --require-anvil	2026-09-19T22:34:36.2556980Z env:
integration	Run python entrotter/scripts/verify.py --require-anvil	2026-09-19T22:34:36.2557245Z   pythonLocation: /opt/hostedtoolcache/Python/3.12.14/x64
integration	Run python entrotter/scripts/verify.py --require-anvil	2026-09-19T22:34:36.2557686Z   PKG_CONFIG_PATH: /opt/hostedtoolcache/Python/3.12.14/x64/lib/pkgconfig
integration	Run python entrotter/scripts/verify.py --require-anvil	2026-09-19T22:34:36.2558117Z   Python_ROOT_DIR: /opt/hostedtoolcache/Python/3.12.14/x64
integration	Run python entrotter/scripts/verify.py --require-anvil	2026-09-19T22:34:36.2558514Z   Python2_ROOT_DIR: /opt/hostedtoolcache/Python/3.12.14/x64
integration	Run python entrotter/scripts/verify.py --require-anvil	2026-09-19T22:34:36.2558901Z   Python3_ROOT_DIR: /opt/hostedtoolcache/Python/3.12.14/x64
integration	Run python entrotter/scripts/verify.py --require-anvil	2026-09-19T22:34:36.2559279Z   LD_LIBRARY_PATH: /opt/hostedtoolcache/Python/3.12.14/x64/lib
integration	Run python entrotter/scripts/verify.py --require-anvil	2026-09-19T22:34:36.2559595Z ##[endgroup]
integration	Run python entrotter/scripts/verify.py --require-anvil	2026-09-19T22:34:44.4041451Z engine PASS
integration	Run python entrotter/scripts/verify.py --require-anvil	2026-09-19T22:34:44.4042212Z ----------------------------------------------------------------------
integration	Run python entrotter/scripts/verify.py --require-anvil	2026-09-19T22:34:44.4043172Z Ran 92 tests in 4.389s
integration	Run python entrotter/scripts/verify.py --require-anvil	2026-09-19T22:34:44.4043496Z
integration	Run python entrotter/scripts/verify.py --require-anvil	2026-09-19T22:34:44.4043671Z OK
integration	Run python entrotter/scripts/verify.py --require-anvil	2026-09-19T22:34:44.4044003Z sdk-python PASS
integration	Run python entrotter/scripts/verify.py --require-anvil	2026-09-19T22:34:44.4044622Z ----------------------------------------------------------------------
integration	Run python entrotter/scripts/verify.py --require-anvil	2026-09-19T22:34:44.4045166Z Ran 15 tests in 0.093s
integration	Run python entrotter/scripts/verify.py --require-anvil	2026-09-19T22:34:44.4045323Z
integration	Run python entrotter/scripts/verify.py --require-anvil	2026-09-19T22:34:44.4045419Z OK
integration	Run python entrotter/scripts/verify.py --require-anvil	2026-09-19T22:34:44.4045621Z cli PASS
integration	Run python entrotter/scripts/verify.py --require-anvil	2026-09-19T22:34:44.4045990Z ----------------------------------------------------------------------
integration	Run python entrotter/scripts/verify.py --require-anvil	2026-09-19T22:34:44.4046404Z Ran 6 tests in 0.020s
integration	Run python entrotter/scripts/verify.py --require-anvil	2026-09-19T22:34:44.4046556Z
integration	Run python entrotter/scripts/verify.py --require-anvil	2026-09-19T22:34:44.4046644Z OK
integration	Run python entrotter/scripts/verify.py --require-anvil	2026-09-19T22:34:44.4046860Z scenarios PASS
integration	Run python entrotter/scripts/verify.py --require-anvil	2026-09-19T22:34:44.4047242Z ----------------------------------------------------------------------
integration	Run python entrotter/scripts/verify.py --require-anvil	2026-09-19T22:34:44.4047639Z Ran 7 tests in 0.052s
integration	Run python entrotter/scripts/verify.py --require-anvil	2026-09-19T22:34:44.4047793Z
integration	Run python entrotter/scripts/verify.py --require-anvil	2026-09-19T22:34:44.4047882Z OK
integration	Run python entrotter/scripts/verify.py --require-anvil	2026-09-19T22:34:44.4048121Z entrotter.github.io PASS
integration	Run python entrotter/scripts/verify.py --require-anvil	2026-09-19T22:34:44.4048532Z ----------------------------------------------------------------------
integration	Run python entrotter/scripts/verify.py --require-anvil	2026-09-19T22:34:44.4048916Z Ran 10 tests in 0.024s
integration	Run python entrotter/scripts/verify.py --require-anvil	2026-09-19T22:34:44.4049077Z
integration	Run python entrotter/scripts/verify.py --require-anvil	2026-09-19T22:34:44.4049167Z OK
integration	Run python entrotter/scripts/verify.py --require-anvil	2026-09-19T22:34:44.4049366Z entrotter PASS
integration	Run python entrotter/scripts/verify.py --require-anvil	2026-09-19T22:34:44.4049736Z ----------------------------------------------------------------------
integration	Run python entrotter/scripts/verify.py --require-anvil	2026-09-19T22:34:44.4050107Z Ran 26 tests in 2.487s
integration	Run python entrotter/scripts/verify.py --require-anvil	2026-09-19T22:34:44.4050257Z
integration	Run python entrotter/scripts/verify.py --require-anvil	2026-09-19T22:34:44.4050425Z OK
integration	Run python entrotter/scripts/verify.py --require-anvil	2026-09-19T22:34:44.4050653Z website JavaScript PASS
integration	Run actions/upload-artifact@ea165f8d65b6e75b540449e92b4886f43607fa02	﻿2026-09-19T22:34:44.4175540Z Node 20 is being deprecated. This workflow is running with Node 24 by default. If you need to temporarily use Node 20, you can set the ACTIONS_ALLOW_USE_UNSECURE_NODE_VERSION=true environment variable. For more information see: https://github.blog/changelog/2025-09-19-deprecation-of-node-20-on-github-actions-runners/
integration	Run actions/upload-artifact@ea165f8d65b6e75b540449e92b4886f43607fa02	2026-09-19T22:34:44.4177100Z ##[group]Run actions/upload-artifact@ea165f8d65b6e75b540449e92b4886f43607fa02
integration	Run actions/upload-artifact@ea165f8d65b6e75b540449e92b4886f43607fa02	2026-09-19T22:34:44.4177709Z with:
integration	Run actions/upload-artifact@ea165f8d65b6e75b540449e92b4886f43607fa02	2026-09-19T22:34:44.4177917Z   name: verification-evidence
integration	Run actions/upload-artifact@ea165f8d65b6e75b540449e92b4886f43607fa02	2026-09-19T22:34:44.4178170Z   path: entrotter/evidence/
integration	Run actions/upload-artifact@ea165f8d65b6e75b540449e92b4886f43607fa02	2026-09-19T22:34:44.4178409Z   if-no-files-found: warn
integration	Run actions/upload-artifact@ea165f8d65b6e75b540449e92b4886f43607fa02	2026-09-19T22:34:44.4178641Z   compression-level: 6
integration	Run actions/upload-artifact@ea165f8d65b6e75b540449e92b4886f43607fa02	2026-09-19T22:34:44.4178856Z   overwrite: false
integration	Run actions/upload-artifact@ea165f8d65b6e75b540449e92b4886f43607fa02	2026-09-19T22:34:44.4179070Z   include-hidden-files: false
integration	Run actions/upload-artifact@ea165f8d65b6e75b540449e92b4886f43607fa02	2026-09-19T22:34:44.4179294Z env:
integration	Run actions/upload-artifact@ea165f8d65b6e75b540449e92b4886f43607fa02	2026-09-19T22:34:44.4179536Z   pythonLocation: /opt/hostedtoolcache/Python/3.12.14/x64
integration	Run actions/upload-artifact@ea165f8d65b6e75b540449e92b4886f43607fa02	2026-09-19T22:34:44.4179952Z   PKG_CONFIG_PATH: /opt/hostedtoolcache/Python/3.12.14/x64/lib/pkgconfig
integration	Run actions/upload-artifact@ea165f8d65b6e75b540449e92b4886f43607fa02	2026-09-19T22:34:44.4180546Z   Python_ROOT_DIR: /opt/hostedtoolcache/Python/3.12.14/x64
integration	Run actions/upload-artifact@ea165f8d65b6e75b540449e92b4886f43607fa02	2026-09-19T22:34:44.4180930Z   Python2_ROOT_DIR: /opt/hostedtoolcache/Python/3.12.14/x64
integration	Run actions/upload-artifact@ea165f8d65b6e75b540449e92b4886f43607fa02	2026-09-19T22:34:44.4181305Z   Python3_ROOT_DIR: /opt/hostedtoolcache/Python/3.12.14/x64
integration	Run actions/upload-artifact@ea165f8d65b6e75b540449e92b4886f43607fa02	2026-09-19T22:34:44.4181680Z   LD_LIBRARY_PATH: /opt/hostedtoolcache/Python/3.12.14/x64/lib
integration	Run actions/upload-artifact@ea165f8d65b6e75b540449e92b4886f43607fa02	2026-09-19T22:34:44.4181993Z ##[endgroup]
integration	Run actions/upload-artifact@ea165f8d65b6e75b540449e92b4886f43607fa02	2026-09-19T22:34:44.5879202Z (node:3231) [DEP0040] DeprecationWarning: The `punycode` module is deprecated. Please use a userland alternative instead.
integration	Run actions/upload-artifact@ea165f8d65b6e75b540449e92b4886f43607fa02	2026-09-19T22:34:44.5880761Z (Use `node --trace-deprecation ...` to show where the warning was created)
integration	Run actions/upload-artifact@ea165f8d65b6e75b540449e92b4886f43607fa02	2026-09-19T22:34:44.6886065Z With the provided path, there will be 441 files uploaded
integration	Run actions/upload-artifact@ea165f8d65b6e75b540449e92b4886f43607fa02	2026-09-19T22:34:44.6894967Z Artifact name is valid!
integration	Run actions/upload-artifact@ea165f8d65b6e75b540449e92b4886f43607fa02	2026-09-19T22:34:44.6895988Z Root directory input is valid!
integration	Run actions/upload-artifact@ea165f8d65b6e75b540449e92b4886f43607fa02	2026-09-19T22:34:44.8949272Z Beginning upload of artifact content to blob storage
integration	Run actions/upload-artifact@ea165f8d65b6e75b540449e92b4886f43607fa02	2026-09-19T22:34:45.4212116Z (node:3231) [DEP0169] DeprecationWarning: `url.parse()` behavior is not standardized and prone to errors that have security implications. Use the WHATWG URL API instead. CVEs are not issued for `url.parse()` vulnerabilities.
integration	Run actions/upload-artifact@ea165f8d65b6e75b540449e92b4886f43607fa02	2026-09-19T22:34:45.6525181Z Uploaded bytes 8388608
integration	Run actions/upload-artifact@ea165f8d65b6e75b540449e92b4886f43607fa02	2026-09-19T22:34:45.6934526Z Uploaded bytes 9873926
integration	Run actions/upload-artifact@ea165f8d65b6e75b540449e92b4886f43607fa02	2026-09-19T22:34:45.7085509Z Finished uploading artifact content to blob storage!
integration	Run actions/upload-artifact@ea165f8d65b6e75b540449e92b4886f43607fa02	2026-09-19T22:34:45.7086621Z SHA256 digest of uploaded artifact zip is fd4b94cf1ea83b04001009bf622c239dcf6f11c69f904b1aef0a998b1f5e0e33
integration	Run actions/upload-artifact@ea165f8d65b6e75b540449e92b4886f43607fa02	2026-09-19T22:34:45.7089035Z Finalizing artifact upload
integration	Run actions/upload-artifact@ea165f8d65b6e75b540449e92b4886f43607fa02	2026-09-19T22:34:45.8853739Z Artifact verification-evidence.zip successfully finalized. Artifact ID 10593321768
integration	Run actions/upload-artifact@ea165f8d65b6e75b540449e92b4886f43607fa02	2026-09-19T22:34:45.8854727Z Artifact verification-evidence has been successfully uploaded! Final size is 9873926 bytes. Artifact ID is 10593321768
integration	Run actions/upload-artifact@ea165f8d65b6e75b540449e92b4886f43607fa02	2026-09-19T22:34:45.8855676Z Artifact download URL: https://github.com/entrotter/entrotter/actions/runs/35473712013/artifacts/10593321768
integration	Post Run actions/setup-node@49933ea5288caeca8642d1e84afbd3f7d6820020	﻿2026-09-19T22:34:45.9054158Z Node 20 is being deprecated. This workflow is running with Node 24 by default. If you need to temporarily use Node 20, you can set the ACTIONS_ALLOW_USE_UNSECURE_NODE_VERSION=true environment variable. For more information see: https://github.blog/changelog/2025-09-19-deprecation-of-node-20-on-github-actions-runners/
integration	Post Run actions/setup-node@49933ea5288caeca8642d1e84afbd3f7d6820020	2026-09-19T22:34:45.9055453Z Post job cleanup.
integration	Post Run actions/setup-node@49933ea5288caeca8642d1e84afbd3f7d6820020	2026-09-19T22:34:46.0303493Z (node:3244) [DEP0040] DeprecationWarning: The `punycode` module is deprecated. Please use a userland alternative instead.
integration	Post Run actions/setup-node@49933ea5288caeca8642d1e84afbd3f7d6820020	2026-09-19T22:34:46.0304453Z (Use `node --trace-deprecation ...` to show where the warning was created)
integration	Post Run foundry-rs/foundry-toolchain@908c540300062bd5a7e473851cdb4282204cee09	﻿2026-09-19T22:34:46.0441536Z Post job cleanup.
integration	Post Run foundry-rs/foundry-toolchain@908c540300062bd5a7e473851cdb4282204cee09	2026-09-19T22:34:46.1823978Z Cache path does not exist, not saving cache: /home/runner/.foundry/cache
integration	Post Run actions/setup-python@a26af69be951a213d495a4c3e4e4022e16d87065	﻿2026-09-19T22:34:46.1977712Z Node 20 is being deprecated. This workflow is running with Node 24 by default. If you need to temporarily use Node 20, you can set the ACTIONS_ALLOW_USE_UNSECURE_NODE_VERSION=true environment variable. For more information see: https://github.blog/changelog/2025-09-19-deprecation-of-node-20-on-github-actions-runners/
integration	Post Run actions/setup-python@a26af69be951a213d495a4c3e4e4022e16d87065	2026-09-19T22:34:46.1978976Z Post job cleanup.
integration	Post Run actions/setup-python@a26af69be951a213d495a4c3e4e4022e16d87065	2026-09-19T22:34:46.3289220Z (node:3260) [DEP0040] DeprecationWarning: The `punycode` module is deprecated. Please use a userland alternative instead.
integration	Post Run actions/setup-python@a26af69be951a213d495a4c3e4e4022e16d87065	2026-09-19T22:34:46.3290726Z (Use `node --trace-deprecation ...` to show where the warning was created)
integration	Post Run actions/checkout@11d5960a326750d5838078e36cf38b85af677262	﻿2026-09-19T22:34:46.3492743Z Node 20 is being deprecated. This workflow is running with Node 24 by default. If you need to temporarily use Node 20, you can set the ACTIONS_ALLOW_USE_UNSECURE_NODE_VERSION=true environment variable. For more information see: https://github.blog/changelog/2025-09-19-deprecation-of-node-20-on-github-actions-runners/
integration	Post Run actions/checkout@11d5960a326750d5838078e36cf38b85af677262	2026-09-19T22:34:46.3494878Z Post job cleanup.
integration	Post Run actions/checkout@11d5960a326750d5838078e36cf38b85af677262	2026-09-19T22:34:46.4417189Z [command]/usr/bin/git version
integration	Post Run actions/checkout@11d5960a326750d5838078e36cf38b85af677262	2026-09-19T22:34:46.4468157Z git version 2.55.0
integration	Post Run actions/checkout@11d5960a326750d5838078e36cf38b85af677262	2026-09-19T22:34:46.4513312Z Temporarily overriding HOME='/home/runner/work/_temp/d71b685c-276d-496a-adc6-634b6f4fc1b3' before making global git config changes
integration	Post Run actions/checkout@11d5960a326750d5838078e36cf38b85af677262	2026-09-19T22:34:46.4514496Z Adding repository directory to the temporary git global config as a safe directory
integration	Post Run actions/checkout@11d5960a326750d5838078e36cf38b85af677262	2026-09-19T22:34:46.4520638Z [command]/usr/bin/git config --global --add safe.directory /home/runner/work/entrotter/entrotter/entrotter.github.io
integration	Post Run actions/checkout@11d5960a326750d5838078e36cf38b85af677262	2026-09-19T22:34:46.4567832Z [command]/usr/bin/git config --local --name-only --get-regexp core\.sshCommand
integration	Post Run actions/checkout@11d5960a326750d5838078e36cf38b85af677262	2026-09-19T22:34:46.4606236Z [command]/usr/bin/git submodule foreach --recursive sh -c "git config --local --name-only --get-regexp 'core\.sshCommand' && git config --local --unset-all 'core.sshCommand' || :"
integration	Post Run actions/checkout@11d5960a326750d5838078e36cf38b85af677262	2026-09-19T22:34:46.4864646Z [command]/usr/bin/git config --local --name-only --get-regexp http\.https\:\/\/github\.com\/\.extraheader
integration	Post Run actions/checkout@11d5960a326750d5838078e36cf38b85af677262	2026-09-19T22:34:46.4913580Z http.https://github.com/.extraheader
integration	Post Run actions/checkout@11d5960a326750d5838078e36cf38b85af677262	2026-09-19T22:34:46.4915783Z [command]/usr/bin/git config --local --unset-all http.https://github.com/.extraheader
integration	Post Run actions/checkout@11d5960a326750d5838078e36cf38b85af677262	2026-09-19T22:34:46.4948058Z [command]/usr/bin/git submodule foreach --recursive sh -c "git config --local --name-only --get-regexp 'http\.https\:\/\/github\.com\/\.extraheader' && git config --local --unset-all 'http.https://github.com/.extraheader' || :"
integration	Post Run actions/checkout@11d5960a326750d5838078e36cf38b85af677262	2026-09-19T22:34:46.5210286Z [command]/usr/bin/git config --local --name-only --get-regexp ^includeIf\.gitdir:
integration	Post Run actions/checkout@11d5960a326750d5838078e36cf38b85af677262	2026-09-19T22:34:46.5259815Z [command]/usr/bin/git submodule foreach --recursive git config --local --show-origin --name-only --get-regexp remote.origin.url
integration	Post Run actions/checkout@11d5960a326750d5838078e36cf38b85af677262	﻿2026-09-19T22:34:46.5686499Z Node 20 is being deprecated. This workflow is running with Node 24 by default. If you need to temporarily use Node 20, you can set the ACTIONS_ALLOW_USE_UNSECURE_NODE_VERSION=true environment variable. For more information see: https://github.blog/changelog/2025-09-19-deprecation-of-node-20-on-github-actions-runners/
integration	Post Run actions/checkout@11d5960a326750d5838078e36cf38b85af677262	2026-09-19T22:34:46.5687792Z Post job cleanup.
integration	Post Run actions/checkout@11d5960a326750d5838078e36cf38b85af677262	2026-09-19T22:34:46.6585078Z [command]/usr/bin/git version
integration	Post Run actions/checkout@11d5960a326750d5838078e36cf38b85af677262	2026-09-19T22:34:46.6632499Z git version 2.55.0
integration	Post Run actions/checkout@11d5960a326750d5838078e36cf38b85af677262	2026-09-19T22:34:46.6680149Z Temporarily overriding HOME='/home/runner/work/_temp/92d4ceaf-2846-4a01-ae77-8c076df1c672' before making global git config changes
integration	Post Run actions/checkout@11d5960a326750d5838078e36cf38b85af677262	2026-09-19T22:34:46.6682131Z Adding repository directory to the temporary git global config as a safe directory
integration	Post Run actions/checkout@11d5960a326750d5838078e36cf38b85af677262	2026-09-19T22:34:46.6694522Z [command]/usr/bin/git config --global --add safe.directory /home/runner/work/entrotter/entrotter/scenarios
integration	Post Run actions/checkout@11d5960a326750d5838078e36cf38b85af677262	2026-09-19T22:34:46.6735425Z [command]/usr/bin/git config --local --name-only --get-regexp core\.sshCommand
integration	Post Run actions/checkout@11d5960a326750d5838078e36cf38b85af677262	2026-09-19T22:34:46.6773006Z [command]/usr/bin/git submodule foreach --recursive sh -c "git config --local --name-only --get-regexp 'core\.sshCommand' && git config --local --unset-all 'core.sshCommand' || :"
integration	Post Run actions/checkout@11d5960a326750d5838078e36cf38b85af677262	2026-09-19T22:34:46.7050705Z [command]/usr/bin/git config --local --name-only --get-regexp http\.https\:\/\/github\.com\/\.extraheader
integration	Post Run actions/checkout@11d5960a326750d5838078e36cf38b85af677262	2026-09-19T22:34:46.7099868Z http.https://github.com/.extraheader
integration	Post Run actions/checkout@11d5960a326750d5838078e36cf38b85af677262	2026-09-19T22:34:46.7116226Z [command]/usr/bin/git config --local --unset-all http.https://github.com/.extraheader
integration	Post Run actions/checkout@11d5960a326750d5838078e36cf38b85af677262	2026-09-19T22:34:46.7165317Z [command]/usr/bin/git submodule foreach --recursive sh -c "git config --local --name-only --get-regexp 'http\.https\:\/\/github\.com\/\.extraheader' && git config --local --unset-all 'http.https://github.com/.extraheader' || :"
integration	Post Run actions/checkout@11d5960a326750d5838078e36cf38b85af677262	2026-09-19T22:34:46.7451348Z [command]/usr/bin/git config --local --name-only --get-regexp ^includeIf\.gitdir:
integration	Post Run actions/checkout@11d5960a326750d5838078e36cf38b85af677262	2026-09-19T22:34:46.7500162Z [command]/usr/bin/git submodule foreach --recursive git config --local --show-origin --name-only --get-regexp remote.origin.url
integration	Post Run actions/checkout@11d5960a326750d5838078e36cf38b85af677262	﻿2026-09-19T22:34:46.7917495Z Node 20 is being deprecated. This workflow is running with Node 24 by default. If you need to temporarily use Node 20, you can set the ACTIONS_ALLOW_USE_UNSECURE_NODE_VERSION=true environment variable. For more information see: https://github.blog/changelog/2025-09-19-deprecation-of-node-20-on-github-actions-runners/
integration	Post Run actions/checkout@11d5960a326750d5838078e36cf38b85af677262	2026-09-19T22:34:46.7918762Z Post job cleanup.
integration	Post Run actions/checkout@11d5960a326750d5838078e36cf38b85af677262	2026-09-19T22:34:46.8825166Z [command]/usr/bin/git version
integration	Post Run actions/checkout@11d5960a326750d5838078e36cf38b85af677262	2026-09-19T22:34:46.8868168Z git version 2.55.0
integration	Post Run actions/checkout@11d5960a326750d5838078e36cf38b85af677262	2026-09-19T22:34:46.8908227Z Temporarily overriding HOME='/home/runner/work/_temp/70c58edd-6f9e-4288-949e-522c770add19' before making global git config changes
integration	Post Run actions/checkout@11d5960a326750d5838078e36cf38b85af677262	2026-09-19T22:34:46.8909819Z Adding repository directory to the temporary git global config as a safe directory
integration	Post Run actions/checkout@11d5960a326750d5838078e36cf38b85af677262	2026-09-19T22:34:46.8913740Z [command]/usr/bin/git config --global --add safe.directory /home/runner/work/entrotter/entrotter/cli
integration	Post Run actions/checkout@11d5960a326750d5838078e36cf38b85af677262	2026-09-19T22:34:46.8969293Z [command]/usr/bin/git config --local --name-only --get-regexp core\.sshCommand
integration	Post Run actions/checkout@11d5960a326750d5838078e36cf38b85af677262	2026-09-19T22:34:46.9013543Z [command]/usr/bin/git submodule foreach --recursive sh -c "git config --local --name-only --get-regexp 'core\.sshCommand' && git config --local --unset-all 'core.sshCommand' || :"
integration	Post Run actions/checkout@11d5960a326750d5838078e36cf38b85af677262	2026-09-19T22:34:46.9282839Z [command]/usr/bin/git config --local --name-only --get-regexp http\.https\:\/\/github\.com\/\.extraheader
integration	Post Run actions/checkout@11d5960a326750d5838078e36cf38b85af677262	2026-09-19T22:34:46.9309320Z http.https://github.com/.extraheader
integration	Post Run actions/checkout@11d5960a326750d5838078e36cf38b85af677262	2026-09-19T22:34:46.9322484Z [command]/usr/bin/git config --local --unset-all http.https://github.com/.extraheader
integration	Post Run actions/checkout@11d5960a326750d5838078e36cf38b85af677262	2026-09-19T22:34:46.9365945Z [command]/usr/bin/git submodule foreach --recursive sh -c "git config --local --name-only --get-regexp 'http\.https\:\/\/github\.com\/\.extraheader' && git config --local --unset-all 'http.https://github.com/.extraheader' || :"
integration	Post Run actions/checkout@11d5960a326750d5838078e36cf38b85af677262	2026-09-19T22:34:46.9653144Z [command]/usr/bin/git config --local --name-only --get-regexp ^includeIf\.gitdir:
integration	Post Run actions/checkout@11d5960a326750d5838078e36cf38b85af677262	2026-09-19T22:34:46.9698579Z [command]/usr/bin/git submodule foreach --recursive git config --local --show-origin --name-only --get-regexp remote.origin.url
integration	Post Run actions/checkout@11d5960a326750d5838078e36cf38b85af677262	﻿2026-09-19T22:34:47.0150908Z Node 20 is being deprecated. This workflow is running with Node 24 by default. If you need to temporarily use Node 20, you can set the ACTIONS_ALLOW_USE_UNSECURE_NODE_VERSION=true environment variable. For more information see: https://github.blog/changelog/2025-09-19-deprecation-of-node-20-on-github-actions-runners/
integration	Post Run actions/checkout@11d5960a326750d5838078e36cf38b85af677262	2026-09-19T22:34:47.0152147Z Post job cleanup.
integration	Post Run actions/checkout@11d5960a326750d5838078e36cf38b85af677262	2026-09-19T22:34:47.1103839Z [command]/usr/bin/git version
integration	Post Run actions/checkout@11d5960a326750d5838078e36cf38b85af677262	2026-09-19T22:34:47.1138425Z git version 2.55.0
integration	Post Run actions/checkout@11d5960a326750d5838078e36cf38b85af677262	2026-09-19T22:34:47.1187986Z Temporarily overriding HOME='/home/runner/work/_temp/ead68e58-5736-4ca1-9017-e155d36dd8cd' before making global git config changes
integration	Post Run actions/checkout@11d5960a326750d5838078e36cf38b85af677262	2026-09-19T22:34:47.1189723Z Adding repository directory to the temporary git global config as a safe directory
integration	Post Run actions/checkout@11d5960a326750d5838078e36cf38b85af677262	2026-09-19T22:34:47.1196776Z [command]/usr/bin/git config --global --add safe.directory /home/runner/work/entrotter/entrotter/sdk-python
integration	Post Run actions/checkout@11d5960a326750d5838078e36cf38b85af677262	2026-09-19T22:34:47.1277940Z [command]/usr/bin/git config --local --name-only --get-regexp core\.sshCommand
integration	Post Run actions/checkout@11d5960a326750d5838078e36cf38b85af677262	2026-09-19T22:34:47.1330997Z [command]/usr/bin/git submodule foreach --recursive sh -c "git config --local --name-only --get-regexp 'core\.sshCommand' && git config --local --unset-all 'core.sshCommand' || :"
integration	Post Run actions/checkout@11d5960a326750d5838078e36cf38b85af677262	2026-09-19T22:34:47.1660464Z [command]/usr/bin/git config --local --name-only --get-regexp http\.https\:\/\/github\.com\/\.extraheader
integration	Post Run actions/checkout@11d5960a326750d5838078e36cf38b85af677262	2026-09-19T22:34:47.1703717Z http.https://github.com/.extraheader
integration	Post Run actions/checkout@11d5960a326750d5838078e36cf38b85af677262	2026-09-19T22:34:47.1736447Z [command]/usr/bin/git config --local --unset-all http.https://github.com/.extraheader
integration	Post Run actions/checkout@11d5960a326750d5838078e36cf38b85af677262	2026-09-19T22:34:47.1787444Z [command]/usr/bin/git submodule foreach --recursive sh -c "git config --local --name-only --get-regexp 'http\.https\:\/\/github\.com\/\.extraheader' && git config --local --unset-all 'http.https://github.com/.extraheader' || :"
integration	Post Run actions/checkout@11d5960a326750d5838078e36cf38b85af677262	2026-09-19T22:34:47.2133953Z [command]/usr/bin/git config --local --name-only --get-regexp ^includeIf\.gitdir:
integration	Post Run actions/checkout@11d5960a326750d5838078e36cf38b85af677262	2026-09-19T22:34:47.2180279Z [command]/usr/bin/git submodule foreach --recursive git config --local --show-origin --name-only --get-regexp remote.origin.url
integration	Post Run actions/checkout@11d5960a326750d5838078e36cf38b85af677262	﻿2026-09-19T22:34:47.2590185Z Node 20 is being deprecated. This workflow is running with Node 24 by default. If you need to temporarily use Node 20, you can set the ACTIONS_ALLOW_USE_UNSECURE_NODE_VERSION=true environment variable. For more information see: https://github.blog/changelog/2025-09-19-deprecation-of-node-20-on-github-actions-runners/
integration	Post Run actions/checkout@11d5960a326750d5838078e36cf38b85af677262	2026-09-19T22:34:47.2591460Z Post job cleanup.
integration	Post Run actions/checkout@11d5960a326750d5838078e36cf38b85af677262	2026-09-19T22:34:47.3460115Z [command]/usr/bin/git version
integration	Post Run actions/checkout@11d5960a326750d5838078e36cf38b85af677262	2026-09-19T22:34:47.3503997Z git version 2.55.0
integration	Post Run actions/checkout@11d5960a326750d5838078e36cf38b85af677262	2026-09-19T22:34:47.3545554Z Temporarily overriding HOME='/home/runner/work/_temp/42f5db03-1f8a-462f-9ae4-4b04e7e6b3f3' before making global git config changes
integration	Post Run actions/checkout@11d5960a326750d5838078e36cf38b85af677262	2026-09-19T22:34:47.3547080Z Adding repository directory to the temporary git global config as a safe directory
integration	Post Run actions/checkout@11d5960a326750d5838078e36cf38b85af677262	2026-09-19T22:34:47.3553910Z [command]/usr/bin/git config --global --add safe.directory /home/runner/work/entrotter/entrotter/engine
integration	Post Run actions/checkout@11d5960a326750d5838078e36cf38b85af677262	2026-09-19T22:34:47.3597360Z [command]/usr/bin/git config --local --name-only --get-regexp core\.sshCommand
integration	Post Run actions/checkout@11d5960a326750d5838078e36cf38b85af677262	2026-09-19T22:34:47.3637613Z [command]/usr/bin/git submodule foreach --recursive sh -c "git config --local --name-only --get-regexp 'core\.sshCommand' && git config --local --unset-all 'core.sshCommand' || :"
integration	Post Run actions/checkout@11d5960a326750d5838078e36cf38b85af677262	2026-09-19T22:34:47.3900023Z [command]/usr/bin/git config --local --name-only --get-regexp http\.https\:\/\/github\.com\/\.extraheader
integration	Post Run actions/checkout@11d5960a326750d5838078e36cf38b85af677262	2026-09-19T22:34:47.3928119Z http.https://github.com/.extraheader
integration	Post Run actions/checkout@11d5960a326750d5838078e36cf38b85af677262	2026-09-19T22:34:47.3947933Z [command]/usr/bin/git config --local --unset-all http.https://github.com/.extraheader
integration	Post Run actions/checkout@11d5960a326750d5838078e36cf38b85af677262	2026-09-19T22:34:47.3981167Z [command]/usr/bin/git submodule foreach --recursive sh -c "git config --local --name-only --get-regexp 'http\.https\:\/\/github\.com\/\.extraheader' && git config --local --unset-all 'http.https://github.com/.extraheader' || :"
integration	Post Run actions/checkout@11d5960a326750d5838078e36cf38b85af677262	2026-09-19T22:34:47.4253148Z [command]/usr/bin/git config --local --name-only --get-regexp ^includeIf\.gitdir:
integration	Post Run actions/checkout@11d5960a326750d5838078e36cf38b85af677262	2026-09-19T22:34:47.4293760Z [command]/usr/bin/git submodule foreach --recursive git config --local --show-origin --name-only --get-regexp remote.origin.url
integration	Post Run actions/checkout@11d5960a326750d5838078e36cf38b85af677262	﻿2026-09-19T22:34:47.4725439Z Node 20 is being deprecated. This workflow is running with Node 24 by default. If you need to temporarily use Node 20, you can set the ACTIONS_ALLOW_USE_UNSECURE_NODE_VERSION=true environment variable. For more information see: https://github.blog/changelog/2025-09-19-deprecation-of-node-20-on-github-actions-runners/
integration	Post Run actions/checkout@11d5960a326750d5838078e36cf38b85af677262	2026-09-19T22:34:47.4726762Z Post job cleanup.
integration	Post Run actions/checkout@11d5960a326750d5838078e36cf38b85af677262	2026-09-19T22:34:47.5601794Z [command]/usr/bin/git version
integration	Post Run actions/checkout@11d5960a326750d5838078e36cf38b85af677262	2026-09-19T22:34:47.5650162Z git version 2.55.0
integration	Post Run actions/checkout@11d5960a326750d5838078e36cf38b85af677262	2026-09-19T22:34:47.5693810Z Temporarily overriding HOME='/home/runner/work/_temp/22f230e8-adb0-46b6-b16e-80ce2c9d3db5' before making global git config changes
integration	Post Run actions/checkout@11d5960a326750d5838078e36cf38b85af677262	2026-09-19T22:34:47.5695795Z Adding repository directory to the temporary git global config as a safe directory
integration	Post Run actions/checkout@11d5960a326750d5838078e36cf38b85af677262	2026-09-19T22:34:47.5700497Z [command]/usr/bin/git config --global --add safe.directory /home/runner/work/entrotter/entrotter/entrotter
integration	Post Run actions/checkout@11d5960a326750d5838078e36cf38b85af677262	2026-09-19T22:34:47.5748895Z [command]/usr/bin/git config --local --name-only --get-regexp core\.sshCommand
integration	Post Run actions/checkout@11d5960a326750d5838078e36cf38b85af677262	2026-09-19T22:34:47.5787784Z [command]/usr/bin/git submodule foreach --recursive sh -c "git config --local --name-only --get-regexp 'core\.sshCommand' && git config --local --unset-all 'core.sshCommand' || :"
integration	Post Run actions/checkout@11d5960a326750d5838078e36cf38b85af677262	2026-09-19T22:34:47.6050383Z [command]/usr/bin/git config --local --name-only --get-regexp http\.https\:\/\/github\.com\/\.extraheader
integration	Post Run actions/checkout@11d5960a326750d5838078e36cf38b85af677262	2026-09-19T22:34:47.6076387Z http.https://github.com/.extraheader
integration	Post Run actions/checkout@11d5960a326750d5838078e36cf38b85af677262	2026-09-19T22:34:47.6089768Z [command]/usr/bin/git config --local --unset-all http.https://github.com/.extraheader
integration	Post Run actions/checkout@11d5960a326750d5838078e36cf38b85af677262	2026-09-19T22:34:47.6126863Z [command]/usr/bin/git submodule foreach --recursive sh -c "git config --local --name-only --get-regexp 'http\.https\:\/\/github\.com\/\.extraheader' && git config --local --unset-all 'http.https://github.com/.extraheader' || :"
integration	Post Run actions/checkout@11d5960a326750d5838078e36cf38b85af677262	2026-09-19T22:34:47.6391917Z [command]/usr/bin/git config --local --name-only --get-regexp ^includeIf\.gitdir:
integration	Post Run actions/checkout@11d5960a326750d5838078e36cf38b85af677262	2026-09-19T22:34:47.6437141Z [command]/usr/bin/git submodule foreach --recursive git config --local --show-origin --name-only --get-regexp remote.origin.url
integration	Complete job	﻿2026-09-19T22:34:47.6837971Z Cleaning up orphan processes
integration	Complete job	2026-09-19T22:34:47.7147450Z ##[warning]Node.js 20 is deprecated. The following actions target Node.js 20 but are being forced to run on Node.js 24: actions/checkout@11d5960a326750d5838078e36cf38b85af677262, actions/setup-node@49933ea5288caeca8642d1e84afbd3f7d6820020, actions/setup-python@a26af69be951a213d495a4c3e4e4022e16d87065, actions/upload-artifact@ea165f8d65b6e75b540449e92b4886f43607fa02. For more information see: https://github.blog/changelog/2025-09-19-deprecation-of-node-20-on-github-actions-runners/
host-bounds	Set up job	﻿2026-09-19T22:34:25.2970670Z Current runner version: '2.337.0'
host-bounds	Set up job	2026-09-19T22:34:25.2997577Z ##[group]Runner Image Provisioner
host-bounds	Set up job	2026-09-19T22:34:25.2998725Z Hosted Compute Agent
host-bounds	Set up job	2026-09-19T22:34:25.2999366Z Version: 20260828.587
host-bounds	Set up job	2026-09-19T22:34:25.3000074Z Commit: abac92662cab4cc7352de4f9f9d2e2419aad9c29
host-bounds	Set up job	2026-09-19T22:34:25.3000907Z Build Date: 2026-08-28T16:44:25Z
host-bounds	Set up job	2026-09-19T22:34:25.3001661Z Worker ID: {68f7c38e-45ea-431a-bc88-5d924ce07b64}
host-bounds	Set up job	2026-09-19T22:34:25.3002441Z Azure Region: centralus
host-bounds	Set up job	2026-09-19T22:34:25.3003069Z ##[endgroup]
host-bounds	Set up job	2026-09-19T22:34:25.3004433Z ##[group]Operating System
host-bounds	Set up job	2026-09-19T22:34:25.3005139Z Ubuntu
host-bounds	Set up job	2026-09-19T22:34:25.3005723Z 24.04.5
host-bounds	Set up job	2026-09-19T22:34:25.3006236Z LTS
host-bounds	Set up job	2026-09-19T22:34:25.3006855Z ##[endgroup]
host-bounds	Set up job	2026-09-19T22:34:25.3007474Z ##[group]Runner Image
host-bounds	Set up job	2026-09-19T22:34:25.3008335Z Image: ubuntu-24.04
host-bounds	Set up job	2026-09-19T22:34:25.3008968Z Version: 20260907.300.1
host-bounds	Set up job	2026-09-19T22:34:25.3010053Z Included Software: https://github.com/actions/runner-images/blob/ubuntu24/20260907.300/images/ubuntu/Ubuntu2404-Readme.md
host-bounds	Set up job	2026-09-19T22:34:25.3011914Z Image Release: https://github.com/actions/runner-images/releases/tag/ubuntu24%2F20260907.300
host-bounds	Set up job	2026-09-19T22:34:25.3012977Z ##[endgroup]
host-bounds	Set up job	2026-09-19T22:34:25.3014134Z ##[group]GITHUB_TOKEN Permissions
host-bounds	Set up job	2026-09-19T22:34:25.3016154Z Contents: read
host-bounds	Set up job	2026-09-19T22:34:25.3016785Z Metadata: read
host-bounds	Set up job	2026-09-19T22:34:25.3017357Z ##[endgroup]
host-bounds	Set up job	2026-09-19T22:34:25.3020110Z Secret source: Actions
host-bounds	Set up job	2026-09-19T22:34:25.3021148Z Cache mode: write
host-bounds	Set up job	2026-09-19T22:34:25.3022016Z Prepare workflow directory
host-bounds	Set up job	2026-09-19T22:34:25.3395935Z Prepare all required actions
host-bounds	Set up job	2026-09-19T22:34:25.3450310Z Getting action download info
host-bounds	Set up job	2026-09-19T22:34:25.6335948Z Download action repository 'actions/checkout@11d5960a326750d5838078e36cf38b85af677262' (SHA:11d5960a326750d5838078e36cf38b85af677262)
host-bounds	Set up job	2026-09-19T22:34:25.7399906Z Download action repository 'actions/setup-python@a26af69be951a213d495a4c3e4e4022e16d87065' (SHA:a26af69be951a213d495a4c3e4e4022e16d87065)
host-bounds	Set up job	2026-09-19T22:34:25.8353085Z Download action repository 'foundry-rs/foundry-toolchain@908c540300062bd5a7e473851cdb4282204cee09' (SHA:908c540300062bd5a7e473851cdb4282204cee09)
host-bounds	Set up job	2026-09-19T22:34:26.3731509Z Download action repository 'actions/upload-artifact@ea165f8d65b6e75b540449e92b4886f43607fa02' (SHA:ea165f8d65b6e75b540449e92b4886f43607fa02)
host-bounds	Set up job	2026-09-19T22:34:26.6124807Z Complete job name: host-bounds
host-bounds	Run actions/checkout@11d5960a326750d5838078e36cf38b85af677262	﻿2026-09-19T22:34:26.7025411Z Node 20 is being deprecated. This workflow is running with Node 24 by default. If you need to temporarily use Node 20, you can set the ACTIONS_ALLOW_USE_UNSECURE_NODE_VERSION=true environment variable. For more information see: https://github.blog/changelog/2025-09-19-deprecation-of-node-20-on-github-actions-runners/
host-bounds	Run actions/checkout@11d5960a326750d5838078e36cf38b85af677262	2026-09-19T22:34:26.7035167Z ##[group]Run actions/checkout@11d5960a326750d5838078e36cf38b85af677262
host-bounds	Run actions/checkout@11d5960a326750d5838078e36cf38b85af677262	2026-09-19T22:34:26.7036139Z with:
host-bounds	Run actions/checkout@11d5960a326750d5838078e36cf38b85af677262	2026-09-19T22:34:26.7036589Z   path: entrotter
host-bounds	Run actions/checkout@11d5960a326750d5838078e36cf38b85af677262	2026-09-19T22:34:26.7037090Z   repository: entrotter/entrotter
host-bounds	Run actions/checkout@11d5960a326750d5838078e36cf38b85af677262	2026-09-19T22:34:26.7041786Z   token: ***
host-bounds	Run actions/checkout@11d5960a326750d5838078e36cf38b85af677262	2026-09-19T22:34:26.7042273Z   ssh-strict: true
host-bounds	Run actions/checkout@11d5960a326750d5838078e36cf38b85af677262	2026-09-19T22:34:26.7042779Z   ssh-user: git
host-bounds	Run actions/checkout@11d5960a326750d5838078e36cf38b85af677262	2026-09-19T22:34:26.7043262Z   persist-credentials: true
host-bounds	Run actions/checkout@11d5960a326750d5838078e36cf38b85af677262	2026-09-19T22:34:26.7043786Z   clean: true
host-bounds	Run actions/checkout@11d5960a326750d5838078e36cf38b85af677262	2026-09-19T22:34:26.7044264Z   sparse-checkout-cone-mode: true
host-bounds	Run actions/checkout@11d5960a326750d5838078e36cf38b85af677262	2026-09-19T22:34:26.7044822Z   fetch-depth: 1
host-bounds	Run actions/checkout@11d5960a326750d5838078e36cf38b85af677262	2026-09-19T22:34:26.7045293Z   fetch-tags: false
host-bounds	Run actions/checkout@11d5960a326750d5838078e36cf38b85af677262	2026-09-19T22:34:26.7045782Z   show-progress: true
host-bounds	Run actions/checkout@11d5960a326750d5838078e36cf38b85af677262	2026-09-19T22:34:26.7046309Z   lfs: false
host-bounds	Run actions/checkout@11d5960a326750d5838078e36cf38b85af677262	2026-09-19T22:34:26.7046755Z   submodules: false
host-bounds	Run actions/checkout@11d5960a326750d5838078e36cf38b85af677262	2026-09-19T22:34:26.7047232Z   set-safe-directory: true
host-bounds	Run actions/checkout@11d5960a326750d5838078e36cf38b85af677262	2026-09-19T22:34:26.7047931Z   allow-unsafe-pr-checkout: false
host-bounds	Run actions/checkout@11d5960a326750d5838078e36cf38b85af677262	2026-09-19T22:34:26.7048886Z ##[endgroup]
host-bounds	Run actions/checkout@11d5960a326750d5838078e36cf38b85af677262	2026-09-19T22:34:26.8123244Z Syncing repository: entrotter/entrotter
host-bounds	Run actions/checkout@11d5960a326750d5838078e36cf38b85af677262	2026-09-19T22:34:26.8125563Z ##[group]Getting Git version info
host-bounds	Run actions/checkout@11d5960a326750d5838078e36cf38b85af677262	2026-09-19T22:34:26.8126437Z Working directory is '/home/runner/work/entrotter/entrotter/entrotter'
host-bounds	Run actions/checkout@11d5960a326750d5838078e36cf38b85af677262	2026-09-19T22:34:26.8128019Z [command]/usr/bin/git version
host-bounds	Run actions/checkout@11d5960a326750d5838078e36cf38b85af677262	2026-09-19T22:34:26.8167326Z git version 2.55.0
host-bounds	Run actions/checkout@11d5960a326750d5838078e36cf38b85af677262	2026-09-19T22:34:26.8186877Z ##[endgroup]
host-bounds	Run actions/checkout@11d5960a326750d5838078e36cf38b85af677262	2026-09-19T22:34:26.8203192Z Temporarily overriding HOME='/home/runner/work/_temp/80aade27-7b85-4d9f-a521-db0cb6af1d89' before making global git config changes
host-bounds	Run actions/checkout@11d5960a326750d5838078e36cf38b85af677262	2026-09-19T22:34:26.8206698Z Adding repository directory to the temporary git global config as a safe directory
host-bounds	Run actions/checkout@11d5960a326750d5838078e36cf38b85af677262	2026-09-19T22:34:26.8210350Z [command]/usr/bin/git config --global --add safe.directory /home/runner/work/entrotter/entrotter/entrotter
host-bounds	Run actions/checkout@11d5960a326750d5838078e36cf38b85af677262	2026-09-19T22:34:26.8263769Z ##[group]Initializing the repository
host-bounds	Run actions/checkout@11d5960a326750d5838078e36cf38b85af677262	2026-09-19T22:34:26.8272267Z [command]/usr/bin/git init /home/runner/work/entrotter/entrotter/entrotter
host-bounds	Run actions/checkout@11d5960a326750d5838078e36cf38b85af677262	2026-09-19T22:34:26.8350879Z hint: Using 'master' as the name for the initial branch. This default branch name
host-bounds	Run actions/checkout@11d5960a326750d5838078e36cf38b85af677262	2026-09-19T22:34:26.8354710Z hint: will change to "main" in Git 3.0. To configure the initial branch name
host-bounds	Run actions/checkout@11d5960a326750d5838078e36cf38b85af677262	2026-09-19T22:34:26.8356413Z hint: to use in all of your new repositories, which will suppress this warning,
host-bounds	Run actions/checkout@11d5960a326750d5838078e36cf38b85af677262	2026-09-19T22:34:26.8357965Z hint: call:
host-bounds	Run actions/checkout@11d5960a326750d5838078e36cf38b85af677262	2026-09-19T22:34:26.8358745Z hint:
host-bounds	Run actions/checkout@11d5960a326750d5838078e36cf38b85af677262	2026-09-19T22:34:26.8359648Z hint: 	git config --global init.defaultBranch <name>
host-bounds	Run actions/checkout@11d5960a326750d5838078e36cf38b85af677262	2026-09-19T22:34:26.8360813Z hint:
host-bounds	Run actions/checkout@11d5960a326750d5838078e36cf38b85af677262	2026-09-19T22:34:26.8361844Z hint: Names commonly chosen instead of 'master' are 'main', 'trunk' and
host-bounds	Run actions/checkout@11d5960a326750d5838078e36cf38b85af677262	2026-09-19T22:34:26.8363524Z hint: 'development'. The just-created branch can be renamed via this command:
host-bounds	Run actions/checkout@11d5960a326750d5838078e36cf38b85af677262	2026-09-19T22:34:26.8364861Z hint:
host-bounds	Run actions/checkout@11d5960a326750d5838078e36cf38b85af677262	2026-09-19T22:34:26.8365573Z hint: 	git branch -m <name>
host-bounds	Run actions/checkout@11d5960a326750d5838078e36cf38b85af677262	2026-09-19T22:34:26.8366424Z hint:
host-bounds	Run actions/checkout@11d5960a326750d5838078e36cf38b85af677262	2026-09-19T22:34:26.8367559Z hint: Disable this message with "git config set advice.defaultBranchName false"
host-bounds	Run actions/checkout@11d5960a326750d5838078e36cf38b85af677262	2026-09-19T22:34:26.8369915Z Initialized empty Git repository in /home/runner/work/entrotter/entrotter/entrotter/.git/
host-bounds	Run actions/checkout@11d5960a326750d5838078e36cf38b85af677262	2026-09-19T22:34:26.8373403Z [command]/usr/bin/git remote add origin https://github.com/entrotter/entrotter
host-bounds	Run actions/checkout@11d5960a326750d5838078e36cf38b85af677262	2026-09-19T22:34:26.8419322Z ##[endgroup]
host-bounds	Run actions/checkout@11d5960a326750d5838078e36cf38b85af677262	2026-09-19T22:34:26.8420772Z ##[group]Disabling automatic garbage collection
host-bounds	Run actions/checkout@11d5960a326750d5838078e36cf38b85af677262	2026-09-19T22:34:26.8423132Z [command]/usr/bin/git config --local gc.auto 0
host-bounds	Run actions/checkout@11d5960a326750d5838078e36cf38b85af677262	2026-09-19T22:34:26.8458458Z ##[endgroup]
host-bounds	Run actions/checkout@11d5960a326750d5838078e36cf38b85af677262	2026-09-19T22:34:26.8460265Z ##[group]Setting up auth
host-bounds	Run actions/checkout@11d5960a326750d5838078e36cf38b85af677262	2026-09-19T22:34:26.8464017Z [command]/usr/bin/git config --local --name-only --get-regexp core\.sshCommand
host-bounds	Run actions/checkout@11d5960a326750d5838078e36cf38b85af677262	2026-09-19T22:34:26.8503213Z [command]/usr/bin/git submodule foreach --recursive sh -c "git config --local --name-only --get-regexp 'core\.sshCommand' && git config --local --unset-all 'core.sshCommand' || :"
host-bounds	Run actions/checkout@11d5960a326750d5838078e36cf38b85af677262	2026-09-19T22:34:26.8859665Z [command]/usr/bin/git config --local --name-only --get-regexp http\.https\:\/\/github\.com\/\.extraheader
host-bounds	Run actions/checkout@11d5960a326750d5838078e36cf38b85af677262	2026-09-19T22:34:26.8895367Z [command]/usr/bin/git submodule foreach --recursive sh -c "git config --local --name-only --get-regexp 'http\.https\:\/\/github\.com\/\.extraheader' && git config --local --unset-all 'http.https://github.com/.extraheader' || :"
host-bounds	Run actions/checkout@11d5960a326750d5838078e36cf38b85af677262	2026-09-19T22:34:26.9165497Z [command]/usr/bin/git config --local --name-only --get-regexp ^includeIf\.gitdir:
host-bounds	Run actions/checkout@11d5960a326750d5838078e36cf38b85af677262	2026-09-19T22:34:26.9204176Z [command]/usr/bin/git submodule foreach --recursive git config --local --show-origin --name-only --get-regexp remote.origin.url
host-bounds	Run actions/checkout@11d5960a326750d5838078e36cf38b85af677262	2026-09-19T22:34:26.9450202Z [command]/usr/bin/git config --local http.https://github.com/.extraheader AUTHORIZATION: basic ***
host-bounds	Run actions/checkout@11d5960a326750d5838078e36cf38b85af677262	2026-09-19T22:34:26.9492059Z ##[endgroup]
host-bounds	Run actions/checkout@11d5960a326750d5838078e36cf38b85af677262	2026-09-19T22:34:26.9493547Z ##[group]Fetching the repository
host-bounds	Run actions/checkout@11d5960a326750d5838078e36cf38b85af677262	2026-09-19T22:34:26.9504050Z [command]/usr/bin/git -c protocol.version=2 fetch --no-tags --prune --no-recurse-submodules --depth=1 origin +459e4d8be28ca14e021bd769b64860c4af1e13e8:refs/remotes/pull/33/merge
host-bounds	Run actions/checkout@11d5960a326750d5838078e36cf38b85af677262	2026-09-19T22:34:28.1840199Z From https://github.com/entrotter/entrotter
host-bounds	Run actions/checkout@11d5960a326750d5838078e36cf38b85af677262	2026-09-19T22:34:28.1844181Z  * [new ref]         459e4d8be28ca14e021bd769b64860c4af1e13e8 -> pull/33/merge
host-bounds	Run actions/checkout@11d5960a326750d5838078e36cf38b85af677262	2026-09-19T22:34:28.1850416Z ##[endgroup]
host-bounds	Run actions/checkout@11d5960a326750d5838078e36cf38b85af677262	2026-09-19T22:34:28.1852650Z ##[group]Determining the checkout info
host-bounds	Run actions/checkout@11d5960a326750d5838078e36cf38b85af677262	2026-09-19T22:34:28.1854994Z ##[endgroup]
host-bounds	Run actions/checkout@11d5960a326750d5838078e36cf38b85af677262	2026-09-19T22:34:28.1856643Z [command]/usr/bin/git sparse-checkout disable
host-bounds	Run actions/checkout@11d5960a326750d5838078e36cf38b85af677262	2026-09-19T22:34:28.1924308Z [command]/usr/bin/git config --local --unset-all extensions.worktreeConfig
host-bounds	Run actions/checkout@11d5960a326750d5838078e36cf38b85af677262	2026-09-19T22:34:28.2285237Z ##[group]Checking out the ref
host-bounds	Run actions/checkout@11d5960a326750d5838078e36cf38b85af677262	2026-09-19T22:34:28.2288130Z [command]/usr/bin/git checkout --progress --force refs/remotes/pull/33/merge
host-bounds	Run actions/checkout@11d5960a326750d5838078e36cf38b85af677262	2026-09-19T22:34:28.4364186Z Note: switching to 'refs/remotes/pull/33/merge'.
host-bounds	Run actions/checkout@11d5960a326750d5838078e36cf38b85af677262	2026-09-19T22:34:28.4366033Z
host-bounds	Run actions/checkout@11d5960a326750d5838078e36cf38b85af677262	2026-09-19T22:34:28.4368361Z You are in 'detached HEAD' state. You can look around, make experimental
host-bounds	Run actions/checkout@11d5960a326750d5838078e36cf38b85af677262	2026-09-19T22:34:28.4371216Z changes and commit them, and you can discard any commits you make in this
host-bounds	Run actions/checkout@11d5960a326750d5838078e36cf38b85af677262	2026-09-19T22:34:28.4374378Z state without impacting any branches by switching back to a branch.
host-bounds	Run actions/checkout@11d5960a326750d5838078e36cf38b85af677262	2026-09-19T22:34:28.4376345Z
host-bounds	Run actions/checkout@11d5960a326750d5838078e36cf38b85af677262	2026-09-19T22:34:28.4377600Z If you want to create a new branch to retain commits you create, you may
host-bounds	Run actions/checkout@11d5960a326750d5838078e36cf38b85af677262	2026-09-19T22:34:28.4380764Z do so (now or later) by using -c with the switch command. Example:
host-bounds	Run actions/checkout@11d5960a326750d5838078e36cf38b85af677262	2026-09-19T22:34:28.4382438Z
host-bounds	Run actions/checkout@11d5960a326750d5838078e36cf38b85af677262	2026-09-19T22:34:28.4383171Z   git switch -c <new-branch-name>
host-bounds	Run actions/checkout@11d5960a326750d5838078e36cf38b85af677262	2026-09-19T22:34:28.4384331Z
host-bounds	Run actions/checkout@11d5960a326750d5838078e36cf38b85af677262	2026-09-19T22:34:28.4385035Z Or undo this operation with:
host-bounds	Run actions/checkout@11d5960a326750d5838078e36cf38b85af677262	2026-09-19T22:34:28.4386097Z
host-bounds	Run actions/checkout@11d5960a326750d5838078e36cf38b85af677262	2026-09-19T22:34:28.4386749Z   git switch -
host-bounds	Run actions/checkout@11d5960a326750d5838078e36cf38b85af677262	2026-09-19T22:34:28.4387571Z
host-bounds	Run actions/checkout@11d5960a326750d5838078e36cf38b85af677262	2026-09-19T22:34:28.4389231Z Turn off this advice by setting config variable advice.detachedHead to false
host-bounds	Run actions/checkout@11d5960a326750d5838078e36cf38b85af677262	2026-09-19T22:34:28.4391362Z
host-bounds	Run actions/checkout@11d5960a326750d5838078e36cf38b85af677262	2026-09-19T22:34:28.4394218Z HEAD is now at 459e4d8 Merge f05eae7faa6561623802ad751dfa892044dd9176 into 6368eef29dd7beb694da9174f46d1518b38d52d5
host-bounds	Run actions/checkout@11d5960a326750d5838078e36cf38b85af677262	2026-09-19T22:34:28.4408163Z ##[endgroup]
host-bounds	Run actions/checkout@11d5960a326750d5838078e36cf38b85af677262	2026-09-19T22:34:28.4461819Z [command]/usr/bin/git log -1 --format=%H
host-bounds	Run actions/checkout@11d5960a326750d5838078e36cf38b85af677262	2026-09-19T22:34:28.4495668Z 459e4d8be28ca14e021bd769b64860c4af1e13e8
host-bounds	Run actions/checkout@11d5960a326750d5838078e36cf38b85af677262	﻿2026-09-19T22:34:28.4959827Z Node 20 is being deprecated. This workflow is running with Node 24 by default. If you need to temporarily use Node 20, you can set the ACTIONS_ALLOW_USE_UNSECURE_NODE_VERSION=true environment variable. For more information see: https://github.blog/changelog/2025-09-19-deprecation-of-node-20-on-github-actions-runners/
host-bounds	Run actions/checkout@11d5960a326750d5838078e36cf38b85af677262	2026-09-19T22:34:28.4965988Z ##[group]Run actions/checkout@11d5960a326750d5838078e36cf38b85af677262
host-bounds	Run actions/checkout@11d5960a326750d5838078e36cf38b85af677262	2026-09-19T22:34:28.4967912Z with:
host-bounds	Run actions/checkout@11d5960a326750d5838078e36cf38b85af677262	2026-09-19T22:34:28.4968878Z   repository: entrotter/engine
host-bounds	Run actions/checkout@11d5960a326750d5838078e36cf38b85af677262	2026-09-19T22:34:28.4970144Z   ref: 80e8ce2386812daa8f6150048f84ab316624cc0d
host-bounds	Run actions/checkout@11d5960a326750d5838078e36cf38b85af677262	2026-09-19T22:34:28.4971472Z   path: engine
host-bounds	Run actions/checkout@11d5960a326750d5838078e36cf38b85af677262	2026-09-19T22:34:28.4980458Z   token: ***
host-bounds	Run actions/checkout@11d5960a326750d5838078e36cf38b85af677262	2026-09-19T22:34:28.4981428Z   ssh-strict: true
host-bounds	Run actions/checkout@11d5960a326750d5838078e36cf38b85af677262	2026-09-19T22:34:28.4982413Z   ssh-user: git
host-bounds	Run actions/checkout@11d5960a326750d5838078e36cf38b85af677262	2026-09-19T22:34:28.4983409Z   persist-credentials: true
host-bounds	Run actions/checkout@11d5960a326750d5838078e36cf38b85af677262	2026-09-19T22:34:28.4984507Z   clean: true
host-bounds	Run actions/checkout@11d5960a326750d5838078e36cf38b85af677262	2026-09-19T22:34:28.4985508Z   sparse-checkout-cone-mode: true
host-bounds	Run actions/checkout@11d5960a326750d5838078e36cf38b85af677262	2026-09-19T22:34:28.4986702Z   fetch-depth: 1
host-bounds	Run actions/checkout@11d5960a326750d5838078e36cf38b85af677262	2026-09-19T22:34:28.4987851Z   fetch-tags: false
host-bounds	Run actions/checkout@11d5960a326750d5838078e36cf38b85af677262	2026-09-19T22:34:28.4988925Z   show-progress: true
host-bounds	Run actions/checkout@11d5960a326750d5838078e36cf38b85af677262	2026-09-19T22:34:28.4989931Z   lfs: false
host-bounds	Run actions/checkout@11d5960a326750d5838078e36cf38b85af677262	2026-09-19T22:34:28.4990859Z   submodules: false
host-bounds	Run actions/checkout@11d5960a326750d5838078e36cf38b85af677262	2026-09-19T22:34:28.4991885Z   set-safe-directory: true
host-bounds	Run actions/checkout@11d5960a326750d5838078e36cf38b85af677262	2026-09-19T22:34:28.4993031Z   allow-unsafe-pr-checkout: false
host-bounds	Run actions/checkout@11d5960a326750d5838078e36cf38b85af677262	2026-09-19T22:34:28.4994219Z ##[endgroup]
host-bounds	Run actions/checkout@11d5960a326750d5838078e36cf38b85af677262	2026-09-19T22:34:28.5909500Z Syncing repository: entrotter/engine
host-bounds	Run actions/checkout@11d5960a326750d5838078e36cf38b85af677262	2026-09-19T22:34:28.5914095Z ##[group]Getting Git version info
host-bounds	Run actions/checkout@11d5960a326750d5838078e36cf38b85af677262	2026-09-19T22:34:28.5916671Z Working directory is '/home/runner/work/entrotter/entrotter/engine'
host-bounds	Run actions/checkout@11d5960a326750d5838078e36cf38b85af677262	2026-09-19T22:34:28.5949040Z [command]/usr/bin/git version
host-bounds	Run actions/checkout@11d5960a326750d5838078e36cf38b85af677262	2026-09-19T22:34:28.5990249Z git version 2.55.0
host-bounds	Run actions/checkout@11d5960a326750d5838078e36cf38b85af677262	2026-09-19T22:34:28.6011006Z ##[endgroup]
host-bounds	Run actions/checkout@11d5960a326750d5838078e36cf38b85af677262	2026-09-19T22:34:28.6024606Z Temporarily overriding HOME='/home/runner/work/_temp/6ae8c6a4-1252-4aa6-9a91-e813735b5774' before making global git config changes
host-bounds	Run actions/checkout@11d5960a326750d5838078e36cf38b85af677262	2026-09-19T22:34:28.6029657Z Adding repository directory to the temporary git global config as a safe directory
host-bounds	Run actions/checkout@11d5960a326750d5838078e36cf38b85af677262	2026-09-19T22:34:28.6035694Z [command]/usr/bin/git config --global --add safe.directory /home/runner/work/entrotter/entrotter/engine
host-bounds	Run actions/checkout@11d5960a326750d5838078e36cf38b85af677262	2026-09-19T22:34:28.6421260Z ##[group]Initializing the repository
host-bounds	Run actions/checkout@11d5960a326750d5838078e36cf38b85af677262	2026-09-19T22:34:28.6430076Z [command]/usr/bin/git init /home/runner/work/entrotter/entrotter/engine
host-bounds	Run actions/checkout@11d5960a326750d5838078e36cf38b85af677262	2026-09-19T22:34:28.6482076Z hint: Using 'master' as the name for the initial branch. This default branch name
host-bounds	Run actions/checkout@11d5960a326750d5838078e36cf38b85af677262	2026-09-19T22:34:28.6509785Z hint: will change to "main" in Git 3.0. To configure the initial branch name
host-bounds	Run actions/checkout@11d5960a326750d5838078e36cf38b85af677262	2026-09-19T22:34:28.6513138Z hint: to use in all of your new repositories, which will suppress this warning,
host-bounds	Run actions/checkout@11d5960a326750d5838078e36cf38b85af677262	2026-09-19T22:34:28.6515634Z hint: call:
host-bounds	Run actions/checkout@11d5960a326750d5838078e36cf38b85af677262	2026-09-19T22:34:28.6517224Z hint:
host-bounds	Run actions/checkout@11d5960a326750d5838078e36cf38b85af677262	2026-09-19T22:34:28.6518953Z hint: 	git config --global init.defaultBranch <name>
host-bounds	Run actions/checkout@11d5960a326750d5838078e36cf38b85af677262	2026-09-19T22:34:28.6520926Z hint:
host-bounds	Run actions/checkout@11d5960a326750d5838078e36cf38b85af677262	2026-09-19T22:34:28.6522811Z hint: Names commonly chosen instead of 'master' are 'main', 'trunk' and
host-bounds	Run actions/checkout@11d5960a326750d5838078e36cf38b85af677262	2026-09-19T22:34:28.6525927Z hint: 'development'. The just-created branch can be renamed via this command:
host-bounds	Run actions/checkout@11d5960a326750d5838078e36cf38b85af677262	2026-09-19T22:34:28.6528533Z hint:
host-bounds	Run actions/checkout@11d5960a326750d5838078e36cf38b85af677262	2026-09-19T22:34:28.6529826Z hint: 	git branch -m <name>
host-bounds	Run actions/checkout@11d5960a326750d5838078e36cf38b85af677262	2026-09-19T22:34:28.6531324Z hint:
host-bounds	Run actions/checkout@11d5960a326750d5838078e36cf38b85af677262	2026-09-19T22:34:28.6533460Z hint: Disable this message with "git config set advice.defaultBranchName false"
host-bounds	Run actions/checkout@11d5960a326750d5838078e36cf38b85af677262	2026-09-19T22:34:28.6536538Z Initialized empty Git repository in /home/runner/work/entrotter/entrotter/engine/.git/
host-bounds	Run actions/checkout@11d5960a326750d5838078e36cf38b85af677262	2026-09-19T22:34:28.6541683Z [command]/usr/bin/git remote add origin https://github.com/entrotter/engine
host-bounds	Run actions/checkout@11d5960a326750d5838078e36cf38b85af677262	2026-09-19T22:34:28.6883857Z ##[endgroup]
host-bounds	Run actions/checkout@11d5960a326750d5838078e36cf38b85af677262	2026-09-19T22:34:28.6893359Z ##[group]Disabling automatic garbage collection
host-bounds	Run actions/checkout@11d5960a326750d5838078e36cf38b85af677262	2026-09-19T22:34:28.6901219Z [command]/usr/bin/git config --local gc.auto 0
host-bounds	Run actions/checkout@11d5960a326750d5838078e36cf38b85af677262	2026-09-19T22:34:28.6942756Z ##[endgroup]
host-bounds	Run actions/checkout@11d5960a326750d5838078e36cf38b85af677262	2026-09-19T22:34:28.6945192Z ##[group]Setting up auth
host-bounds	Run actions/checkout@11d5960a326750d5838078e36cf38b85af677262	2026-09-19T22:34:28.6948122Z [command]/usr/bin/git config --local --name-only --get-regexp core\.sshCommand
host-bounds	Run actions/checkout@11d5960a326750d5838078e36cf38b85af677262	2026-09-19T22:34:28.7014022Z [command]/usr/bin/git submodule foreach --recursive sh -c "git config --local --name-only --get-regexp 'core\.sshCommand' && git config --local --unset-all 'core.sshCommand' || :"
host-bounds	Run actions/checkout@11d5960a326750d5838078e36cf38b85af677262	2026-09-19T22:34:28.7265575Z [command]/usr/bin/git config --local --name-only --get-regexp http\.https\:\/\/github\.com\/\.extraheader
host-bounds	Run actions/checkout@11d5960a326750d5838078e36cf38b85af677262	2026-09-19T22:34:28.7306238Z [command]/usr/bin/git submodule foreach --recursive sh -c "git config --local --name-only --get-regexp 'http\.https\:\/\/github\.com\/\.extraheader' && git config --local --unset-all 'http.https://github.com/.extraheader' || :"
host-bounds	Run actions/checkout@11d5960a326750d5838078e36cf38b85af677262	2026-09-19T22:34:28.7572549Z [command]/usr/bin/git config --local --name-only --get-regexp ^includeIf\.gitdir:
host-bounds	Run actions/checkout@11d5960a326750d5838078e36cf38b85af677262	2026-09-19T22:34:28.7613568Z [command]/usr/bin/git submodule foreach --recursive git config --local --show-origin --name-only --get-regexp remote.origin.url
host-bounds	Run actions/checkout@11d5960a326750d5838078e36cf38b85af677262	2026-09-19T22:34:28.7861674Z [command]/usr/bin/git config --local http.https://github.com/.extraheader AUTHORIZATION: basic ***
host-bounds	Run actions/checkout@11d5960a326750d5838078e36cf38b85af677262	2026-09-19T22:34:28.9458094Z ##[endgroup]
host-bounds	Run actions/checkout@11d5960a326750d5838078e36cf38b85af677262	2026-09-19T22:34:28.9460282Z ##[group]Fetching the repository
host-bounds	Run actions/checkout@11d5960a326750d5838078e36cf38b85af677262	2026-09-19T22:34:28.9462790Z [command]/usr/bin/git -c protocol.version=2 fetch --no-tags --prune --no-recurse-submodules --depth=1 origin 80e8ce2386812daa8f6150048f84ab316624cc0d
host-bounds	Run actions/checkout@11d5960a326750d5838078e36cf38b85af677262	2026-09-19T22:34:29.4859989Z From https://github.com/entrotter/engine
host-bounds	Run actions/checkout@11d5960a326750d5838078e36cf38b85af677262	2026-09-19T22:34:29.4860572Z  * branch            80e8ce2386812daa8f6150048f84ab316624cc0d -> FETCH_HEAD
host-bounds	Run actions/checkout@11d5960a326750d5838078e36cf38b85af677262	2026-09-19T22:34:29.4864441Z ##[endgroup]
host-bounds	Run actions/checkout@11d5960a326750d5838078e36cf38b85af677262	2026-09-19T22:34:29.4865138Z ##[group]Determining the checkout info
host-bounds	Run actions/checkout@11d5960a326750d5838078e36cf38b85af677262	2026-09-19T22:34:29.4867859Z ##[endgroup]
host-bounds	Run actions/checkout@11d5960a326750d5838078e36cf38b85af677262	2026-09-19T22:34:29.4875944Z [command]/usr/bin/git sparse-checkout disable
host-bounds	Run actions/checkout@11d5960a326750d5838078e36cf38b85af677262	2026-09-19T22:34:29.4922498Z [command]/usr/bin/git config --local --unset-all extensions.worktreeConfig
host-bounds	Run actions/checkout@11d5960a326750d5838078e36cf38b85af677262	2026-09-19T22:34:29.4963602Z ##[group]Checking out the ref
host-bounds	Run actions/checkout@11d5960a326750d5838078e36cf38b85af677262	2026-09-19T22:34:29.4968332Z [command]/usr/bin/git checkout --progress --force 80e8ce2386812daa8f6150048f84ab316624cc0d
host-bounds	Run actions/checkout@11d5960a326750d5838078e36cf38b85af677262	2026-09-19T22:34:29.5052363Z Note: switching to '80e8ce2386812daa8f6150048f84ab316624cc0d'.
host-bounds	Run actions/checkout@11d5960a326750d5838078e36cf38b85af677262	2026-09-19T22:34:29.5052855Z
host-bounds	Run actions/checkout@11d5960a326750d5838078e36cf38b85af677262	2026-09-19T22:34:29.5053169Z You are in 'detached HEAD' state. You can look around, make experimental
host-bounds	Run actions/checkout@11d5960a326750d5838078e36cf38b85af677262	2026-09-19T22:34:29.5053969Z changes and commit them, and you can discard any commits you make in this
host-bounds	Run actions/checkout@11d5960a326750d5838078e36cf38b85af677262	2026-09-19T22:34:29.5054789Z state without impacting any branches by switching back to a branch.
host-bounds	Run actions/checkout@11d5960a326750d5838078e36cf38b85af677262	2026-09-19T22:34:29.5055250Z
host-bounds	Run actions/checkout@11d5960a326750d5838078e36cf38b85af677262	2026-09-19T22:34:29.5055560Z If you want to create a new branch to retain commits you create, you may
host-bounds	Run actions/checkout@11d5960a326750d5838078e36cf38b85af677262	2026-09-19T22:34:29.5056348Z do so (now or later) by using -c with the switch command. Example:
host-bounds	Run actions/checkout@11d5960a326750d5838078e36cf38b85af677262	2026-09-19T22:34:29.5056758Z
host-bounds	Run actions/checkout@11d5960a326750d5838078e36cf38b85af677262	2026-09-19T22:34:29.5056943Z   git switch -c <new-branch-name>
host-bounds	Run actions/checkout@11d5960a326750d5838078e36cf38b85af677262	2026-09-19T22:34:29.5057227Z
host-bounds	Run actions/checkout@11d5960a326750d5838078e36cf38b85af677262	2026-09-19T22:34:29.5057386Z Or undo this operation with:
host-bounds	Run actions/checkout@11d5960a326750d5838078e36cf38b85af677262	2026-09-19T22:34:29.5058238Z
host-bounds	Run actions/checkout@11d5960a326750d5838078e36cf38b85af677262	2026-09-19T22:34:29.5058411Z   git switch -
host-bounds	Run actions/checkout@11d5960a326750d5838078e36cf38b85af677262	2026-09-19T22:34:29.5058645Z
host-bounds	Run actions/checkout@11d5960a326750d5838078e36cf38b85af677262	2026-09-19T22:34:29.5059277Z Turn off this advice by setting config variable advice.detachedHead to false
host-bounds	Run actions/checkout@11d5960a326750d5838078e36cf38b85af677262	2026-09-19T22:34:29.5059800Z
host-bounds	Run actions/checkout@11d5960a326750d5838078e36cf38b85af677262	2026-09-19T22:34:29.5060254Z HEAD is now at 80e8ce2 test: accept transport reset on deliberate request deadline abort
host-bounds	Run actions/checkout@11d5960a326750d5838078e36cf38b85af677262	2026-09-19T22:34:29.5067586Z ##[endgroup]
host-bounds	Run actions/checkout@11d5960a326750d5838078e36cf38b85af677262	2026-09-19T22:34:29.5105292Z [command]/usr/bin/git log -1 --format=%H
host-bounds	Run actions/checkout@11d5960a326750d5838078e36cf38b85af677262	2026-09-19T22:34:29.5133471Z 80e8ce2386812daa8f6150048f84ab316624cc0d
host-bounds	Run actions/checkout@11d5960a326750d5838078e36cf38b85af677262	﻿2026-09-19T22:34:29.5326495Z Node 20 is being deprecated. This workflow is running with Node 24 by default. If you need to temporarily use Node 20, you can set the ACTIONS_ALLOW_USE_UNSECURE_NODE_VERSION=true environment variable. For more information see: https://github.blog/changelog/2025-09-19-deprecation-of-node-20-on-github-actions-runners/
host-bounds	Run actions/checkout@11d5960a326750d5838078e36cf38b85af677262	2026-09-19T22:34:29.5328017Z ##[group]Run actions/checkout@11d5960a326750d5838078e36cf38b85af677262
host-bounds	Run actions/checkout@11d5960a326750d5838078e36cf38b85af677262	2026-09-19T22:34:29.5328380Z with:
host-bounds	Run actions/checkout@11d5960a326750d5838078e36cf38b85af677262	2026-09-19T22:34:29.5328609Z   repository: entrotter/sdk-python
host-bounds	Run actions/checkout@11d5960a326750d5838078e36cf38b85af677262	2026-09-19T22:34:29.5328940Z   ref: b0c2ba3bba411e548af44101ae06e879bd7b5dc0
host-bounds	Run actions/checkout@11d5960a326750d5838078e36cf38b85af677262	2026-09-19T22:34:29.5329259Z   path: sdk-python
host-bounds	Run actions/checkout@11d5960a326750d5838078e36cf38b85af677262	2026-09-19T22:34:29.5331537Z   token: ***
host-bounds	Run actions/checkout@11d5960a326750d5838078e36cf38b85af677262	2026-09-19T22:34:29.5331754Z   ssh-strict: true
host-bounds	Run actions/checkout@11d5960a326750d5838078e36cf38b85af677262	2026-09-19T22:34:29.5331970Z   ssh-user: git
host-bounds	Run actions/checkout@11d5960a326750d5838078e36cf38b85af677262	2026-09-19T22:34:29.5332196Z   persist-credentials: true
host-bounds	Run actions/checkout@11d5960a326750d5838078e36cf38b85af677262	2026-09-19T22:34:29.5332441Z   clean: true
host-bounds	Run actions/checkout@11d5960a326750d5838078e36cf38b85af677262	2026-09-19T22:34:29.5332671Z   sparse-checkout-cone-mode: true
host-bounds	Run actions/checkout@11d5960a326750d5838078e36cf38b85af677262	2026-09-19T22:34:29.5332931Z   fetch-depth: 1
host-bounds	Run actions/checkout@11d5960a326750d5838078e36cf38b85af677262	2026-09-19T22:34:29.5333146Z   fetch-tags: false
host-bounds	Run actions/checkout@11d5960a326750d5838078e36cf38b85af677262	2026-09-19T22:34:29.5333407Z   show-progress: true
host-bounds	Run actions/checkout@11d5960a326750d5838078e36cf38b85af677262	2026-09-19T22:34:29.5333631Z   lfs: false
host-bounds	Run actions/checkout@11d5960a326750d5838078e36cf38b85af677262	2026-09-19T22:34:29.5333837Z   submodules: false
host-bounds	Run actions/checkout@11d5960a326750d5838078e36cf38b85af677262	2026-09-19T22:34:29.5334063Z   set-safe-directory: true
host-bounds	Run actions/checkout@11d5960a326750d5838078e36cf38b85af677262	2026-09-19T22:34:29.5334321Z   allow-unsafe-pr-checkout: false
host-bounds	Run actions/checkout@11d5960a326750d5838078e36cf38b85af677262	2026-09-19T22:34:29.5334580Z ##[endgroup]
host-bounds	Run actions/checkout@11d5960a326750d5838078e36cf38b85af677262	2026-09-19T22:34:29.6194991Z Syncing repository: entrotter/sdk-python
host-bounds	Run actions/checkout@11d5960a326750d5838078e36cf38b85af677262	2026-09-19T22:34:29.6202202Z ##[group]Getting Git version info
host-bounds	Run actions/checkout@11d5960a326750d5838078e36cf38b85af677262	2026-09-19T22:34:29.6203162Z Working directory is '/home/runner/work/entrotter/entrotter/sdk-python'
host-bounds	Run actions/checkout@11d5960a326750d5838078e36cf38b85af677262	2026-09-19T22:34:29.6243732Z [command]/usr/bin/git version
host-bounds	Run actions/checkout@11d5960a326750d5838078e36cf38b85af677262	2026-09-19T22:34:29.6285963Z git version 2.55.0
host-bounds	Run actions/checkout@11d5960a326750d5838078e36cf38b85af677262	2026-09-19T22:34:29.6304947Z ##[endgroup]
host-bounds	Run actions/checkout@11d5960a326750d5838078e36cf38b85af677262	2026-09-19T22:34:29.6318297Z Temporarily overriding HOME='/home/runner/work/_temp/c2b84f39-7dfe-4d2c-803e-f92f75842540' before making global git config changes
host-bounds	Run actions/checkout@11d5960a326750d5838078e36cf38b85af677262	2026-09-19T22:34:29.6319631Z Adding repository directory to the temporary git global config as a safe directory
host-bounds	Run actions/checkout@11d5960a326750d5838078e36cf38b85af677262	2026-09-19T22:34:29.6323916Z [command]/usr/bin/git config --global --add safe.directory /home/runner/work/entrotter/entrotter/sdk-python
host-bounds	Run actions/checkout@11d5960a326750d5838078e36cf38b85af677262	2026-09-19T22:34:29.6358042Z ##[group]Initializing the repository
host-bounds	Run actions/checkout@11d5960a326750d5838078e36cf38b85af677262	2026-09-19T22:34:29.6378504Z [command]/usr/bin/git init /home/runner/work/entrotter/entrotter/sdk-python
host-bounds	Run actions/checkout@11d5960a326750d5838078e36cf38b85af677262	2026-09-19T22:34:29.6408381Z hint: Using 'master' as the name for the initial branch. This default branch name
host-bounds	Run actions/checkout@11d5960a326750d5838078e36cf38b85af677262	2026-09-19T22:34:29.6428804Z hint: will change to "main" in Git 3.0. To configure the initial branch name
host-bounds	Run actions/checkout@11d5960a326750d5838078e36cf38b85af677262	2026-09-19T22:34:29.6438716Z hint: to use in all of your new repositories, which will suppress this warning,
host-bounds	Run actions/checkout@11d5960a326750d5838078e36cf38b85af677262	2026-09-19T22:34:29.6468309Z hint: call:
host-bounds	Run actions/checkout@11d5960a326750d5838078e36cf38b85af677262	2026-09-19T22:34:29.6487444Z hint:
host-bounds	Run actions/checkout@11d5960a326750d5838078e36cf38b85af677262	2026-09-19T22:34:29.6488682Z hint: 	git config --global init.defaultBranch <name>
host-bounds	Run actions/checkout@11d5960a326750d5838078e36cf38b85af677262	2026-09-19T22:34:29.6489279Z hint:
host-bounds	Run actions/checkout@11d5960a326750d5838078e36cf38b85af677262	2026-09-19T22:34:29.6489790Z hint: Names commonly chosen instead of 'master' are 'main', 'trunk' and
host-bounds	Run actions/checkout@11d5960a326750d5838078e36cf38b85af677262	2026-09-19T22:34:29.6490585Z hint: 'development'. The just-created branch can be renamed via this command:
host-bounds	Run actions/checkout@11d5960a326750d5838078e36cf38b85af677262	2026-09-19T22:34:29.6491217Z hint:
host-bounds	Run actions/checkout@11d5960a326750d5838078e36cf38b85af677262	2026-09-19T22:34:29.6491601Z hint: 	git branch -m <name>
host-bounds	Run actions/checkout@11d5960a326750d5838078e36cf38b85af677262	2026-09-19T22:34:29.6491968Z hint:
host-bounds	Run actions/checkout@11d5960a326750d5838078e36cf38b85af677262	2026-09-19T22:34:29.6492479Z hint: Disable this message with "git config set advice.defaultBranchName false"
host-bounds	Run actions/checkout@11d5960a326750d5838078e36cf38b85af677262	2026-09-19T22:34:29.6493421Z Initialized empty Git repository in /home/runner/work/entrotter/entrotter/sdk-python/.git/
host-bounds	Run actions/checkout@11d5960a326750d5838078e36cf38b85af677262	2026-09-19T22:34:29.6495313Z [command]/usr/bin/git remote add origin https://github.com/entrotter/sdk-python
host-bounds	Run actions/checkout@11d5960a326750d5838078e36cf38b85af677262	2026-09-19T22:34:29.6496291Z ##[endgroup]
host-bounds	Run actions/checkout@11d5960a326750d5838078e36cf38b85af677262	2026-09-19T22:34:29.6496706Z ##[group]Disabling automatic garbage collection
host-bounds	Run actions/checkout@11d5960a326750d5838078e36cf38b85af677262	2026-09-19T22:34:29.6497333Z [command]/usr/bin/git config --local gc.auto 0
host-bounds	Run actions/checkout@11d5960a326750d5838078e36cf38b85af677262	2026-09-19T22:34:29.6524361Z ##[endgroup]
host-bounds	Run actions/checkout@11d5960a326750d5838078e36cf38b85af677262	2026-09-19T22:34:29.6525031Z ##[group]Setting up auth
host-bounds	Run actions/checkout@11d5960a326750d5838078e36cf38b85af677262	2026-09-19T22:34:29.6531437Z [command]/usr/bin/git config --local --name-only --get-regexp core\.sshCommand
host-bounds	Run actions/checkout@11d5960a326750d5838078e36cf38b85af677262	2026-09-19T22:34:29.6565549Z [command]/usr/bin/git submodule foreach --recursive sh -c "git config --local --name-only --get-regexp 'core\.sshCommand' && git config --local --unset-all 'core.sshCommand' || :"
host-bounds	Run actions/checkout@11d5960a326750d5838078e36cf38b85af677262	2026-09-19T22:34:29.6850488Z [command]/usr/bin/git config --local --name-only --get-regexp http\.https\:\/\/github\.com\/\.extraheader
host-bounds	Run actions/checkout@11d5960a326750d5838078e36cf38b85af677262	2026-09-19T22:34:29.6889567Z [command]/usr/bin/git submodule foreach --recursive sh -c "git config --local --name-only --get-regexp 'http\.https\:\/\/github\.com\/\.extraheader' && git config --local --unset-all 'http.https://github.com/.extraheader' || :"
host-bounds	Run actions/checkout@11d5960a326750d5838078e36cf38b85af677262	2026-09-19T22:34:29.7161676Z [command]/usr/bin/git config --local --name-only --get-regexp ^includeIf\.gitdir:
host-bounds	Run actions/checkout@11d5960a326750d5838078e36cf38b85af677262	2026-09-19T22:34:29.7202583Z [command]/usr/bin/git submodule foreach --recursive git config --local --show-origin --name-only --get-regexp remote.origin.url
host-bounds	Run actions/checkout@11d5960a326750d5838078e36cf38b85af677262	2026-09-19T22:34:29.7468605Z [command]/usr/bin/git config --local http.https://github.com/.extraheader AUTHORIZATION: basic ***
host-bounds	Run actions/checkout@11d5960a326750d5838078e36cf38b85af677262	2026-09-19T22:34:29.7511227Z ##[endgroup]
host-bounds	Run actions/checkout@11d5960a326750d5838078e36cf38b85af677262	2026-09-19T22:34:29.7511874Z ##[group]Fetching the repository
host-bounds	Run actions/checkout@11d5960a326750d5838078e36cf38b85af677262	2026-09-19T22:34:29.7522034Z [command]/usr/bin/git -c protocol.version=2 fetch --no-tags --prune --no-recurse-submodules --depth=1 origin b0c2ba3bba411e548af44101ae06e879bd7b5dc0
host-bounds	Run actions/checkout@11d5960a326750d5838078e36cf38b85af677262	2026-09-19T22:34:30.3714169Z From https://github.com/entrotter/sdk-python
host-bounds	Run actions/checkout@11d5960a326750d5838078e36cf38b85af677262	2026-09-19T22:34:30.3714954Z  * branch            b0c2ba3bba411e548af44101ae06e879bd7b5dc0 -> FETCH_HEAD
host-bounds	Run actions/checkout@11d5960a326750d5838078e36cf38b85af677262	2026-09-19T22:34:30.3719698Z ##[endgroup]
host-bounds	Run actions/checkout@11d5960a326750d5838078e36cf38b85af677262	2026-09-19T22:34:30.3720251Z ##[group]Determining the checkout info
host-bounds	Run actions/checkout@11d5960a326750d5838078e36cf38b85af677262	2026-09-19T22:34:30.3722707Z ##[endgroup]
host-bounds	Run actions/checkout@11d5960a326750d5838078e36cf38b85af677262	2026-09-19T22:34:30.3730316Z [command]/usr/bin/git sparse-checkout disable
host-bounds	Run actions/checkout@11d5960a326750d5838078e36cf38b85af677262	2026-09-19T22:34:30.3776298Z [command]/usr/bin/git config --local --unset-all extensions.worktreeConfig
host-bounds	Run actions/checkout@11d5960a326750d5838078e36cf38b85af677262	2026-09-19T22:34:30.3811403Z ##[group]Checking out the ref
host-bounds	Run actions/checkout@11d5960a326750d5838078e36cf38b85af677262	2026-09-19T22:34:30.3816080Z [command]/usr/bin/git checkout --progress --force b0c2ba3bba411e548af44101ae06e879bd7b5dc0
host-bounds	Run actions/checkout@11d5960a326750d5838078e36cf38b85af677262	2026-09-19T22:34:30.3872623Z Note: switching to 'b0c2ba3bba411e548af44101ae06e879bd7b5dc0'.
host-bounds	Run actions/checkout@11d5960a326750d5838078e36cf38b85af677262	2026-09-19T22:34:30.3873278Z
host-bounds	Run actions/checkout@11d5960a326750d5838078e36cf38b85af677262	2026-09-19T22:34:30.3873692Z You are in 'detached HEAD' state. You can look around, make experimental
host-bounds	Run actions/checkout@11d5960a326750d5838078e36cf38b85af677262	2026-09-19T22:34:30.3874505Z changes and commit them, and you can discard any commits you make in this
host-bounds	Run actions/checkout@11d5960a326750d5838078e36cf38b85af677262	2026-09-19T22:34:30.3875307Z state without impacting any branches by switching back to a branch.
host-bounds	Run actions/checkout@11d5960a326750d5838078e36cf38b85af677262	2026-09-19T22:34:30.3875775Z
host-bounds	Run actions/checkout@11d5960a326750d5838078e36cf38b85af677262	2026-09-19T22:34:30.3876078Z If you want to create a new branch to retain commits you create, you may
host-bounds	Run actions/checkout@11d5960a326750d5838078e36cf38b85af677262	2026-09-19T22:34:30.3876801Z do so (now or later) by using -c with the switch command. Example:
host-bounds	Run actions/checkout@11d5960a326750d5838078e36cf38b85af677262	2026-09-19T22:34:30.3877227Z
host-bounds	Run actions/checkout@11d5960a326750d5838078e36cf38b85af677262	2026-09-19T22:34:30.3877401Z   git switch -c <new-branch-name>
host-bounds	Run actions/checkout@11d5960a326750d5838078e36cf38b85af677262	2026-09-19T22:34:30.3877861Z
host-bounds	Run actions/checkout@11d5960a326750d5838078e36cf38b85af677262	2026-09-19T22:34:30.3878018Z Or undo this operation with:
host-bounds	Run actions/checkout@11d5960a326750d5838078e36cf38b85af677262	2026-09-19T22:34:30.3878298Z
host-bounds	Run actions/checkout@11d5960a326750d5838078e36cf38b85af677262	2026-09-19T22:34:30.3878424Z   git switch -
host-bounds	Run actions/checkout@11d5960a326750d5838078e36cf38b85af677262	2026-09-19T22:34:30.3878562Z
host-bounds	Run actions/checkout@11d5960a326750d5838078e36cf38b85af677262	2026-09-19T22:34:30.3878778Z Turn off this advice by setting config variable advice.detachedHead to false
host-bounds	Run actions/checkout@11d5960a326750d5838078e36cf38b85af677262	2026-09-19T22:34:30.3879082Z
host-bounds	Run actions/checkout@11d5960a326750d5838078e36cf38b85af677262	2026-09-19T22:34:30.3879284Z HEAD is now at b0c2ba3 ci: add typed SDK quality and audited build gates
host-bounds	Run actions/checkout@11d5960a326750d5838078e36cf38b85af677262	2026-09-19T22:34:30.3881917Z ##[endgroup]
host-bounds	Run actions/checkout@11d5960a326750d5838078e36cf38b85af677262	2026-09-19T22:34:30.3921965Z [command]/usr/bin/git log -1 --format=%H
host-bounds	Run actions/checkout@11d5960a326750d5838078e36cf38b85af677262	2026-09-19T22:34:30.3950711Z b0c2ba3bba411e548af44101ae06e879bd7b5dc0
host-bounds	Run actions/checkout@11d5960a326750d5838078e36cf38b85af677262	﻿2026-09-19T22:34:30.4122642Z Node 20 is being deprecated. This workflow is running with Node 24 by default. If you need to temporarily use Node 20, you can set the ACTIONS_ALLOW_USE_UNSECURE_NODE_VERSION=true environment variable. For more information see: https://github.blog/changelog/2025-09-19-deprecation-of-node-20-on-github-actions-runners/
host-bounds	Run actions/checkout@11d5960a326750d5838078e36cf38b85af677262	2026-09-19T22:34:30.4123908Z ##[group]Run actions/checkout@11d5960a326750d5838078e36cf38b85af677262
host-bounds	Run actions/checkout@11d5960a326750d5838078e36cf38b85af677262	2026-09-19T22:34:30.4124258Z with:
host-bounds	Run actions/checkout@11d5960a326750d5838078e36cf38b85af677262	2026-09-19T22:34:30.4124679Z   repository: entrotter/cli
host-bounds	Run actions/checkout@11d5960a326750d5838078e36cf38b85af677262	2026-09-19T22:34:30.4124958Z   ref: aba6a6147b2b4b96facf758f9b95b63d8e6b5952
host-bounds	Run actions/checkout@11d5960a326750d5838078e36cf38b85af677262	2026-09-19T22:34:30.4125247Z   path: cli
host-bounds	Run actions/checkout@11d5960a326750d5838078e36cf38b85af677262	2026-09-19T22:34:30.4127505Z   token: ***
host-bounds	Run actions/checkout@11d5960a326750d5838078e36cf38b85af677262	2026-09-19T22:34:30.4127964Z   ssh-strict: true
host-bounds	Run actions/checkout@11d5960a326750d5838078e36cf38b85af677262	2026-09-19T22:34:30.4128185Z   ssh-user: git
host-bounds	Run actions/checkout@11d5960a326750d5838078e36cf38b85af677262	2026-09-19T22:34:30.4128407Z   persist-credentials: true
host-bounds	Run actions/checkout@11d5960a326750d5838078e36cf38b85af677262	2026-09-19T22:34:30.4128652Z   clean: true
host-bounds	Run actions/checkout@11d5960a326750d5838078e36cf38b85af677262	2026-09-19T22:34:30.4128876Z   sparse-checkout-cone-mode: true
host-bounds	Run actions/checkout@11d5960a326750d5838078e36cf38b85af677262	2026-09-19T22:34:30.4129149Z   fetch-depth: 1
host-bounds	Run actions/checkout@11d5960a326750d5838078e36cf38b85af677262	2026-09-19T22:34:30.4129361Z   fetch-tags: false
host-bounds	Run actions/checkout@11d5960a326750d5838078e36cf38b85af677262	2026-09-19T22:34:30.4129618Z   show-progress: true
host-bounds	Run actions/checkout@11d5960a326750d5838078e36cf38b85af677262	2026-09-19T22:34:30.4129837Z   lfs: false
host-bounds	Run actions/checkout@11d5960a326750d5838078e36cf38b85af677262	2026-09-19T22:34:30.4130037Z   submodules: false
host-bounds	Run actions/checkout@11d5960a326750d5838078e36cf38b85af677262	2026-09-19T22:34:30.4130256Z   set-safe-directory: true
host-bounds	Run actions/checkout@11d5960a326750d5838078e36cf38b85af677262	2026-09-19T22:34:30.4130513Z   allow-unsafe-pr-checkout: false
host-bounds	Run actions/checkout@11d5960a326750d5838078e36cf38b85af677262	2026-09-19T22:34:30.4130768Z ##[endgroup]
host-bounds	Run actions/checkout@11d5960a326750d5838078e36cf38b85af677262	2026-09-19T22:34:30.4975520Z Syncing repository: entrotter/cli
host-bounds	Run actions/checkout@11d5960a326750d5838078e36cf38b85af677262	2026-09-19T22:34:30.4976836Z ##[group]Getting Git version info
host-bounds	Run actions/checkout@11d5960a326750d5838078e36cf38b85af677262	2026-09-19T22:34:30.4980455Z Working directory is '/home/runner/work/entrotter/entrotter/cli'
host-bounds	Run actions/checkout@11d5960a326750d5838078e36cf38b85af677262	2026-09-19T22:34:30.5017215Z [command]/usr/bin/git version
host-bounds	Run actions/checkout@11d5960a326750d5838078e36cf38b85af677262	2026-09-19T22:34:30.5060252Z git version 2.55.0
host-bounds	Run actions/checkout@11d5960a326750d5838078e36cf38b85af677262	2026-09-19T22:34:30.5079974Z ##[endgroup]
host-bounds	Run actions/checkout@11d5960a326750d5838078e36cf38b85af677262	2026-09-19T22:34:30.5094234Z Temporarily overriding HOME='/home/runner/work/_temp/13790ea3-ec24-4f14-9579-67dc0fc70fe3' before making global git config changes
host-bounds	Run actions/checkout@11d5960a326750d5838078e36cf38b85af677262	2026-09-19T22:34:30.5095598Z Adding repository directory to the temporary git global config as a safe directory
host-bounds	Run actions/checkout@11d5960a326750d5838078e36cf38b85af677262	2026-09-19T22:34:30.5099679Z [command]/usr/bin/git config --global --add safe.directory /home/runner/work/entrotter/entrotter/cli
host-bounds	Run actions/checkout@11d5960a326750d5838078e36cf38b85af677262	2026-09-19T22:34:30.5135412Z ##[group]Initializing the repository
host-bounds	Run actions/checkout@11d5960a326750d5838078e36cf38b85af677262	2026-09-19T22:34:30.5142461Z [command]/usr/bin/git init /home/runner/work/entrotter/entrotter/cli
host-bounds	Run actions/checkout@11d5960a326750d5838078e36cf38b85af677262	2026-09-19T22:34:30.5184939Z hint: Using 'master' as the name for the initial branch. This default branch name
host-bounds	Run actions/checkout@11d5960a326750d5838078e36cf38b85af677262	2026-09-19T22:34:30.5187040Z hint: will change to "main" in Git 3.0. To configure the initial branch name
host-bounds	Run actions/checkout@11d5960a326750d5838078e36cf38b85af677262	2026-09-19T22:34:30.5187976Z hint: to use in all of your new repositories, which will suppress this warning,
host-bounds	Run actions/checkout@11d5960a326750d5838078e36cf38b85af677262	2026-09-19T22:34:30.5188637Z hint: call:
host-bounds	Run actions/checkout@11d5960a326750d5838078e36cf38b85af677262	2026-09-19T22:34:30.5188932Z hint:
host-bounds	Run actions/checkout@11d5960a326750d5838078e36cf38b85af677262	2026-09-19T22:34:30.5189305Z hint: 	git config --global init.defaultBranch <name>
host-bounds	Run actions/checkout@11d5960a326750d5838078e36cf38b85af677262	2026-09-19T22:34:30.5189780Z hint:
host-bounds	Run actions/checkout@11d5960a326750d5838078e36cf38b85af677262	2026-09-19T22:34:30.5190224Z hint: Names commonly chosen instead of 'master' are 'main', 'trunk' and
host-bounds	Run actions/checkout@11d5960a326750d5838078e36cf38b85af677262	2026-09-19T22:34:30.5190993Z hint: 'development'. The just-created branch can be renamed via this command:
host-bounds	Run actions/checkout@11d5960a326750d5838078e36cf38b85af677262	2026-09-19T22:34:30.5191590Z hint:
host-bounds	Run actions/checkout@11d5960a326750d5838078e36cf38b85af677262	2026-09-19T22:34:30.5191886Z hint: 	git branch -m <name>
host-bounds	Run actions/checkout@11d5960a326750d5838078e36cf38b85af677262	2026-09-19T22:34:30.5192305Z hint:
host-bounds	Run actions/checkout@11d5960a326750d5838078e36cf38b85af677262	2026-09-19T22:34:30.5193128Z hint: Disable this message with "git config set advice.defaultBranchName false"
host-bounds	Run actions/checkout@11d5960a326750d5838078e36cf38b85af677262	2026-09-19T22:34:30.5194115Z Initialized empty Git repository in /home/runner/work/entrotter/entrotter/cli/.git/
host-bounds	Run actions/checkout@11d5960a326750d5838078e36cf38b85af677262	2026-09-19T22:34:30.5197534Z [command]/usr/bin/git remote add origin https://github.com/entrotter/cli
host-bounds	Run actions/checkout@11d5960a326750d5838078e36cf38b85af677262	2026-09-19T22:34:30.5232468Z ##[endgroup]
host-bounds	Run actions/checkout@11d5960a326750d5838078e36cf38b85af677262	2026-09-19T22:34:30.5233170Z ##[group]Disabling automatic garbage collection
host-bounds	Run actions/checkout@11d5960a326750d5838078e36cf38b85af677262	2026-09-19T22:34:30.5236996Z [command]/usr/bin/git config --local gc.auto 0
host-bounds	Run actions/checkout@11d5960a326750d5838078e36cf38b85af677262	2026-09-19T22:34:30.5268441Z ##[endgroup]
host-bounds	Run actions/checkout@11d5960a326750d5838078e36cf38b85af677262	2026-09-19T22:34:30.5269011Z ##[group]Setting up auth
host-bounds	Run actions/checkout@11d5960a326750d5838078e36cf38b85af677262	2026-09-19T22:34:30.5275743Z [command]/usr/bin/git config --local --name-only --get-regexp core\.sshCommand
host-bounds	Run actions/checkout@11d5960a326750d5838078e36cf38b85af677262	2026-09-19T22:34:30.5316972Z [command]/usr/bin/git submodule foreach --recursive sh -c "git config --local --name-only --get-regexp 'core\.sshCommand' && git config --local --unset-all 'core.sshCommand' || :"
host-bounds	Run actions/checkout@11d5960a326750d5838078e36cf38b85af677262	2026-09-19T22:34:30.5580400Z [command]/usr/bin/git config --local --name-only --get-regexp http\.https\:\/\/github\.com\/\.extraheader
host-bounds	Run actions/checkout@11d5960a326750d5838078e36cf38b85af677262	2026-09-19T22:34:30.5624081Z [command]/usr/bin/git submodule foreach --recursive sh -c "git config --local --name-only --get-regexp 'http\.https\:\/\/github\.com\/\.extraheader' && git config --local --unset-all 'http.https://github.com/.extraheader' || :"
host-bounds	Run actions/checkout@11d5960a326750d5838078e36cf38b85af677262	2026-09-19T22:34:30.5894678Z [command]/usr/bin/git config --local --name-only --get-regexp ^includeIf\.gitdir:
host-bounds	Run actions/checkout@11d5960a326750d5838078e36cf38b85af677262	2026-09-19T22:34:30.5935936Z [command]/usr/bin/git submodule foreach --recursive git config --local --show-origin --name-only --get-regexp remote.origin.url
host-bounds	Run actions/checkout@11d5960a326750d5838078e36cf38b85af677262	2026-09-19T22:34:30.6203471Z [command]/usr/bin/git config --local http.https://github.com/.extraheader AUTHORIZATION: basic ***
host-bounds	Run actions/checkout@11d5960a326750d5838078e36cf38b85af677262	2026-09-19T22:34:30.6245313Z ##[endgroup]
host-bounds	Run actions/checkout@11d5960a326750d5838078e36cf38b85af677262	2026-09-19T22:34:30.6245747Z ##[group]Fetching the repository
host-bounds	Run actions/checkout@11d5960a326750d5838078e36cf38b85af677262	2026-09-19T22:34:30.6256378Z [command]/usr/bin/git -c protocol.version=2 fetch --no-tags --prune --no-recurse-submodules --depth=1 origin aba6a6147b2b4b96facf758f9b95b63d8e6b5952
host-bounds	Run actions/checkout@11d5960a326750d5838078e36cf38b85af677262	2026-09-19T22:34:31.1673753Z From https://github.com/entrotter/cli
host-bounds	Run actions/checkout@11d5960a326750d5838078e36cf38b85af677262	2026-09-19T22:34:31.1674486Z  * branch            aba6a6147b2b4b96facf758f9b95b63d8e6b5952 -> FETCH_HEAD
host-bounds	Run actions/checkout@11d5960a326750d5838078e36cf38b85af677262	2026-09-19T22:34:31.1679085Z ##[endgroup]
host-bounds	Run actions/checkout@11d5960a326750d5838078e36cf38b85af677262	2026-09-19T22:34:31.1679688Z ##[group]Determining the checkout info
host-bounds	Run actions/checkout@11d5960a326750d5838078e36cf38b85af677262	2026-09-19T22:34:31.1682748Z ##[endgroup]
host-bounds	Run actions/checkout@11d5960a326750d5838078e36cf38b85af677262	2026-09-19T22:34:31.1689266Z [command]/usr/bin/git sparse-checkout disable
host-bounds	Run actions/checkout@11d5960a326750d5838078e36cf38b85af677262	2026-09-19T22:34:31.1734651Z [command]/usr/bin/git config --local --unset-all extensions.worktreeConfig
host-bounds	Run actions/checkout@11d5960a326750d5838078e36cf38b85af677262	2026-09-19T22:34:31.1776664Z ##[group]Checking out the ref
host-bounds	Run actions/checkout@11d5960a326750d5838078e36cf38b85af677262	2026-09-19T22:34:31.1781373Z [command]/usr/bin/git checkout --progress --force aba6a6147b2b4b96facf758f9b95b63d8e6b5952
host-bounds	Run actions/checkout@11d5960a326750d5838078e36cf38b85af677262	2026-09-19T22:34:31.1841748Z Note: switching to 'aba6a6147b2b4b96facf758f9b95b63d8e6b5952'.
host-bounds	Run actions/checkout@11d5960a326750d5838078e36cf38b85af677262	2026-09-19T22:34:31.1842211Z
host-bounds	Run actions/checkout@11d5960a326750d5838078e36cf38b85af677262	2026-09-19T22:34:31.1842434Z You are in 'detached HEAD' state. You can look around, make experimental
host-bounds	Run actions/checkout@11d5960a326750d5838078e36cf38b85af677262	2026-09-19T22:34:31.1842916Z changes and commit them, and you can discard any commits you make in this
host-bounds	Run actions/checkout@11d5960a326750d5838078e36cf38b85af677262	2026-09-19T22:34:31.1843418Z state without impacting any branches by switching back to a branch.
host-bounds	Run actions/checkout@11d5960a326750d5838078e36cf38b85af677262	2026-09-19T22:34:31.1843694Z
host-bounds	Run actions/checkout@11d5960a326750d5838078e36cf38b85af677262	2026-09-19T22:34:31.1843876Z If you want to create a new branch to retain commits you create, you may
host-bounds	Run actions/checkout@11d5960a326750d5838078e36cf38b85af677262	2026-09-19T22:34:31.1844308Z do so (now or later) by using -c with the switch command. Example:
host-bounds	Run actions/checkout@11d5960a326750d5838078e36cf38b85af677262	2026-09-19T22:34:31.1844566Z
host-bounds	Run actions/checkout@11d5960a326750d5838078e36cf38b85af677262	2026-09-19T22:34:31.1844674Z   git switch -c <new-branch-name>
host-bounds	Run actions/checkout@11d5960a326750d5838078e36cf38b85af677262	2026-09-19T22:34:31.1844848Z
host-bounds	Run actions/checkout@11d5960a326750d5838078e36cf38b85af677262	2026-09-19T22:34:31.1844958Z Or undo this operation with:
host-bounds	Run actions/checkout@11d5960a326750d5838078e36cf38b85af677262	2026-09-19T22:34:31.1845133Z
host-bounds	Run actions/checkout@11d5960a326750d5838078e36cf38b85af677262	2026-09-19T22:34:31.1845227Z   git switch -
host-bounds	Run actions/checkout@11d5960a326750d5838078e36cf38b85af677262	2026-09-19T22:34:31.1845347Z
host-bounds	Run actions/checkout@11d5960a326750d5838078e36cf38b85af677262	2026-09-19T22:34:31.1845565Z Turn off this advice by setting config variable advice.detachedHead to false
host-bounds	Run actions/checkout@11d5960a326750d5838078e36cf38b85af677262	2026-09-19T22:34:31.1845929Z
host-bounds	Run actions/checkout@11d5960a326750d5838078e36cf38b85af677262	2026-09-19T22:34:31.1846445Z HEAD is now at aba6a61 test: reject malformed hashed modes through the CLI boundary
host-bounds	Run actions/checkout@11d5960a326750d5838078e36cf38b85af677262	2026-09-19T22:34:31.1849821Z ##[endgroup]
host-bounds	Run actions/checkout@11d5960a326750d5838078e36cf38b85af677262	2026-09-19T22:34:31.1893056Z [command]/usr/bin/git log -1 --format=%H
host-bounds	Run actions/checkout@11d5960a326750d5838078e36cf38b85af677262	2026-09-19T22:34:31.1921072Z aba6a6147b2b4b96facf758f9b95b63d8e6b5952
host-bounds	Run actions/setup-python@a26af69be951a213d495a4c3e4e4022e16d87065	﻿2026-09-19T22:34:31.2098034Z Node 20 is being deprecated. This workflow is running with Node 24 by default. If you need to temporarily use Node 20, you can set the ACTIONS_ALLOW_USE_UNSECURE_NODE_VERSION=true environment variable. For more information see: https://github.blog/changelog/2025-09-19-deprecation-of-node-20-on-github-actions-runners/
host-bounds	Run actions/setup-python@a26af69be951a213d495a4c3e4e4022e16d87065	2026-09-19T22:34:31.2099375Z ##[group]Run actions/setup-python@a26af69be951a213d495a4c3e4e4022e16d87065
host-bounds	Run actions/setup-python@a26af69be951a213d495a4c3e4e4022e16d87065	2026-09-19T22:34:31.2099756Z with:
host-bounds	Run actions/setup-python@a26af69be951a213d495a4c3e4e4022e16d87065	2026-09-19T22:34:31.2099977Z   python-version: 3.12
host-bounds	Run actions/setup-python@a26af69be951a213d495a4c3e4e4022e16d87065	2026-09-19T22:34:31.2100214Z   check-latest: false
host-bounds	Run actions/setup-python@a26af69be951a213d495a4c3e4e4022e16d87065	2026-09-19T22:34:31.2102454Z   token: ***
host-bounds	Run actions/setup-python@a26af69be951a213d495a4c3e4e4022e16d87065	2026-09-19T22:34:31.2102672Z   update-environment: true
host-bounds	Run actions/setup-python@a26af69be951a213d495a4c3e4e4022e16d87065	2026-09-19T22:34:31.2102922Z   allow-prereleases: false
host-bounds	Run actions/setup-python@a26af69be951a213d495a4c3e4e4022e16d87065	2026-09-19T22:34:31.2103155Z   freethreaded: false
host-bounds	Run actions/setup-python@a26af69be951a213d495a4c3e4e4022e16d87065	2026-09-19T22:34:31.2103375Z ##[endgroup]
host-bounds	Run actions/setup-python@a26af69be951a213d495a4c3e4e4022e16d87065	2026-09-19T22:34:31.3414858Z ##[group]Installed versions
host-bounds	Run actions/setup-python@a26af69be951a213d495a4c3e4e4022e16d87065	2026-09-19T22:34:31.3491984Z (node:2583) [DEP0040] DeprecationWarning: The `punycode` module is deprecated. Please use a userland alternative instead.
host-bounds	Run actions/setup-python@a26af69be951a213d495a4c3e4e4022e16d87065	2026-09-19T22:34:31.3492983Z (Use `node --trace-deprecation ...` to show where the warning was created)
host-bounds	Run actions/setup-python@a26af69be951a213d495a4c3e4e4022e16d87065	2026-09-19T22:34:31.3493639Z Successfully set up CPython (3.12.14)
host-bounds	Run actions/setup-python@a26af69be951a213d495a4c3e4e4022e16d87065	2026-09-19T22:34:31.3494176Z ##[endgroup]
host-bounds	Run foundry-rs/foundry-toolchain@908c540300062bd5a7e473851cdb4282204cee09	﻿2026-09-19T22:34:31.3692769Z ##[group]Run foundry-rs/foundry-toolchain@908c540300062bd5a7e473851cdb4282204cee09
host-bounds	Run foundry-rs/foundry-toolchain@908c540300062bd5a7e473851cdb4282204cee09	2026-09-19T22:34:31.3693432Z with:
host-bounds	Run foundry-rs/foundry-toolchain@908c540300062bd5a7e473851cdb4282204cee09	2026-09-19T22:34:31.3693760Z   version: v1.8.3
host-bounds	Run foundry-rs/foundry-toolchain@908c540300062bd5a7e473851cdb4282204cee09	2026-09-19T22:34:31.3694193Z   network: ethereum
host-bounds	Run foundry-rs/foundry-toolchain@908c540300062bd5a7e473851cdb4282204cee09	2026-09-19T22:34:31.3694774Z   cache: true
host-bounds	Run foundry-rs/foundry-toolchain@908c540300062bd5a7e473851cdb4282204cee09	2026-09-19T22:34:31.3695198Z   cache-key: host-bounds-459e4d8be28ca14e021bd769b64860c4af1e13e8
host-bounds	Run foundry-rs/foundry-toolchain@908c540300062bd5a7e473851cdb4282204cee09	2026-09-19T22:34:31.3695753Z   cache-restore-keys: host-bounds-
host-bounds	Run foundry-rs/foundry-toolchain@908c540300062bd5a7e473851cdb4282204cee09	2026-09-19T22:34:31.3696126Z env:
host-bounds	Run foundry-rs/foundry-toolchain@908c540300062bd5a7e473851cdb4282204cee09	2026-09-19T22:34:31.3696484Z   pythonLocation: /opt/hostedtoolcache/Python/3.12.14/x64
host-bounds	Run foundry-rs/foundry-toolchain@908c540300062bd5a7e473851cdb4282204cee09	2026-09-19T22:34:31.3697163Z   PKG_CONFIG_PATH: /opt/hostedtoolcache/Python/3.12.14/x64/lib/pkgconfig
host-bounds	Run foundry-rs/foundry-toolchain@908c540300062bd5a7e473851cdb4282204cee09	2026-09-19T22:34:31.3697897Z   Python_ROOT_DIR: /opt/hostedtoolcache/Python/3.12.14/x64
host-bounds	Run foundry-rs/foundry-toolchain@908c540300062bd5a7e473851cdb4282204cee09	2026-09-19T22:34:31.3698508Z   Python2_ROOT_DIR: /opt/hostedtoolcache/Python/3.12.14/x64
host-bounds	Run foundry-rs/foundry-toolchain@908c540300062bd5a7e473851cdb4282204cee09	2026-09-19T22:34:31.3699016Z   Python3_ROOT_DIR: /opt/hostedtoolcache/Python/3.12.14/x64
host-bounds	Run foundry-rs/foundry-toolchain@908c540300062bd5a7e473851cdb4282204cee09	2026-09-19T22:34:31.3699497Z   LD_LIBRARY_PATH: /opt/hostedtoolcache/Python/3.12.14/x64/lib
host-bounds	Run foundry-rs/foundry-toolchain@908c540300062bd5a7e473851cdb4282204cee09	2026-09-19T22:34:31.3700161Z ##[endgroup]
host-bounds	Run foundry-rs/foundry-toolchain@908c540300062bd5a7e473851cdb4282204cee09	2026-09-19T22:34:31.4989327Z Installing Foundry (version: v1.8.3)
host-bounds	Run foundry-rs/foundry-toolchain@908c540300062bd5a7e473851cdb4282204cee09	2026-09-19T22:34:31.4992158Z Downloading foundryup installer from foundry-rs/foundryup@a27902ef04dcb43061fabf343365cb5afc95fc48...
host-bounds	Run foundry-rs/foundry-toolchain@908c540300062bd5a7e473851cdb4282204cee09	2026-09-19T22:34:31.5690768Z Running foundryup installer...
host-bounds	Run foundry-rs/foundry-toolchain@908c540300062bd5a7e473851cdb4282204cee09	2026-09-19T22:34:32.2665015Z Running: foundryup --install 1.8.3
host-bounds	Run foundry-rs/foundry-toolchain@908c540300062bd5a7e473851cdb4282204cee09	2026-09-19T22:34:34.8975082Z Added /home/runner/.foundry/bin to PATH
host-bounds	Run foundry-rs/foundry-toolchain@908c540300062bd5a7e473851cdb4282204cee09	2026-09-19T22:34:34.8976222Z Primary key: linux-foundry-chain-fork-host-bounds-459e4d8be28ca14e021bd769b64860c4af1e13e8
host-bounds	Run foundry-rs/foundry-toolchain@908c540300062bd5a7e473851cdb4282204cee09	2026-09-19T22:34:34.8983365Z Restore keys: linux-foundry-chain-fork-host-bounds-
host-bounds	Run foundry-rs/foundry-toolchain@908c540300062bd5a7e473851cdb4282204cee09	2026-09-19T22:34:35.0309226Z Cache not found
host-bounds	Run foundry-rs/foundry-toolchain@908c540300062bd5a7e473851cdb4282204cee09	2026-09-19T22:34:35.0309641Z Running: forge --version
host-bounds	Run foundry-rs/foundry-toolchain@908c540300062bd5a7e473851cdb4282204cee09	2026-09-19T22:34:35.0373694Z forge Version: 1.8.3
host-bounds	Run foundry-rs/foundry-toolchain@908c540300062bd5a7e473851cdb4282204cee09	2026-09-19T22:34:35.0374069Z Commit SHA: cae51ad458f6abb64852b7709eb784352429825d
host-bounds	Run foundry-rs/foundry-toolchain@908c540300062bd5a7e473851cdb4282204cee09	2026-09-19T22:34:35.0374476Z Build Timestamp: 2026-09-15T10:46:16.519267388Z (1789469176)
host-bounds	Run foundry-rs/foundry-toolchain@908c540300062bd5a7e473851cdb4282204cee09	2026-09-19T22:34:35.0374805Z Build Profile: dist
host-bounds	Run foundry-rs/foundry-toolchain@908c540300062bd5a7e473851cdb4282204cee09	2026-09-19T22:34:35.0379781Z Running: cast --version
host-bounds	Run foundry-rs/foundry-toolchain@908c540300062bd5a7e473851cdb4282204cee09	2026-09-19T22:34:35.0461931Z cast Version: 1.8.3
host-bounds	Run foundry-rs/foundry-toolchain@908c540300062bd5a7e473851cdb4282204cee09	2026-09-19T22:34:35.0462266Z Commit SHA: cae51ad458f6abb64852b7709eb784352429825d
host-bounds	Run foundry-rs/foundry-toolchain@908c540300062bd5a7e473851cdb4282204cee09	2026-09-19T22:34:35.0462664Z Build Timestamp: 2026-09-15T10:46:16.519267388Z (1789469176)
host-bounds	Run foundry-rs/foundry-toolchain@908c540300062bd5a7e473851cdb4282204cee09	2026-09-19T22:34:35.0463014Z Build Profile: dist
host-bounds	Run foundry-rs/foundry-toolchain@908c540300062bd5a7e473851cdb4282204cee09	2026-09-19T22:34:35.0469083Z Running: anvil --version
host-bounds	Run foundry-rs/foundry-toolchain@908c540300062bd5a7e473851cdb4282204cee09	2026-09-19T22:34:35.0511969Z anvil Version: 1.8.3
host-bounds	Run foundry-rs/foundry-toolchain@908c540300062bd5a7e473851cdb4282204cee09	2026-09-19T22:34:35.0512432Z Commit SHA: cae51ad458f6abb64852b7709eb784352429825d
host-bounds	Run foundry-rs/foundry-toolchain@908c540300062bd5a7e473851cdb4282204cee09	2026-09-19T22:34:35.0513050Z Build Timestamp: 2026-09-15T10:46:16.519267388Z (1789469176)
host-bounds	Run foundry-rs/foundry-toolchain@908c540300062bd5a7e473851cdb4282204cee09	2026-09-19T22:34:35.0513580Z Build Profile: dist
host-bounds	Run foundry-rs/foundry-toolchain@908c540300062bd5a7e473851cdb4282204cee09	2026-09-19T22:34:35.0516484Z Running: chisel --version
host-bounds	Run foundry-rs/foundry-toolchain@908c540300062bd5a7e473851cdb4282204cee09	2026-09-19T22:34:35.0557154Z chisel Version: 1.8.3
host-bounds	Run foundry-rs/foundry-toolchain@908c540300062bd5a7e473851cdb4282204cee09	2026-09-19T22:34:35.0557800Z Commit SHA: cae51ad458f6abb64852b7709eb784352429825d
host-bounds	Run foundry-rs/foundry-toolchain@908c540300062bd5a7e473851cdb4282204cee09	2026-09-19T22:34:35.0558427Z Build Timestamp: 2026-09-15T10:46:16.519267388Z (1789469176)
host-bounds	Run foundry-rs/foundry-toolchain@908c540300062bd5a7e473851cdb4282204cee09	2026-09-19T22:34:35.0558968Z Build Profile: dist
host-bounds	Verify CLI-SDK-API success, quota errors and connection recovery	﻿2026-09-19T22:34:35.0690903Z ##[group]Run PYTHONPATH=engine/src:sdk-python/src:cli/src python entrotter/scripts/check_host_limits.py --output entrotter/evidence/host-limits-ci.json
host-bounds	Verify CLI-SDK-API success, quota errors and connection recovery	2026-09-19T22:34:35.0692066Z [36;1mPYTHONPATH=engine/src:sdk-python/src:cli/src python entrotter/scripts/check_host_limits.py --output entrotter/evidence/host-limits-ci.json[0m
host-bounds	Verify CLI-SDK-API success, quota errors and connection recovery	2026-09-19T22:34:35.0742969Z shell: /usr/bin/bash -e {0}
host-bounds	Verify CLI-SDK-API success, quota errors and connection recovery	2026-09-19T22:34:35.0743253Z env:
host-bounds	Verify CLI-SDK-API success, quota errors and connection recovery	2026-09-19T22:34:35.0743536Z   pythonLocation: /opt/hostedtoolcache/Python/3.12.14/x64
host-bounds	Verify CLI-SDK-API success, quota errors and connection recovery	2026-09-19T22:34:35.0744003Z   PKG_CONFIG_PATH: /opt/hostedtoolcache/Python/3.12.14/x64/lib/pkgconfig
host-bounds	Verify CLI-SDK-API success, quota errors and connection recovery	2026-09-19T22:34:35.0744460Z   Python_ROOT_DIR: /opt/hostedtoolcache/Python/3.12.14/x64
host-bounds	Verify CLI-SDK-API success, quota errors and connection recovery	2026-09-19T22:34:35.0744843Z   Python2_ROOT_DIR: /opt/hostedtoolcache/Python/3.12.14/x64
host-bounds	Verify CLI-SDK-API success, quota errors and connection recovery	2026-09-19T22:34:35.0745226Z   Python3_ROOT_DIR: /opt/hostedtoolcache/Python/3.12.14/x64
host-bounds	Verify CLI-SDK-API success, quota errors and connection recovery	2026-09-19T22:34:35.0745604Z   LD_LIBRARY_PATH: /opt/hostedtoolcache/Python/3.12.14/x64/lib
host-bounds	Verify CLI-SDK-API success, quota errors and connection recovery	2026-09-19T22:34:35.0745927Z ##[endgroup]
host-bounds	Verify CLI-SDK-API success, quota errors and connection recovery	2026-09-19T22:34:38.0971564Z {
host-bounds	Verify CLI-SDK-API success, quota errors and connection recovery	2026-09-19T22:34:38.0972016Z   "status": "passed",
host-bounds	Verify CLI-SDK-API success, quota errors and connection recovery	2026-09-19T22:34:38.0972546Z   "kind": "integration verification, not a performance benchmark",
host-bounds	Verify CLI-SDK-API success, quota errors and connection recovery	2026-09-19T22:34:38.0973075Z   "tested_commits": {
host-bounds	Verify CLI-SDK-API success, quota errors and connection recovery	2026-09-19T22:34:38.0973357Z     "engine": "80e8ce2386812daa8f6150048f84ab316624cc0d",
host-bounds	Verify CLI-SDK-API success, quota errors and connection recovery	2026-09-19T22:34:38.0974033Z     "sdk-python": "b0c2ba3bba411e548af44101ae06e879bd7b5dc0",
host-bounds	Verify CLI-SDK-API success, quota errors and connection recovery	2026-09-19T22:34:38.0974415Z     "cli": "aba6a6147b2b4b96facf758f9b95b63d8e6b5952"
host-bounds	Verify CLI-SDK-API success, quota errors and connection recovery	2026-09-19T22:34:38.0974700Z   },
host-bounds	Verify CLI-SDK-API success, quota errors and connection recovery	2026-09-19T22:34:38.0975059Z   "checker_sha256": "7bc0fa1055c7d332edbfa7f14928ef29dbe183fc5f7d9b2b7ff56edc35a3174c",
host-bounds	Verify CLI-SDK-API success, quota errors and connection recovery	2026-09-19T22:34:38.0975498Z   "default_worker": null,
host-bounds	Verify CLI-SDK-API success, quota errors and connection recovery	2026-09-19T22:34:38.0975737Z   "wall_seconds": 2.834578999999998,
host-bounds	Verify CLI-SDK-API success, quota errors and connection recovery	2026-09-19T22:34:38.0975995Z   "artifact_ids": {
host-bounds	Verify CLI-SDK-API success, quota errors and connection recovery	2026-09-19T22:34:38.0976346Z     "fixture": "e6a12db320dd37e8d37341fe202836d9442a7e428f89381223c9ab29faa479a6",
host-bounds	Verify CLI-SDK-API success, quota errors and connection recovery	2026-09-19T22:34:38.0976883Z     "local": "864d5bdb75215bc1ebac27ab54c12b16eae74adc62130da5544aa512c877eee7"
host-bounds	Verify CLI-SDK-API success, quota errors and connection recovery	2026-09-19T22:34:38.0977294Z   },
host-bounds	Verify CLI-SDK-API success, quota errors and connection recovery	2026-09-19T22:34:38.0977479Z   "verified": [
host-bounds	Verify CLI-SDK-API success, quota errors and connection recovery	2026-09-19T22:34:38.0977893Z     "actual CLI/SDK/API fixture and Anvil runs",
host-bounds	Verify CLI-SDK-API success, quota errors and connection recovery	2026-09-19T22:34:38.0978216Z     "SDK get and saved-file full equality",
host-bounds	Verify CLI-SDK-API success, quota errors and connection recovery	2026-09-19T22:34:38.0978510Z     "real EVM success and revert receipts",
host-bounds	Verify CLI-SDK-API success, quota errors and connection recovery	2026-09-19T22:34:38.0978809Z     "full-store idempotent repeat",
host-bounds	Verify CLI-SDK-API success, quota errors and connection recovery	2026-09-19T22:34:38.0979142Z     "CLI reports 507 without retrying POST or replacing export",
host-bounds	Verify CLI-SDK-API success, quota errors and connection recovery	2026-09-19T22:34:38.0979555Z     "eight idle sockets cause SDK/CLI 503 without executing work",
host-bounds	Verify CLI-SDK-API success, quota errors and connection recovery	2026-09-19T22:34:38.0979929Z     "health recovers after idle sockets close"
host-bounds	Verify CLI-SDK-API success, quota errors and connection recovery	2026-09-19T22:34:38.0980203Z   ],
host-bounds	Verify CLI-SDK-API success, quota errors and connection recovery	2026-09-19T22:34:38.0980398Z   "fault_parameters": {
host-bounds	Verify CLI-SDK-API success, quota errors and connection recovery	2026-09-19T22:34:38.0980632Z     "store_file_limit": 2,
host-bounds	Verify CLI-SDK-API success, quota errors and connection recovery	2026-09-19T22:34:38.0980866Z     "connection_limit": 8,
host-bounds	Verify CLI-SDK-API success, quota errors and connection recovery	2026-09-19T22:34:38.0981097Z     "busy_cli_attempts": 16
host-bounds	Verify CLI-SDK-API success, quota errors and connection recovery	2026-09-19T22:34:38.0981317Z   },
host-bounds	Verify CLI-SDK-API success, quota errors and connection recovery	2026-09-19T22:34:38.0981511Z   "archive_or_model_calls": false,
host-bounds	Verify CLI-SDK-API success, quota errors and connection recovery	2026-09-19T22:34:38.0981764Z   "limitations": [
host-bounds	Verify CLI-SDK-API success, quota errors and connection recovery	2026-09-19T22:34:38.0982138Z     "Lowered file-count quota for integration; production thresholds tested separately",
host-bounds	Verify CLI-SDK-API success, quota errors and connection recovery	2026-09-19T22:34:38.0982891Z     "Uses the tested API constructor default; worker manifest enables additional default-path proof. Kernel enforcement is a separate CI job",
host-bounds	Verify CLI-SDK-API success, quota errors and connection recovery	2026-09-19T22:34:38.0983991Z     "Shared export retention is verified separately by check_export_budget.py on compatible revisions; host processes, explicit native execution and image/VM storage remain operator-controlled"
host-bounds	Verify CLI-SDK-API success, quota errors and connection recovery	2026-09-19T22:34:38.0984724Z   ]
host-bounds	Verify CLI-SDK-API success, quota errors and connection recovery	2026-09-19T22:34:38.0984904Z }
host-bounds	Run actions/upload-artifact@ea165f8d65b6e75b540449e92b4886f43607fa02	﻿2026-09-19T22:34:38.1183810Z Node 20 is being deprecated. This workflow is running with Node 24 by default. If you need to temporarily use Node 20, you can set the ACTIONS_ALLOW_USE_UNSECURE_NODE_VERSION=true environment variable. For more information see: https://github.blog/changelog/2025-09-19-deprecation-of-node-20-on-github-actions-runners/
host-bounds	Run actions/upload-artifact@ea165f8d65b6e75b540449e92b4886f43607fa02	2026-09-19T22:34:38.1185129Z ##[group]Run actions/upload-artifact@ea165f8d65b6e75b540449e92b4886f43607fa02
host-bounds	Run actions/upload-artifact@ea165f8d65b6e75b540449e92b4886f43607fa02	2026-09-19T22:34:38.1185517Z with:
host-bounds	Run actions/upload-artifact@ea165f8d65b6e75b540449e92b4886f43607fa02	2026-09-19T22:34:38.1185739Z   name: host-limits-evidence
host-bounds	Run actions/upload-artifact@ea165f8d65b6e75b540449e92b4886f43607fa02	2026-09-19T22:34:38.1186030Z   path: entrotter/evidence/host-limits-ci.json
host-bounds	Run actions/upload-artifact@ea165f8d65b6e75b540449e92b4886f43607fa02	2026-09-19T22:34:38.1186329Z   if-no-files-found: error
host-bounds	Run actions/upload-artifact@ea165f8d65b6e75b540449e92b4886f43607fa02	2026-09-19T22:34:38.1186575Z   compression-level: 6
host-bounds	Run actions/upload-artifact@ea165f8d65b6e75b540449e92b4886f43607fa02	2026-09-19T22:34:38.1186816Z   overwrite: false
host-bounds	Run actions/upload-artifact@ea165f8d65b6e75b540449e92b4886f43607fa02	2026-09-19T22:34:38.1187035Z   include-hidden-files: false
host-bounds	Run actions/upload-artifact@ea165f8d65b6e75b540449e92b4886f43607fa02	2026-09-19T22:34:38.1187270Z env:
host-bounds	Run actions/upload-artifact@ea165f8d65b6e75b540449e92b4886f43607fa02	2026-09-19T22:34:38.1187528Z   pythonLocation: /opt/hostedtoolcache/Python/3.12.14/x64
host-bounds	Run actions/upload-artifact@ea165f8d65b6e75b540449e92b4886f43607fa02	2026-09-19T22:34:38.1188163Z   PKG_CONFIG_PATH: /opt/hostedtoolcache/Python/3.12.14/x64/lib/pkgconfig
host-bounds	Run actions/upload-artifact@ea165f8d65b6e75b540449e92b4886f43607fa02	2026-09-19T22:34:38.1188622Z   Python_ROOT_DIR: /opt/hostedtoolcache/Python/3.12.14/x64
host-bounds	Run actions/upload-artifact@ea165f8d65b6e75b540449e92b4886f43607fa02	2026-09-19T22:34:38.1189021Z   Python2_ROOT_DIR: /opt/hostedtoolcache/Python/3.12.14/x64
host-bounds	Run actions/upload-artifact@ea165f8d65b6e75b540449e92b4886f43607fa02	2026-09-19T22:34:38.1189393Z   Python3_ROOT_DIR: /opt/hostedtoolcache/Python/3.12.14/x64
host-bounds	Run actions/upload-artifact@ea165f8d65b6e75b540449e92b4886f43607fa02	2026-09-19T22:34:38.1189773Z   LD_LIBRARY_PATH: /opt/hostedtoolcache/Python/3.12.14/x64/lib
host-bounds	Run actions/upload-artifact@ea165f8d65b6e75b540449e92b4886f43607fa02	2026-09-19T22:34:38.1190093Z ##[endgroup]
host-bounds	Run actions/upload-artifact@ea165f8d65b6e75b540449e92b4886f43607fa02	2026-09-19T22:34:38.2889873Z (node:2744) [DEP0040] DeprecationWarning: The `punycode` module is deprecated. Please use a userland alternative instead.
host-bounds	Run actions/upload-artifact@ea165f8d65b6e75b540449e92b4886f43607fa02	2026-09-19T22:34:38.2890647Z (Use `node --trace-deprecation ...` to show where the warning was created)
host-bounds	Run actions/upload-artifact@ea165f8d65b6e75b540449e92b4886f43607fa02	2026-09-19T22:34:38.2938183Z With the provided path, there will be 1 file uploaded
host-bounds	Run actions/upload-artifact@ea165f8d65b6e75b540449e92b4886f43607fa02	2026-09-19T22:34:38.2950262Z Artifact name is valid!
host-bounds	Run actions/upload-artifact@ea165f8d65b6e75b540449e92b4886f43607fa02	2026-09-19T22:34:38.2959748Z Root directory input is valid!
host-bounds	Run actions/upload-artifact@ea165f8d65b6e75b540449e92b4886f43607fa02	2026-09-19T22:34:38.5857576Z Beginning upload of artifact content to blob storage
host-bounds	Run actions/upload-artifact@ea165f8d65b6e75b540449e92b4886f43607fa02	2026-09-19T22:34:38.6039560Z (node:2744) [DEP0169] DeprecationWarning: `url.parse()` behavior is not standardized and prone to errors that have security implications. Use the WHATWG URL API instead. CVEs are not issued for `url.parse()` vulnerabilities.
host-bounds	Run actions/upload-artifact@ea165f8d65b6e75b540449e92b4886f43607fa02	2026-09-19T22:34:38.7335250Z Uploaded bytes 1077
host-bounds	Run actions/upload-artifact@ea165f8d65b6e75b540449e92b4886f43607fa02	2026-09-19T22:34:38.7743721Z Finished uploading artifact content to blob storage!
host-bounds	Run actions/upload-artifact@ea165f8d65b6e75b540449e92b4886f43607fa02	2026-09-19T22:34:38.7744388Z SHA256 digest of uploaded artifact zip is 9c7bd8201791d294e86df9a0d2f232a9f79812ca4acfb574494b23887315bb80
host-bounds	Run actions/upload-artifact@ea165f8d65b6e75b540449e92b4886f43607fa02	2026-09-19T22:34:38.7745741Z Finalizing artifact upload
host-bounds	Run actions/upload-artifact@ea165f8d65b6e75b540449e92b4886f43607fa02	2026-09-19T22:34:38.9974328Z Artifact host-limits-evidence.zip successfully finalized. Artifact ID 10593617448
host-bounds	Run actions/upload-artifact@ea165f8d65b6e75b540449e92b4886f43607fa02	2026-09-19T22:34:38.9975147Z Artifact host-limits-evidence has been successfully uploaded! Final size is 1077 bytes. Artifact ID is 10593617448
host-bounds	Run actions/upload-artifact@ea165f8d65b6e75b540449e92b4886f43607fa02	2026-09-19T22:34:38.9980540Z Artifact download URL: https://github.com/entrotter/entrotter/actions/runs/35473712013/artifacts/10593617448
host-bounds	Post Run foundry-rs/foundry-toolchain@908c540300062bd5a7e473851cdb4282204cee09	﻿2026-09-19T22:34:39.0148963Z Post job cleanup.
host-bounds	Post Run foundry-rs/foundry-toolchain@908c540300062bd5a7e473851cdb4282204cee09	2026-09-19T22:34:39.1426102Z Cache path does not exist, not saving cache: /home/runner/.foundry/cache
host-bounds	Post Run actions/setup-python@a26af69be951a213d495a4c3e4e4022e16d87065	﻿2026-09-19T22:34:39.1539205Z Node 20 is being deprecated. This workflow is running with Node 24 by default. If you need to temporarily use Node 20, you can set the ACTIONS_ALLOW_USE_UNSECURE_NODE_VERSION=true environment variable. For more information see: https://github.blog/changelog/2025-09-19-deprecation-of-node-20-on-github-actions-runners/
host-bounds	Post Run actions/setup-python@a26af69be951a213d495a4c3e4e4022e16d87065	2026-09-19T22:34:39.1540435Z Post job cleanup.
host-bounds	Post Run actions/setup-python@a26af69be951a213d495a4c3e4e4022e16d87065	2026-09-19T22:34:39.2837993Z (node:2765) [DEP0040] DeprecationWarning: The `punycode` module is deprecated. Please use a userland alternative instead.
host-bounds	Post Run actions/setup-python@a26af69be951a213d495a4c3e4e4022e16d87065	2026-09-19T22:34:39.2838775Z (Use `node --trace-deprecation ...` to show where the warning was created)
host-bounds	Post Run actions/checkout@11d5960a326750d5838078e36cf38b85af677262	﻿2026-09-19T22:34:39.3021063Z Node 20 is being deprecated. This workflow is running with Node 24 by default. If you need to temporarily use Node 20, you can set the ACTIONS_ALLOW_USE_UNSECURE_NODE_VERSION=true environment variable. For more information see: https://github.blog/changelog/2025-09-19-deprecation-of-node-20-on-github-actions-runners/
host-bounds	Post Run actions/checkout@11d5960a326750d5838078e36cf38b85af677262	2026-09-19T22:34:39.3022277Z Post job cleanup.
host-bounds	Post Run actions/checkout@11d5960a326750d5838078e36cf38b85af677262	2026-09-19T22:34:39.3941546Z [command]/usr/bin/git version
host-bounds	Post Run actions/checkout@11d5960a326750d5838078e36cf38b85af677262	2026-09-19T22:34:39.3984550Z git version 2.55.0
host-bounds	Post Run actions/checkout@11d5960a326750d5838078e36cf38b85af677262	2026-09-19T22:34:39.4028259Z Temporarily overriding HOME='/home/runner/work/_temp/d1dec305-3758-45ca-bb2e-0e3e7f9bc399' before making global git config changes
host-bounds	Post Run actions/checkout@11d5960a326750d5838078e36cf38b85af677262	2026-09-19T22:34:39.4029302Z Adding repository directory to the temporary git global config as a safe directory
host-bounds	Post Run actions/checkout@11d5960a326750d5838078e36cf38b85af677262	2026-09-19T22:34:39.4035834Z [command]/usr/bin/git config --global --add safe.directory /home/runner/work/entrotter/entrotter/cli
host-bounds	Post Run actions/checkout@11d5960a326750d5838078e36cf38b85af677262	2026-09-19T22:34:39.4083026Z [command]/usr/bin/git config --local --name-only --get-regexp core\.sshCommand
host-bounds	Post Run actions/checkout@11d5960a326750d5838078e36cf38b85af677262	2026-09-19T22:34:39.4121844Z [command]/usr/bin/git submodule foreach --recursive sh -c "git config --local --name-only --get-regexp 'core\.sshCommand' && git config --local --unset-all 'core.sshCommand' || :"
host-bounds	Post Run actions/checkout@11d5960a326750d5838078e36cf38b85af677262	2026-09-19T22:34:39.4391412Z [command]/usr/bin/git config --local --name-only --get-regexp http\.https\:\/\/github\.com\/\.extraheader
host-bounds	Post Run actions/checkout@11d5960a326750d5838078e36cf38b85af677262	2026-09-19T22:34:39.4427875Z http.https://github.com/.extraheader
host-bounds	Post Run actions/checkout@11d5960a326750d5838078e36cf38b85af677262	2026-09-19T22:34:39.4439772Z [command]/usr/bin/git config --local --unset-all http.https://github.com/.extraheader
host-bounds	Post Run actions/checkout@11d5960a326750d5838078e36cf38b85af677262	2026-09-19T22:34:39.4479284Z [command]/usr/bin/git submodule foreach --recursive sh -c "git config --local --name-only --get-regexp 'http\.https\:\/\/github\.com\/\.extraheader' && git config --local --unset-all 'http.https://github.com/.extraheader' || :"
host-bounds	Post Run actions/checkout@11d5960a326750d5838078e36cf38b85af677262	2026-09-19T22:34:39.4763660Z [command]/usr/bin/git config --local --name-only --get-regexp ^includeIf\.gitdir:
host-bounds	Post Run actions/checkout@11d5960a326750d5838078e36cf38b85af677262	2026-09-19T22:34:39.4807985Z [command]/usr/bin/git submodule foreach --recursive git config --local --show-origin --name-only --get-regexp remote.origin.url
host-bounds	Post Run actions/checkout@11d5960a326750d5838078e36cf38b85af677262	﻿2026-09-19T22:34:39.5270911Z Node 20 is being deprecated. This workflow is running with Node 24 by default. If you need to temporarily use Node 20, you can set the ACTIONS_ALLOW_USE_UNSECURE_NODE_VERSION=true environment variable. For more information see: https://github.blog/changelog/2025-09-19-deprecation-of-node-20-on-github-actions-runners/
host-bounds	Post Run actions/checkout@11d5960a326750d5838078e36cf38b85af677262	2026-09-19T22:34:39.5272113Z Post job cleanup.
host-bounds	Post Run actions/checkout@11d5960a326750d5838078e36cf38b85af677262	2026-09-19T22:34:39.6203172Z [command]/usr/bin/git version
host-bounds	Post Run actions/checkout@11d5960a326750d5838078e36cf38b85af677262	2026-09-19T22:34:39.6248448Z git version 2.55.0
host-bounds	Post Run actions/checkout@11d5960a326750d5838078e36cf38b85af677262	2026-09-19T22:34:39.6285998Z Temporarily overriding HOME='/home/runner/work/_temp/f163dd76-55df-4521-bc49-6014d6eabd15' before making global git config changes
host-bounds	Post Run actions/checkout@11d5960a326750d5838078e36cf38b85af677262	2026-09-19T22:34:39.6287370Z Adding repository directory to the temporary git global config as a safe directory
host-bounds	Post Run actions/checkout@11d5960a326750d5838078e36cf38b85af677262	2026-09-19T22:34:39.6292604Z [command]/usr/bin/git config --global --add safe.directory /home/runner/work/entrotter/entrotter/sdk-python
host-bounds	Post Run actions/checkout@11d5960a326750d5838078e36cf38b85af677262	2026-09-19T22:34:39.6333906Z [command]/usr/bin/git config --local --name-only --get-regexp core\.sshCommand
host-bounds	Post Run actions/checkout@11d5960a326750d5838078e36cf38b85af677262	2026-09-19T22:34:39.6371154Z [command]/usr/bin/git submodule foreach --recursive sh -c "git config --local --name-only --get-regexp 'core\.sshCommand' && git config --local --unset-all 'core.sshCommand' || :"
host-bounds	Post Run actions/checkout@11d5960a326750d5838078e36cf38b85af677262	2026-09-19T22:34:39.6649326Z [command]/usr/bin/git config --local --name-only --get-regexp http\.https\:\/\/github\.com\/\.extraheader
host-bounds	Post Run actions/checkout@11d5960a326750d5838078e36cf38b85af677262	2026-09-19T22:34:39.6678457Z http.https://github.com/.extraheader
host-bounds	Post Run actions/checkout@11d5960a326750d5838078e36cf38b85af677262	2026-09-19T22:34:39.6688670Z [command]/usr/bin/git config --local --unset-all http.https://github.com/.extraheader
host-bounds	Post Run actions/checkout@11d5960a326750d5838078e36cf38b85af677262	2026-09-19T22:34:39.6741509Z [command]/usr/bin/git submodule foreach --recursive sh -c "git config --local --name-only --get-regexp 'http\.https\:\/\/github\.com\/\.extraheader' && git config --local --unset-all 'http.https://github.com/.extraheader' || :"
host-bounds	Post Run actions/checkout@11d5960a326750d5838078e36cf38b85af677262	2026-09-19T22:34:39.7025501Z [command]/usr/bin/git config --local --name-only --get-regexp ^includeIf\.gitdir:
host-bounds	Post Run actions/checkout@11d5960a326750d5838078e36cf38b85af677262	2026-09-19T22:34:39.7085278Z [command]/usr/bin/git submodule foreach --recursive git config --local --show-origin --name-only --get-regexp remote.origin.url
host-bounds	Post Run actions/checkout@11d5960a326750d5838078e36cf38b85af677262	﻿2026-09-19T22:34:39.7513450Z Node 20 is being deprecated. This workflow is running with Node 24 by default. If you need to temporarily use Node 20, you can set the ACTIONS_ALLOW_USE_UNSECURE_NODE_VERSION=true environment variable. For more information see: https://github.blog/changelog/2025-09-19-deprecation-of-node-20-on-github-actions-runners/
host-bounds	Post Run actions/checkout@11d5960a326750d5838078e36cf38b85af677262	2026-09-19T22:34:39.7514687Z Post job cleanup.
host-bounds	Post Run actions/checkout@11d5960a326750d5838078e36cf38b85af677262	2026-09-19T22:34:39.8410046Z [command]/usr/bin/git version
host-bounds	Post Run actions/checkout@11d5960a326750d5838078e36cf38b85af677262	2026-09-19T22:34:39.8456381Z git version 2.55.0
host-bounds	Post Run actions/checkout@11d5960a326750d5838078e36cf38b85af677262	2026-09-19T22:34:39.8494023Z Temporarily overriding HOME='/home/runner/work/_temp/9b7896e4-1764-42b2-96ef-db33009fe726' before making global git config changes
host-bounds	Post Run actions/checkout@11d5960a326750d5838078e36cf38b85af677262	2026-09-19T22:34:39.8495376Z Adding repository directory to the temporary git global config as a safe directory
host-bounds	Post Run actions/checkout@11d5960a326750d5838078e36cf38b85af677262	2026-09-19T22:34:39.8499460Z [command]/usr/bin/git config --global --add safe.directory /home/runner/work/entrotter/entrotter/engine
host-bounds	Post Run actions/checkout@11d5960a326750d5838078e36cf38b85af677262	2026-09-19T22:34:39.8543067Z [command]/usr/bin/git config --local --name-only --get-regexp core\.sshCommand
host-bounds	Post Run actions/checkout@11d5960a326750d5838078e36cf38b85af677262	2026-09-19T22:34:39.8581883Z [command]/usr/bin/git submodule foreach --recursive sh -c "git config --local --name-only --get-regexp 'core\.sshCommand' && git config --local --unset-all 'core.sshCommand' || :"
host-bounds	Post Run actions/checkout@11d5960a326750d5838078e36cf38b85af677262	2026-09-19T22:34:39.8866970Z [command]/usr/bin/git config --local --name-only --get-regexp http\.https\:\/\/github\.com\/\.extraheader
host-bounds	Post Run actions/checkout@11d5960a326750d5838078e36cf38b85af677262	2026-09-19T22:34:39.8903765Z http.https://github.com/.extraheader
host-bounds	Post Run actions/checkout@11d5960a326750d5838078e36cf38b85af677262	2026-09-19T22:34:39.8929810Z [command]/usr/bin/git config --local --unset-all http.https://github.com/.extraheader
host-bounds	Post Run actions/checkout@11d5960a326750d5838078e36cf38b85af677262	2026-09-19T22:34:39.8971092Z [command]/usr/bin/git submodule foreach --recursive sh -c "git config --local --name-only --get-regexp 'http\.https\:\/\/github\.com\/\.extraheader' && git config --local --unset-all 'http.https://github.com/.extraheader' || :"
host-bounds	Post Run actions/checkout@11d5960a326750d5838078e36cf38b85af677262	2026-09-19T22:34:39.9258809Z [command]/usr/bin/git config --local --name-only --get-regexp ^includeIf\.gitdir:
host-bounds	Post Run actions/checkout@11d5960a326750d5838078e36cf38b85af677262	2026-09-19T22:34:39.9310679Z [command]/usr/bin/git submodule foreach --recursive git config --local --show-origin --name-only --get-regexp remote.origin.url
host-bounds	Post Run actions/checkout@11d5960a326750d5838078e36cf38b85af677262	﻿2026-09-19T22:34:39.9775052Z Node 20 is being deprecated. This workflow is running with Node 24 by default. If you need to temporarily use Node 20, you can set the ACTIONS_ALLOW_USE_UNSECURE_NODE_VERSION=true environment variable. For more information see: https://github.blog/changelog/2025-09-19-deprecation-of-node-20-on-github-actions-runners/
host-bounds	Post Run actions/checkout@11d5960a326750d5838078e36cf38b85af677262	2026-09-19T22:34:39.9776248Z Post job cleanup.
host-bounds	Post Run actions/checkout@11d5960a326750d5838078e36cf38b85af677262	2026-09-19T22:34:40.0738647Z [command]/usr/bin/git version
host-bounds	Post Run actions/checkout@11d5960a326750d5838078e36cf38b85af677262	2026-09-19T22:34:40.0795211Z git version 2.55.0
host-bounds	Post Run actions/checkout@11d5960a326750d5838078e36cf38b85af677262	2026-09-19T22:34:40.0841273Z Temporarily overriding HOME='/home/runner/work/_temp/b123891b-5ebf-42d6-8d81-df1b3035196b' before making global git config changes
host-bounds	Post Run actions/checkout@11d5960a326750d5838078e36cf38b85af677262	2026-09-19T22:34:40.0851363Z Adding repository directory to the temporary git global config as a safe directory
host-bounds	Post Run actions/checkout@11d5960a326750d5838078e36cf38b85af677262	2026-09-19T22:34:40.0852384Z [command]/usr/bin/git config --global --add safe.directory /home/runner/work/entrotter/entrotter/entrotter
host-bounds	Post Run actions/checkout@11d5960a326750d5838078e36cf38b85af677262	2026-09-19T22:34:40.0925567Z [command]/usr/bin/git config --local --name-only --get-regexp core\.sshCommand
host-bounds	Post Run actions/checkout@11d5960a326750d5838078e36cf38b85af677262	2026-09-19T22:34:40.0968137Z [command]/usr/bin/git submodule foreach --recursive sh -c "git config --local --name-only --get-regexp 'core\.sshCommand' && git config --local --unset-all 'core.sshCommand' || :"
host-bounds	Post Run actions/checkout@11d5960a326750d5838078e36cf38b85af677262	2026-09-19T22:34:40.1329243Z [command]/usr/bin/git config --local --name-only --get-regexp http\.https\:\/\/github\.com\/\.extraheader
host-bounds	Post Run actions/checkout@11d5960a326750d5838078e36cf38b85af677262	2026-09-19T22:34:40.1351520Z http.https://github.com/.extraheader
host-bounds	Post Run actions/checkout@11d5960a326750d5838078e36cf38b85af677262	2026-09-19T22:34:40.1370572Z [command]/usr/bin/git config --local --unset-all http.https://github.com/.extraheader
host-bounds	Post Run actions/checkout@11d5960a326750d5838078e36cf38b85af677262	2026-09-19T22:34:40.1441646Z [command]/usr/bin/git submodule foreach --recursive sh -c "git config --local --name-only --get-regexp 'http\.https\:\/\/github\.com\/\.extraheader' && git config --local --unset-all 'http.https://github.com/.extraheader' || :"
host-bounds	Post Run actions/checkout@11d5960a326750d5838078e36cf38b85af677262	2026-09-19T22:34:40.1730643Z [command]/usr/bin/git config --local --name-only --get-regexp ^includeIf\.gitdir:
host-bounds	Post Run actions/checkout@11d5960a326750d5838078e36cf38b85af677262	2026-09-19T22:34:40.1785036Z [command]/usr/bin/git submodule foreach --recursive git config --local --show-origin --name-only --get-regexp remote.origin.url
host-bounds	Complete job	﻿2026-09-19T22:34:40.2203510Z Cleaning up orphan processes
host-bounds	Complete job	2026-09-19T22:34:40.2510839Z ##[warning]Node.js 20 is deprecated. The following actions target Node.js 20 but are being forced to run on Node.js 24: actions/checkout@11d5960a326750d5838078e36cf38b85af677262, actions/setup-python@a26af69be951a213d495a4c3e4e4022e16d87065, actions/upload-artifact@ea165f8d65b6e75b540449e92b4886f43607fa02. For more information see: https://github.blog/changelog/2025-09-19-deprecation-of-node-20-on-github-actions-runners/
bounded-default	Set up job	﻿2026-09-19T22:34:25.1038153Z Current runner version: '2.337.0'
bounded-default	Set up job	2026-09-19T22:34:25.1058758Z ##[group]Runner Image Provisioner
bounded-default	Set up job	2026-09-19T22:34:25.1059732Z Hosted Compute Agent
bounded-default	Set up job	2026-09-19T22:34:25.1060246Z Version: 20260828.587
bounded-default	Set up job	2026-09-19T22:34:25.1060752Z Commit: abac92662cab4cc7352de4f9f9d2e2419aad9c29
bounded-default	Set up job	2026-09-19T22:34:25.1061343Z Build Date: 2026-08-28T16:44:25Z
bounded-default	Set up job	2026-09-19T22:34:25.1061910Z Worker ID: {5e7d9442-78dd-4758-ae50-d3497fd0879d}
bounded-default	Set up job	2026-09-19T22:34:25.1062485Z Azure Region: centralus
bounded-default	Set up job	2026-09-19T22:34:25.1062946Z ##[endgroup]
bounded-default	Set up job	2026-09-19T22:34:25.1063988Z ##[group]Operating System
bounded-default	Set up job	2026-09-19T22:34:25.1064571Z Ubuntu
bounded-default	Set up job	2026-09-19T22:34:25.1064995Z 24.04.5
bounded-default	Set up job	2026-09-19T22:34:25.1065623Z LTS
bounded-default	Set up job	2026-09-19T22:34:25.1066125Z ##[endgroup]
bounded-default	Set up job	2026-09-19T22:34:25.1066572Z ##[group]Runner Image
bounded-default	Set up job	2026-09-19T22:34:25.1067090Z Image: ubuntu-24.04
bounded-default	Set up job	2026-09-19T22:34:25.1067566Z Version: 20260907.300.1
bounded-default	Set up job	2026-09-19T22:34:25.1068393Z Included Software: https://github.com/actions/runner-images/blob/ubuntu24/20260907.300/images/ubuntu/Ubuntu2404-Readme.md
bounded-default	Set up job	2026-09-19T22:34:25.1069787Z Image Release: https://github.com/actions/runner-images/releases/tag/ubuntu24%2F20260907.300
bounded-default	Set up job	2026-09-19T22:34:25.1070569Z ##[endgroup]
bounded-default	Set up job	2026-09-19T22:34:25.1071443Z ##[group]GITHUB_TOKEN Permissions
bounded-default	Set up job	2026-09-19T22:34:25.1073407Z Contents: read
bounded-default	Set up job	2026-09-19T22:34:25.1073893Z Metadata: read
bounded-default	Set up job	2026-09-19T22:34:25.1074426Z ##[endgroup]
bounded-default	Set up job	2026-09-19T22:34:25.1076698Z Secret source: Actions
bounded-default	Set up job	2026-09-19T22:34:25.1077545Z Cache mode: write
bounded-default	Set up job	2026-09-19T22:34:25.1078119Z Prepare workflow directory
bounded-default	Set up job	2026-09-19T22:34:25.1344958Z Prepare all required actions
bounded-default	Set up job	2026-09-19T22:34:25.1390782Z Getting action download info
bounded-default	Set up job	2026-09-19T22:34:25.3582196Z Download action repository 'actions/checkout@11d5960a326750d5838078e36cf38b85af677262' (SHA:11d5960a326750d5838078e36cf38b85af677262)
bounded-default	Set up job	2026-09-19T22:34:25.6329173Z Download action repository 'actions/setup-python@a26af69be951a213d495a4c3e4e4022e16d87065' (SHA:a26af69be951a213d495a4c3e4e4022e16d87065)
bounded-default	Set up job	2026-09-19T22:34:25.7222650Z Download action repository 'actions/upload-artifact@ea165f8d65b6e75b540449e92b4886f43607fa02' (SHA:ea165f8d65b6e75b540449e92b4886f43607fa02)
bounded-default	Set up job	2026-09-19T22:34:25.9712346Z Complete job name: bounded-default
bounded-default	Run actions/checkout@11d5960a326750d5838078e36cf38b85af677262	﻿2026-09-19T22:34:26.0230676Z Node 20 is being deprecated. This workflow is running with Node 24 by default. If you need to temporarily use Node 20, you can set the ACTIONS_ALLOW_USE_UNSECURE_NODE_VERSION=true environment variable. For more information see: https://github.blog/changelog/2025-09-19-deprecation-of-node-20-on-github-actions-runners/
bounded-default	Run actions/checkout@11d5960a326750d5838078e36cf38b85af677262	2026-09-19T22:34:26.0236877Z ##[group]Run actions/checkout@11d5960a326750d5838078e36cf38b85af677262
bounded-default	Run actions/checkout@11d5960a326750d5838078e36cf38b85af677262	2026-09-19T22:34:26.0237648Z with:
bounded-default	Run actions/checkout@11d5960a326750d5838078e36cf38b85af677262	2026-09-19T22:34:26.0238012Z   path: entrotter
bounded-default	Run actions/checkout@11d5960a326750d5838078e36cf38b85af677262	2026-09-19T22:34:26.0238374Z   repository: entrotter/entrotter
bounded-default	Run actions/checkout@11d5960a326750d5838078e36cf38b85af677262	2026-09-19T22:34:26.0241092Z   token: ***
bounded-default	Run actions/checkout@11d5960a326750d5838078e36cf38b85af677262	2026-09-19T22:34:26.0241449Z   ssh-strict: true
bounded-default	Run actions/checkout@11d5960a326750d5838078e36cf38b85af677262	2026-09-19T22:34:26.0241817Z   ssh-user: git
bounded-default	Run actions/checkout@11d5960a326750d5838078e36cf38b85af677262	2026-09-19T22:34:26.0242194Z   persist-credentials: true
bounded-default	Run actions/checkout@11d5960a326750d5838078e36cf38b85af677262	2026-09-19T22:34:26.0242565Z   clean: true
bounded-default	Run actions/checkout@11d5960a326750d5838078e36cf38b85af677262	2026-09-19T22:34:26.0242947Z   sparse-checkout-cone-mode: true
bounded-default	Run actions/checkout@11d5960a326750d5838078e36cf38b85af677262	2026-09-19T22:34:26.0243376Z   fetch-depth: 1
bounded-default	Run actions/checkout@11d5960a326750d5838078e36cf38b85af677262	2026-09-19T22:34:26.0243734Z   fetch-tags: false
bounded-default	Run actions/checkout@11d5960a326750d5838078e36cf38b85af677262	2026-09-19T22:34:26.0244141Z   show-progress: true
bounded-default	Run actions/checkout@11d5960a326750d5838078e36cf38b85af677262	2026-09-19T22:34:26.0244552Z   lfs: false
bounded-default	Run actions/checkout@11d5960a326750d5838078e36cf38b85af677262	2026-09-19T22:34:26.0244961Z   submodules: false
bounded-default	Run actions/checkout@11d5960a326750d5838078e36cf38b85af677262	2026-09-19T22:34:26.0245426Z   set-safe-directory: true
bounded-default	Run actions/checkout@11d5960a326750d5838078e36cf38b85af677262	2026-09-19T22:34:26.0245888Z   allow-unsafe-pr-checkout: false
bounded-default	Run actions/checkout@11d5960a326750d5838078e36cf38b85af677262	2026-09-19T22:34:26.0246425Z env:
bounded-default	Run actions/checkout@11d5960a326750d5838078e36cf38b85af677262	2026-09-19T22:34:26.0246799Z   PYTHONPATH: engine/src:sdk-python/src:cli/src
bounded-default	Run actions/checkout@11d5960a326750d5838078e36cf38b85af677262	2026-09-19T22:34:26.0247301Z   ENTROTTER_DOCKER_SOCKET: /var/run/docker.sock
bounded-default	Run actions/checkout@11d5960a326750d5838078e36cf38b85af677262	2026-09-19T22:34:26.0247792Z ##[endgroup]
bounded-default	Run actions/checkout@11d5960a326750d5838078e36cf38b85af677262	2026-09-19T22:34:26.0977200Z Syncing repository: entrotter/entrotter
bounded-default	Run actions/checkout@11d5960a326750d5838078e36cf38b85af677262	2026-09-19T22:34:26.0978835Z ##[group]Getting Git version info
bounded-default	Run actions/checkout@11d5960a326750d5838078e36cf38b85af677262	2026-09-19T22:34:26.0979460Z Working directory is '/home/runner/work/entrotter/entrotter/entrotter'
bounded-default	Run actions/checkout@11d5960a326750d5838078e36cf38b85af677262	2026-09-19T22:34:26.0980636Z [command]/usr/bin/git version
bounded-default	Run actions/checkout@11d5960a326750d5838078e36cf38b85af677262	2026-09-19T22:34:26.1153190Z git version 2.55.0
bounded-default	Run actions/checkout@11d5960a326750d5838078e36cf38b85af677262	2026-09-19T22:34:26.1177113Z ##[endgroup]
bounded-default	Run actions/checkout@11d5960a326750d5838078e36cf38b85af677262	2026-09-19T22:34:26.1182129Z Temporarily overriding HOME='/home/runner/work/_temp/90895c65-453d-40c9-926f-fe654a259df4' before making global git config changes
bounded-default	Run actions/checkout@11d5960a326750d5838078e36cf38b85af677262	2026-09-19T22:34:26.1183249Z Adding repository directory to the temporary git global config as a safe directory
bounded-default	Run actions/checkout@11d5960a326750d5838078e36cf38b85af677262	2026-09-19T22:34:26.1186880Z [command]/usr/bin/git config --global --add safe.directory /home/runner/work/entrotter/entrotter/entrotter
bounded-default	Run actions/checkout@11d5960a326750d5838078e36cf38b85af677262	2026-09-19T22:34:26.1223507Z ##[group]Initializing the repository
bounded-default	Run actions/checkout@11d5960a326750d5838078e36cf38b85af677262	2026-09-19T22:34:26.1227486Z [command]/usr/bin/git init /home/runner/work/entrotter/entrotter/entrotter
bounded-default	Run actions/checkout@11d5960a326750d5838078e36cf38b85af677262	2026-09-19T22:34:26.1348693Z hint: Using 'master' as the name for the initial branch. This default branch name
bounded-default	Run actions/checkout@11d5960a326750d5838078e36cf38b85af677262	2026-09-19T22:34:26.1350191Z hint: will change to "main" in Git 3.0. To configure the initial branch name
bounded-default	Run actions/checkout@11d5960a326750d5838078e36cf38b85af677262	2026-09-19T22:34:26.1351209Z hint: to use in all of your new repositories, which will suppress this warning,
bounded-default	Run actions/checkout@11d5960a326750d5838078e36cf38b85af677262	2026-09-19T22:34:26.1352018Z hint: call:
bounded-default	Run actions/checkout@11d5960a326750d5838078e36cf38b85af677262	2026-09-19T22:34:26.1352496Z hint:
bounded-default	Run actions/checkout@11d5960a326750d5838078e36cf38b85af677262	2026-09-19T22:34:26.1353096Z hint: 	git config --global init.defaultBranch <name>
bounded-default	Run actions/checkout@11d5960a326750d5838078e36cf38b85af677262	2026-09-19T22:34:26.1353872Z hint:
bounded-default	Run actions/checkout@11d5960a326750d5838078e36cf38b85af677262	2026-09-19T22:34:26.1354668Z hint: Names commonly chosen instead of 'master' are 'main', 'trunk' and
bounded-default	Run actions/checkout@11d5960a326750d5838078e36cf38b85af677262	2026-09-19T22:34:26.1356067Z hint: 'development'. The just-created branch can be renamed via this command:
bounded-default	Run actions/checkout@11d5960a326750d5838078e36cf38b85af677262	2026-09-19T22:34:26.1356932Z hint:
bounded-default	Run actions/checkout@11d5960a326750d5838078e36cf38b85af677262	2026-09-19T22:34:26.1357506Z hint: 	git branch -m <name>
bounded-default	Run actions/checkout@11d5960a326750d5838078e36cf38b85af677262	2026-09-19T22:34:26.1358134Z hint:
bounded-default	Run actions/checkout@11d5960a326750d5838078e36cf38b85af677262	2026-09-19T22:34:26.1359070Z hint: Disable this message with "git config set advice.defaultBranchName false"
bounded-default	Run actions/checkout@11d5960a326750d5838078e36cf38b85af677262	2026-09-19T22:34:26.1367463Z Initialized empty Git repository in /home/runner/work/entrotter/entrotter/entrotter/.git/
bounded-default	Run actions/checkout@11d5960a326750d5838078e36cf38b85af677262	2026-09-19T22:34:26.1377074Z [command]/usr/bin/git remote add origin https://github.com/entrotter/entrotter
bounded-default	Run actions/checkout@11d5960a326750d5838078e36cf38b85af677262	2026-09-19T22:34:26.1431666Z ##[endgroup]
bounded-default	Run actions/checkout@11d5960a326750d5838078e36cf38b85af677262	2026-09-19T22:34:26.1432711Z ##[group]Disabling automatic garbage collection
bounded-default	Run actions/checkout@11d5960a326750d5838078e36cf38b85af677262	2026-09-19T22:34:26.1433664Z [command]/usr/bin/git config --local gc.auto 0
bounded-default	Run actions/checkout@11d5960a326750d5838078e36cf38b85af677262	2026-09-19T22:34:26.1462210Z ##[endgroup]
bounded-default	Run actions/checkout@11d5960a326750d5838078e36cf38b85af677262	2026-09-19T22:34:26.1463326Z ##[group]Setting up auth
bounded-default	Run actions/checkout@11d5960a326750d5838078e36cf38b85af677262	2026-09-19T22:34:26.1464260Z [command]/usr/bin/git config --local --name-only --get-regexp core\.sshCommand
bounded-default	Run actions/checkout@11d5960a326750d5838078e36cf38b85af677262	2026-09-19T22:34:26.1494203Z [command]/usr/bin/git submodule foreach --recursive sh -c "git config --local --name-only --get-regexp 'core\.sshCommand' && git config --local --unset-all 'core.sshCommand' || :"
bounded-default	Run actions/checkout@11d5960a326750d5838078e36cf38b85af677262	2026-09-19T22:34:26.1781990Z [command]/usr/bin/git config --local --name-only --get-regexp http\.https\:\/\/github\.com\/\.extraheader
bounded-default	Run actions/checkout@11d5960a326750d5838078e36cf38b85af677262	2026-09-19T22:34:26.1802882Z [command]/usr/bin/git submodule foreach --recursive sh -c "git config --local --name-only --get-regexp 'http\.https\:\/\/github\.com\/\.extraheader' && git config --local --unset-all 'http.https://github.com/.extraheader' || :"
bounded-default	Run actions/checkout@11d5960a326750d5838078e36cf38b85af677262	2026-09-19T22:34:26.1945137Z [command]/usr/bin/git config --local --name-only --get-regexp ^includeIf\.gitdir:
bounded-default	Run actions/checkout@11d5960a326750d5838078e36cf38b85af677262	2026-09-19T22:34:26.1967518Z [command]/usr/bin/git submodule foreach --recursive git config --local --show-origin --name-only --get-regexp remote.origin.url
bounded-default	Run actions/checkout@11d5960a326750d5838078e36cf38b85af677262	2026-09-19T22:34:26.2108638Z [command]/usr/bin/git config --local http.https://github.com/.extraheader AUTHORIZATION: basic ***
bounded-default	Run actions/checkout@11d5960a326750d5838078e36cf38b85af677262	2026-09-19T22:34:26.2133454Z ##[endgroup]
bounded-default	Run actions/checkout@11d5960a326750d5838078e36cf38b85af677262	2026-09-19T22:34:26.2134484Z ##[group]Fetching the repository
bounded-default	Run actions/checkout@11d5960a326750d5838078e36cf38b85af677262	2026-09-19T22:34:26.2141494Z [command]/usr/bin/git -c protocol.version=2 fetch --no-tags --prune --no-recurse-submodules --depth=1 origin +459e4d8be28ca14e021bd769b64860c4af1e13e8:refs/remotes/pull/33/merge
bounded-default	Run actions/checkout@11d5960a326750d5838078e36cf38b85af677262	2026-09-19T22:34:27.5962789Z From https://github.com/entrotter/entrotter
bounded-default	Run actions/checkout@11d5960a326750d5838078e36cf38b85af677262	2026-09-19T22:34:27.5964255Z  * [new ref]         459e4d8be28ca14e021bd769b64860c4af1e13e8 -> pull/33/merge
bounded-default	Run actions/checkout@11d5960a326750d5838078e36cf38b85af677262	2026-09-19T22:34:27.5966965Z ##[endgroup]
bounded-default	Run actions/checkout@11d5960a326750d5838078e36cf38b85af677262	2026-09-19T22:34:27.5967776Z ##[group]Determining the checkout info
bounded-default	Run actions/checkout@11d5960a326750d5838078e36cf38b85af677262	2026-09-19T22:34:27.5969043Z ##[endgroup]
bounded-default	Run actions/checkout@11d5960a326750d5838078e36cf38b85af677262	2026-09-19T22:34:27.5975769Z [command]/usr/bin/git sparse-checkout disable
bounded-default	Run actions/checkout@11d5960a326750d5838078e36cf38b85af677262	2026-09-19T22:34:27.6027713Z [command]/usr/bin/git config --local --unset-all extensions.worktreeConfig
bounded-default	Run actions/checkout@11d5960a326750d5838078e36cf38b85af677262	2026-09-19T22:34:27.6053600Z ##[group]Checking out the ref
bounded-default	Run actions/checkout@11d5960a326750d5838078e36cf38b85af677262	2026-09-19T22:34:27.6054307Z [command]/usr/bin/git checkout --progress --force refs/remotes/pull/33/merge
bounded-default	Run actions/checkout@11d5960a326750d5838078e36cf38b85af677262	2026-09-19T22:34:27.7139390Z Note: switching to 'refs/remotes/pull/33/merge'.
bounded-default	Run actions/checkout@11d5960a326750d5838078e36cf38b85af677262	2026-09-19T22:34:27.7140250Z
bounded-default	Run actions/checkout@11d5960a326750d5838078e36cf38b85af677262	2026-09-19T22:34:27.7140963Z You are in 'detached HEAD' state. You can look around, make experimental
bounded-default	Run actions/checkout@11d5960a326750d5838078e36cf38b85af677262	2026-09-19T22:34:27.7142645Z changes and commit them, and you can discard any commits you make in this
bounded-default	Run actions/checkout@11d5960a326750d5838078e36cf38b85af677262	2026-09-19T22:34:27.7144298Z state without impacting any branches by switching back to a branch.
bounded-default	Run actions/checkout@11d5960a326750d5838078e36cf38b85af677262	2026-09-19T22:34:27.7145215Z
bounded-default	Run actions/checkout@11d5960a326750d5838078e36cf38b85af677262	2026-09-19T22:34:27.7146199Z If you want to create a new branch to retain commits you create, you may
bounded-default	Run actions/checkout@11d5960a326750d5838078e36cf38b85af677262	2026-09-19T22:34:27.7147742Z do so (now or later) by using -c with the switch command. Example:
bounded-default	Run actions/checkout@11d5960a326750d5838078e36cf38b85af677262	2026-09-19T22:34:27.7148472Z
bounded-default	Run actions/checkout@11d5960a326750d5838078e36cf38b85af677262	2026-09-19T22:34:27.7148780Z   git switch -c <new-branch-name>
bounded-default	Run actions/checkout@11d5960a326750d5838078e36cf38b85af677262	2026-09-19T22:34:27.7149446Z
bounded-default	Run actions/checkout@11d5960a326750d5838078e36cf38b85af677262	2026-09-19T22:34:27.7149822Z Or undo this operation with:
bounded-default	Run actions/checkout@11d5960a326750d5838078e36cf38b85af677262	2026-09-19T22:34:27.7150315Z
bounded-default	Run actions/checkout@11d5960a326750d5838078e36cf38b85af677262	2026-09-19T22:34:27.7150640Z   git switch -
bounded-default	Run actions/checkout@11d5960a326750d5838078e36cf38b85af677262	2026-09-19T22:34:27.7150998Z
bounded-default	Run actions/checkout@11d5960a326750d5838078e36cf38b85af677262	2026-09-19T22:34:27.7151638Z Turn off this advice by setting config variable advice.detachedHead to false
bounded-default	Run actions/checkout@11d5960a326750d5838078e36cf38b85af677262	2026-09-19T22:34:27.7152693Z
bounded-default	Run actions/checkout@11d5960a326750d5838078e36cf38b85af677262	2026-09-19T22:34:27.7153930Z HEAD is now at 459e4d8 Merge f05eae7faa6561623802ad751dfa892044dd9176 into 6368eef29dd7beb694da9174f46d1518b38d52d5
bounded-default	Run actions/checkout@11d5960a326750d5838078e36cf38b85af677262	2026-09-19T22:34:27.7158258Z ##[endgroup]
bounded-default	Run actions/checkout@11d5960a326750d5838078e36cf38b85af677262	2026-09-19T22:34:27.7182164Z [command]/usr/bin/git log -1 --format=%H
bounded-default	Run actions/checkout@11d5960a326750d5838078e36cf38b85af677262	2026-09-19T22:34:27.7198898Z 459e4d8be28ca14e021bd769b64860c4af1e13e8
bounded-default	Run actions/checkout@11d5960a326750d5838078e36cf38b85af677262	﻿2026-09-19T22:34:27.7492655Z Node 20 is being deprecated. This workflow is running with Node 24 by default. If you need to temporarily use Node 20, you can set the ACTIONS_ALLOW_USE_UNSECURE_NODE_VERSION=true environment variable. For more information see: https://github.blog/changelog/2025-09-19-deprecation-of-node-20-on-github-actions-runners/
bounded-default	Run actions/checkout@11d5960a326750d5838078e36cf38b85af677262	2026-09-19T22:34:27.7496266Z ##[group]Run actions/checkout@11d5960a326750d5838078e36cf38b85af677262
bounded-default	Run actions/checkout@11d5960a326750d5838078e36cf38b85af677262	2026-09-19T22:34:27.7497309Z with:
bounded-default	Run actions/checkout@11d5960a326750d5838078e36cf38b85af677262	2026-09-19T22:34:27.7498063Z   repository: entrotter/engine
bounded-default	Run actions/checkout@11d5960a326750d5838078e36cf38b85af677262	2026-09-19T22:34:27.7498945Z   ref: 0d3857839b2187541e573bec2e58042ad5bf0b45
bounded-default	Run actions/checkout@11d5960a326750d5838078e36cf38b85af677262	2026-09-19T22:34:27.7499856Z   path: engine
bounded-default	Run actions/checkout@11d5960a326750d5838078e36cf38b85af677262	2026-09-19T22:34:27.7505456Z   token: ***
bounded-default	Run actions/checkout@11d5960a326750d5838078e36cf38b85af677262	2026-09-19T22:34:27.7506209Z   ssh-strict: true
bounded-default	Run actions/checkout@11d5960a326750d5838078e36cf38b85af677262	2026-09-19T22:34:27.7506960Z   ssh-user: git
bounded-default	Run actions/checkout@11d5960a326750d5838078e36cf38b85af677262	2026-09-19T22:34:27.7507712Z   persist-credentials: true
bounded-default	Run actions/checkout@11d5960a326750d5838078e36cf38b85af677262	2026-09-19T22:34:27.7508499Z   clean: true
bounded-default	Run actions/checkout@11d5960a326750d5838078e36cf38b85af677262	2026-09-19T22:34:27.7509234Z   sparse-checkout-cone-mode: true
bounded-default	Run actions/checkout@11d5960a326750d5838078e36cf38b85af677262	2026-09-19T22:34:27.7510044Z   fetch-depth: 1
bounded-default	Run actions/checkout@11d5960a326750d5838078e36cf38b85af677262	2026-09-19T22:34:27.7510782Z   fetch-tags: false
bounded-default	Run actions/checkout@11d5960a326750d5838078e36cf38b85af677262	2026-09-19T22:34:27.7511568Z   show-progress: true
bounded-default	Run actions/checkout@11d5960a326750d5838078e36cf38b85af677262	2026-09-19T22:34:27.7512680Z   lfs: false
bounded-default	Run actions/checkout@11d5960a326750d5838078e36cf38b85af677262	2026-09-19T22:34:27.7513396Z   submodules: false
bounded-default	Run actions/checkout@11d5960a326750d5838078e36cf38b85af677262	2026-09-19T22:34:27.7514152Z   set-safe-directory: true
bounded-default	Run actions/checkout@11d5960a326750d5838078e36cf38b85af677262	2026-09-19T22:34:27.7514976Z   allow-unsafe-pr-checkout: false
bounded-default	Run actions/checkout@11d5960a326750d5838078e36cf38b85af677262	2026-09-19T22:34:27.7515893Z env:
bounded-default	Run actions/checkout@11d5960a326750d5838078e36cf38b85af677262	2026-09-19T22:34:27.7516693Z   PYTHONPATH: engine/src:sdk-python/src:cli/src
bounded-default	Run actions/checkout@11d5960a326750d5838078e36cf38b85af677262	2026-09-19T22:34:27.7517745Z   ENTROTTER_DOCKER_SOCKET: /var/run/docker.sock
bounded-default	Run actions/checkout@11d5960a326750d5838078e36cf38b85af677262	2026-09-19T22:34:27.7518659Z ##[endgroup]
bounded-default	Run actions/checkout@11d5960a326750d5838078e36cf38b85af677262	2026-09-19T22:34:27.8157413Z Syncing repository: entrotter/engine
bounded-default	Run actions/checkout@11d5960a326750d5838078e36cf38b85af677262	2026-09-19T22:34:27.8160919Z ##[group]Getting Git version info
bounded-default	Run actions/checkout@11d5960a326750d5838078e36cf38b85af677262	2026-09-19T22:34:27.8163842Z Working directory is '/home/runner/work/entrotter/entrotter/engine'
bounded-default	Run actions/checkout@11d5960a326750d5838078e36cf38b85af677262	2026-09-19T22:34:27.8186691Z [command]/usr/bin/git version
bounded-default	Run actions/checkout@11d5960a326750d5838078e36cf38b85af677262	2026-09-19T22:34:27.8215890Z git version 2.55.0
bounded-default	Run actions/checkout@11d5960a326750d5838078e36cf38b85af677262	2026-09-19T22:34:27.8238465Z ##[endgroup]
bounded-default	Run actions/checkout@11d5960a326750d5838078e36cf38b85af677262	2026-09-19T22:34:27.8243178Z Temporarily overriding HOME='/home/runner/work/_temp/c0332720-4d1a-4f07-9ec1-b217fcce80b7' before making global git config changes
bounded-default	Run actions/checkout@11d5960a326750d5838078e36cf38b85af677262	2026-09-19T22:34:27.8246319Z Adding repository directory to the temporary git global config as a safe directory
bounded-default	Run actions/checkout@11d5960a326750d5838078e36cf38b85af677262	2026-09-19T22:34:27.8249892Z [command]/usr/bin/git config --global --add safe.directory /home/runner/work/entrotter/entrotter/engine
bounded-default	Run actions/checkout@11d5960a326750d5838078e36cf38b85af677262	2026-09-19T22:34:27.8269045Z ##[group]Initializing the repository
bounded-default	Run actions/checkout@11d5960a326750d5838078e36cf38b85af677262	2026-09-19T22:34:27.8272666Z [command]/usr/bin/git init /home/runner/work/entrotter/entrotter/engine
bounded-default	Run actions/checkout@11d5960a326750d5838078e36cf38b85af677262	2026-09-19T22:34:27.8297504Z hint: Using 'master' as the name for the initial branch. This default branch name
bounded-default	Run actions/checkout@11d5960a326750d5838078e36cf38b85af677262	2026-09-19T22:34:27.8299596Z hint: will change to "main" in Git 3.0. To configure the initial branch name
bounded-default	Run actions/checkout@11d5960a326750d5838078e36cf38b85af677262	2026-09-19T22:34:27.8301946Z hint: to use in all of your new repositories, which will suppress this warning,
bounded-default	Run actions/checkout@11d5960a326750d5838078e36cf38b85af677262	2026-09-19T22:34:27.8304298Z hint: call:
bounded-default	Run actions/checkout@11d5960a326750d5838078e36cf38b85af677262	2026-09-19T22:34:27.8305523Z hint:
bounded-default	Run actions/checkout@11d5960a326750d5838078e36cf38b85af677262	2026-09-19T22:34:27.8306832Z hint: 	git config --global init.defaultBranch <name>
bounded-default	Run actions/checkout@11d5960a326750d5838078e36cf38b85af677262	2026-09-19T22:34:27.8308603Z hint:
bounded-default	Run actions/checkout@11d5960a326750d5838078e36cf38b85af677262	2026-09-19T22:34:27.8310004Z hint: Names commonly chosen instead of 'master' are 'main', 'trunk' and
bounded-default	Run actions/checkout@11d5960a326750d5838078e36cf38b85af677262	2026-09-19T22:34:27.8312433Z hint: 'development'. The just-created branch can be renamed via this command:
bounded-default	Run actions/checkout@11d5960a326750d5838078e36cf38b85af677262	2026-09-19T22:34:27.8314271Z hint:
bounded-default	Run actions/checkout@11d5960a326750d5838078e36cf38b85af677262	2026-09-19T22:34:27.8315616Z hint: 	git branch -m <name>
bounded-default	Run actions/checkout@11d5960a326750d5838078e36cf38b85af677262	2026-09-19T22:34:27.8316945Z hint:
bounded-default	Run actions/checkout@11d5960a326750d5838078e36cf38b85af677262	2026-09-19T22:34:27.8318487Z hint: Disable this message with "git config set advice.defaultBranchName false"
bounded-default	Run actions/checkout@11d5960a326750d5838078e36cf38b85af677262	2026-09-19T22:34:27.8321164Z Initialized empty Git repository in /home/runner/work/entrotter/entrotter/engine/.git/
bounded-default	Run actions/checkout@11d5960a326750d5838078e36cf38b85af677262	2026-09-19T22:34:27.8325579Z [command]/usr/bin/git remote add origin https://github.com/entrotter/engine
bounded-default	Run actions/checkout@11d5960a326750d5838078e36cf38b85af677262	2026-09-19T22:34:27.8329842Z ##[endgroup]
bounded-default	Run actions/checkout@11d5960a326750d5838078e36cf38b85af677262	2026-09-19T22:34:27.8331949Z ##[group]Disabling automatic garbage collection
bounded-default	Run actions/checkout@11d5960a326750d5838078e36cf38b85af677262	2026-09-19T22:34:27.8333850Z [command]/usr/bin/git config --local gc.auto 0
bounded-default	Run actions/checkout@11d5960a326750d5838078e36cf38b85af677262	2026-09-19T22:34:27.8358460Z ##[endgroup]
bounded-default	Run actions/checkout@11d5960a326750d5838078e36cf38b85af677262	2026-09-19T22:34:27.8363146Z ##[group]Setting up auth
bounded-default	Run actions/checkout@11d5960a326750d5838078e36cf38b85af677262	2026-09-19T22:34:27.8365603Z [command]/usr/bin/git config --local --name-only --get-regexp core\.sshCommand
bounded-default	Run actions/checkout@11d5960a326750d5838078e36cf38b85af677262	2026-09-19T22:34:27.8382257Z [command]/usr/bin/git submodule foreach --recursive sh -c "git config --local --name-only --get-regexp 'core\.sshCommand' && git config --local --unset-all 'core.sshCommand' || :"
bounded-default	Run actions/checkout@11d5960a326750d5838078e36cf38b85af677262	2026-09-19T22:34:27.8533946Z [command]/usr/bin/git config --local --name-only --get-regexp http\.https\:\/\/github\.com\/\.extraheader
bounded-default	Run actions/checkout@11d5960a326750d5838078e36cf38b85af677262	2026-09-19T22:34:27.8558564Z [command]/usr/bin/git submodule foreach --recursive sh -c "git config --local --name-only --get-regexp 'http\.https\:\/\/github\.com\/\.extraheader' && git config --local --unset-all 'http.https://github.com/.extraheader' || :"
bounded-default	Run actions/checkout@11d5960a326750d5838078e36cf38b85af677262	2026-09-19T22:34:27.8715865Z [command]/usr/bin/git config --local --name-only --get-regexp ^includeIf\.gitdir:
bounded-default	Run actions/checkout@11d5960a326750d5838078e36cf38b85af677262	2026-09-19T22:34:27.8746973Z [command]/usr/bin/git submodule foreach --recursive git config --local --show-origin --name-only --get-regexp remote.origin.url
bounded-default	Run actions/checkout@11d5960a326750d5838078e36cf38b85af677262	2026-09-19T22:34:27.8894675Z [command]/usr/bin/git config --local http.https://github.com/.extraheader AUTHORIZATION: basic ***
bounded-default	Run actions/checkout@11d5960a326750d5838078e36cf38b85af677262	2026-09-19T22:34:27.8917461Z ##[endgroup]
bounded-default	Run actions/checkout@11d5960a326750d5838078e36cf38b85af677262	2026-09-19T22:34:27.8918884Z ##[group]Fetching the repository
bounded-default	Run actions/checkout@11d5960a326750d5838078e36cf38b85af677262	2026-09-19T22:34:27.8924749Z [command]/usr/bin/git -c protocol.version=2 fetch --no-tags --prune --no-recurse-submodules --depth=1 origin 0d3857839b2187541e573bec2e58042ad5bf0b45
bounded-default	Run actions/checkout@11d5960a326750d5838078e36cf38b85af677262	2026-09-19T22:34:28.5241015Z From https://github.com/entrotter/engine
bounded-default	Run actions/checkout@11d5960a326750d5838078e36cf38b85af677262	2026-09-19T22:34:28.5241772Z  * branch            0d3857839b2187541e573bec2e58042ad5bf0b45 -> FETCH_HEAD
bounded-default	Run actions/checkout@11d5960a326750d5838078e36cf38b85af677262	2026-09-19T22:34:28.5252976Z ##[endgroup]
bounded-default	Run actions/checkout@11d5960a326750d5838078e36cf38b85af677262	2026-09-19T22:34:28.5253509Z ##[group]Determining the checkout info
bounded-default	Run actions/checkout@11d5960a326750d5838078e36cf38b85af677262	2026-09-19T22:34:28.5253995Z ##[endgroup]
bounded-default	Run actions/checkout@11d5960a326750d5838078e36cf38b85af677262	2026-09-19T22:34:28.5256189Z [command]/usr/bin/git sparse-checkout disable
bounded-default	Run actions/checkout@11d5960a326750d5838078e36cf38b85af677262	2026-09-19T22:34:28.5287276Z [command]/usr/bin/git config --local --unset-all extensions.worktreeConfig
bounded-default	Run actions/checkout@11d5960a326750d5838078e36cf38b85af677262	2026-09-19T22:34:28.5311860Z ##[group]Checking out the ref
bounded-default	Run actions/checkout@11d5960a326750d5838078e36cf38b85af677262	2026-09-19T22:34:28.5314788Z [command]/usr/bin/git checkout --progress --force 0d3857839b2187541e573bec2e58042ad5bf0b45
bounded-default	Run actions/checkout@11d5960a326750d5838078e36cf38b85af677262	2026-09-19T22:34:28.5362750Z Note: switching to '0d3857839b2187541e573bec2e58042ad5bf0b45'.
bounded-default	Run actions/checkout@11d5960a326750d5838078e36cf38b85af677262	2026-09-19T22:34:28.5363285Z
bounded-default	Run actions/checkout@11d5960a326750d5838078e36cf38b85af677262	2026-09-19T22:34:28.5363560Z You are in 'detached HEAD' state. You can look around, make experimental
bounded-default	Run actions/checkout@11d5960a326750d5838078e36cf38b85af677262	2026-09-19T22:34:28.5364080Z changes and commit them, and you can discard any commits you make in this
bounded-default	Run actions/checkout@11d5960a326750d5838078e36cf38b85af677262	2026-09-19T22:34:28.5364676Z state without impacting any branches by switching back to a branch.
bounded-default	Run actions/checkout@11d5960a326750d5838078e36cf38b85af677262	2026-09-19T22:34:28.5364985Z
bounded-default	Run actions/checkout@11d5960a326750d5838078e36cf38b85af677262	2026-09-19T22:34:28.5365227Z If you want to create a new branch to retain commits you create, you may
bounded-default	Run actions/checkout@11d5960a326750d5838078e36cf38b85af677262	2026-09-19T22:34:28.5365843Z do so (now or later) by using -c with the switch command. Example:
bounded-default	Run actions/checkout@11d5960a326750d5838078e36cf38b85af677262	2026-09-19T22:34:28.5366083Z
bounded-default	Run actions/checkout@11d5960a326750d5838078e36cf38b85af677262	2026-09-19T22:34:28.5366201Z   git switch -c <new-branch-name>
bounded-default	Run actions/checkout@11d5960a326750d5838078e36cf38b85af677262	2026-09-19T22:34:28.5366624Z
bounded-default	Run actions/checkout@11d5960a326750d5838078e36cf38b85af677262	2026-09-19T22:34:28.5366772Z Or undo this operation with:
bounded-default	Run actions/checkout@11d5960a326750d5838078e36cf38b85af677262	2026-09-19T22:34:28.5366968Z
bounded-default	Run actions/checkout@11d5960a326750d5838078e36cf38b85af677262	2026-09-19T22:34:28.5367069Z   git switch -
bounded-default	Run actions/checkout@11d5960a326750d5838078e36cf38b85af677262	2026-09-19T22:34:28.5367238Z
bounded-default	Run actions/checkout@11d5960a326750d5838078e36cf38b85af677262	2026-09-19T22:34:28.5367421Z Turn off this advice by setting config variable advice.detachedHead to false
bounded-default	Run actions/checkout@11d5960a326750d5838078e36cf38b85af677262	2026-09-19T22:34:28.5367693Z
bounded-default	Run actions/checkout@11d5960a326750d5838078e36cf38b85af677262	2026-09-19T22:34:28.5367931Z HEAD is now at 0d38578 Share durable export retention budget across cooperating CLI writers
bounded-default	Run actions/checkout@11d5960a326750d5838078e36cf38b85af677262	2026-09-19T22:34:28.5368920Z ##[endgroup]
bounded-default	Run actions/checkout@11d5960a326750d5838078e36cf38b85af677262	2026-09-19T22:34:28.5390818Z [command]/usr/bin/git log -1 --format=%H
bounded-default	Run actions/checkout@11d5960a326750d5838078e36cf38b85af677262	2026-09-19T22:34:28.5408037Z 0d3857839b2187541e573bec2e58042ad5bf0b45
bounded-default	Run actions/checkout@11d5960a326750d5838078e36cf38b85af677262	﻿2026-09-19T22:34:28.5571706Z Node 20 is being deprecated. This workflow is running with Node 24 by default. If you need to temporarily use Node 20, you can set the ACTIONS_ALLOW_USE_UNSECURE_NODE_VERSION=true environment variable. For more information see: https://github.blog/changelog/2025-09-19-deprecation-of-node-20-on-github-actions-runners/
bounded-default	Run actions/checkout@11d5960a326750d5838078e36cf38b85af677262	2026-09-19T22:34:28.5572834Z ##[group]Run actions/checkout@11d5960a326750d5838078e36cf38b85af677262
bounded-default	Run actions/checkout@11d5960a326750d5838078e36cf38b85af677262	2026-09-19T22:34:28.5573264Z with:
bounded-default	Run actions/checkout@11d5960a326750d5838078e36cf38b85af677262	2026-09-19T22:34:28.5573547Z   repository: entrotter/sdk-python
bounded-default	Run actions/checkout@11d5960a326750d5838078e36cf38b85af677262	2026-09-19T22:34:28.5573864Z   ref: b0c2ba3bba411e548af44101ae06e879bd7b5dc0
bounded-default	Run actions/checkout@11d5960a326750d5838078e36cf38b85af677262	2026-09-19T22:34:28.5574211Z   path: sdk-python
bounded-default	Run actions/checkout@11d5960a326750d5838078e36cf38b85af677262	2026-09-19T22:34:28.5576169Z   token: ***
bounded-default	Run actions/checkout@11d5960a326750d5838078e36cf38b85af677262	2026-09-19T22:34:28.5576500Z   ssh-strict: true
bounded-default	Run actions/checkout@11d5960a326750d5838078e36cf38b85af677262	2026-09-19T22:34:28.5576768Z   ssh-user: git
bounded-default	Run actions/checkout@11d5960a326750d5838078e36cf38b85af677262	2026-09-19T22:34:28.5577025Z   persist-credentials: true
bounded-default	Run actions/checkout@11d5960a326750d5838078e36cf38b85af677262	2026-09-19T22:34:28.5577331Z   clean: true
bounded-default	Run actions/checkout@11d5960a326750d5838078e36cf38b85af677262	2026-09-19T22:34:28.5577602Z   sparse-checkout-cone-mode: true
bounded-default	Run actions/checkout@11d5960a326750d5838078e36cf38b85af677262	2026-09-19T22:34:28.5577921Z   fetch-depth: 1
bounded-default	Run actions/checkout@11d5960a326750d5838078e36cf38b85af677262	2026-09-19T22:34:28.5578186Z   fetch-tags: false
bounded-default	Run actions/checkout@11d5960a326750d5838078e36cf38b85af677262	2026-09-19T22:34:28.5578541Z   show-progress: true
bounded-default	Run actions/checkout@11d5960a326750d5838078e36cf38b85af677262	2026-09-19T22:34:28.5578816Z   lfs: false
bounded-default	Run actions/checkout@11d5960a326750d5838078e36cf38b85af677262	2026-09-19T22:34:28.5579089Z   submodules: false
bounded-default	Run actions/checkout@11d5960a326750d5838078e36cf38b85af677262	2026-09-19T22:34:28.5579441Z   set-safe-directory: true
bounded-default	Run actions/checkout@11d5960a326750d5838078e36cf38b85af677262	2026-09-19T22:34:28.5579740Z   allow-unsafe-pr-checkout: false
bounded-default	Run actions/checkout@11d5960a326750d5838078e36cf38b85af677262	2026-09-19T22:34:28.5580029Z env:
bounded-default	Run actions/checkout@11d5960a326750d5838078e36cf38b85af677262	2026-09-19T22:34:28.5580317Z   PYTHONPATH: engine/src:sdk-python/src:cli/src
bounded-default	Run actions/checkout@11d5960a326750d5838078e36cf38b85af677262	2026-09-19T22:34:28.5580671Z   ENTROTTER_DOCKER_SOCKET: /var/run/docker.sock
bounded-default	Run actions/checkout@11d5960a326750d5838078e36cf38b85af677262	2026-09-19T22:34:28.5581018Z ##[endgroup]
bounded-default	Run actions/checkout@11d5960a326750d5838078e36cf38b85af677262	2026-09-19T22:34:28.6209808Z Syncing repository: entrotter/sdk-python
bounded-default	Run actions/checkout@11d5960a326750d5838078e36cf38b85af677262	2026-09-19T22:34:28.6210489Z ##[group]Getting Git version info
bounded-default	Run actions/checkout@11d5960a326750d5838078e36cf38b85af677262	2026-09-19T22:34:28.6210866Z Working directory is '/home/runner/work/entrotter/entrotter/sdk-python'
bounded-default	Run actions/checkout@11d5960a326750d5838078e36cf38b85af677262	2026-09-19T22:34:28.6255386Z [command]/usr/bin/git version
bounded-default	Run actions/checkout@11d5960a326750d5838078e36cf38b85af677262	2026-09-19T22:34:28.6281084Z git version 2.55.0
bounded-default	Run actions/checkout@11d5960a326750d5838078e36cf38b85af677262	2026-09-19T22:34:28.6293614Z ##[endgroup]
bounded-default	Run actions/checkout@11d5960a326750d5838078e36cf38b85af677262	2026-09-19T22:34:28.6302937Z Temporarily overriding HOME='/home/runner/work/_temp/ea0c0f75-4b47-496e-8e8a-84476b324e7c' before making global git config changes
bounded-default	Run actions/checkout@11d5960a326750d5838078e36cf38b85af677262	2026-09-19T22:34:28.6303983Z Adding repository directory to the temporary git global config as a safe directory
bounded-default	Run actions/checkout@11d5960a326750d5838078e36cf38b85af677262	2026-09-19T22:34:28.6306027Z [command]/usr/bin/git config --global --add safe.directory /home/runner/work/entrotter/entrotter/sdk-python
bounded-default	Run actions/checkout@11d5960a326750d5838078e36cf38b85af677262	2026-09-19T22:34:28.6329686Z ##[group]Initializing the repository
bounded-default	Run actions/checkout@11d5960a326750d5838078e36cf38b85af677262	2026-09-19T22:34:28.6331849Z [command]/usr/bin/git init /home/runner/work/entrotter/entrotter/sdk-python
bounded-default	Run actions/checkout@11d5960a326750d5838078e36cf38b85af677262	2026-09-19T22:34:28.6357552Z hint: Using 'master' as the name for the initial branch. This default branch name
bounded-default	Run actions/checkout@11d5960a326750d5838078e36cf38b85af677262	2026-09-19T22:34:28.6359880Z hint: will change to "main" in Git 3.0. To configure the initial branch name
bounded-default	Run actions/checkout@11d5960a326750d5838078e36cf38b85af677262	2026-09-19T22:34:28.6361655Z hint: to use in all of your new repositories, which will suppress this warning,
bounded-default	Run actions/checkout@11d5960a326750d5838078e36cf38b85af677262	2026-09-19T22:34:28.6363193Z hint: call:
bounded-default	Run actions/checkout@11d5960a326750d5838078e36cf38b85af677262	2026-09-19T22:34:28.6364679Z hint:
bounded-default	Run actions/checkout@11d5960a326750d5838078e36cf38b85af677262	2026-09-19T22:34:28.6365570Z hint: 	git config --global init.defaultBranch <name>
bounded-default	Run actions/checkout@11d5960a326750d5838078e36cf38b85af677262	2026-09-19T22:34:28.6366269Z hint:
bounded-default	Run actions/checkout@11d5960a326750d5838078e36cf38b85af677262	2026-09-19T22:34:28.6366945Z hint: Names commonly chosen instead of 'master' are 'main', 'trunk' and
bounded-default	Run actions/checkout@11d5960a326750d5838078e36cf38b85af677262	2026-09-19T22:34:28.6367555Z hint: 'development'. The just-created branch can be renamed via this command:
bounded-default	Run actions/checkout@11d5960a326750d5838078e36cf38b85af677262	2026-09-19T22:34:28.6368295Z hint:
bounded-default	Run actions/checkout@11d5960a326750d5838078e36cf38b85af677262	2026-09-19T22:34:28.6368698Z hint: 	git branch -m <name>
bounded-default	Run actions/checkout@11d5960a326750d5838078e36cf38b85af677262	2026-09-19T22:34:28.6369049Z hint:
bounded-default	Run actions/checkout@11d5960a326750d5838078e36cf38b85af677262	2026-09-19T22:34:28.6369500Z hint: Disable this message with "git config set advice.defaultBranchName false"
bounded-default	Run actions/checkout@11d5960a326750d5838078e36cf38b85af677262	2026-09-19T22:34:28.6370317Z Initialized empty Git repository in /home/runner/work/entrotter/entrotter/sdk-python/.git/
bounded-default	Run actions/checkout@11d5960a326750d5838078e36cf38b85af677262	2026-09-19T22:34:28.6371556Z [command]/usr/bin/git remote add origin https://github.com/entrotter/sdk-python
bounded-default	Run actions/checkout@11d5960a326750d5838078e36cf38b85af677262	2026-09-19T22:34:28.6392836Z ##[endgroup]
bounded-default	Run actions/checkout@11d5960a326750d5838078e36cf38b85af677262	2026-09-19T22:34:28.6393518Z ##[group]Disabling automatic garbage collection
bounded-default	Run actions/checkout@11d5960a326750d5838078e36cf38b85af677262	2026-09-19T22:34:28.6394157Z [command]/usr/bin/git config --local gc.auto 0
bounded-default	Run actions/checkout@11d5960a326750d5838078e36cf38b85af677262	2026-09-19T22:34:28.6411867Z ##[endgroup]
bounded-default	Run actions/checkout@11d5960a326750d5838078e36cf38b85af677262	2026-09-19T22:34:28.6412478Z ##[group]Setting up auth
bounded-default	Run actions/checkout@11d5960a326750d5838078e36cf38b85af677262	2026-09-19T22:34:28.6416247Z [command]/usr/bin/git config --local --name-only --get-regexp core\.sshCommand
bounded-default	Run actions/checkout@11d5960a326750d5838078e36cf38b85af677262	2026-09-19T22:34:28.6436505Z [command]/usr/bin/git submodule foreach --recursive sh -c "git config --local --name-only --get-regexp 'core\.sshCommand' && git config --local --unset-all 'core.sshCommand' || :"
bounded-default	Run actions/checkout@11d5960a326750d5838078e36cf38b85af677262	2026-09-19T22:34:28.6591459Z [command]/usr/bin/git config --local --name-only --get-regexp http\.https\:\/\/github\.com\/\.extraheader
bounded-default	Run actions/checkout@11d5960a326750d5838078e36cf38b85af677262	2026-09-19T22:34:28.6614550Z [command]/usr/bin/git submodule foreach --recursive sh -c "git config --local --name-only --get-regexp 'http\.https\:\/\/github\.com\/\.extraheader' && git config --local --unset-all 'http.https://github.com/.extraheader' || :"
bounded-default	Run actions/checkout@11d5960a326750d5838078e36cf38b85af677262	2026-09-19T22:34:28.6765691Z [command]/usr/bin/git config --local --name-only --get-regexp ^includeIf\.gitdir:
bounded-default	Run actions/checkout@11d5960a326750d5838078e36cf38b85af677262	2026-09-19T22:34:28.6787610Z [command]/usr/bin/git submodule foreach --recursive git config --local --show-origin --name-only --get-regexp remote.origin.url
bounded-default	Run actions/checkout@11d5960a326750d5838078e36cf38b85af677262	2026-09-19T22:34:28.6935556Z [command]/usr/bin/git config --local http.https://github.com/.extraheader AUTHORIZATION: basic ***
bounded-default	Run actions/checkout@11d5960a326750d5838078e36cf38b85af677262	2026-09-19T22:34:28.6959119Z ##[endgroup]
bounded-default	Run actions/checkout@11d5960a326750d5838078e36cf38b85af677262	2026-09-19T22:34:28.6959809Z ##[group]Fetching the repository
bounded-default	Run actions/checkout@11d5960a326750d5838078e36cf38b85af677262	2026-09-19T22:34:28.6966283Z [command]/usr/bin/git -c protocol.version=2 fetch --no-tags --prune --no-recurse-submodules --depth=1 origin b0c2ba3bba411e548af44101ae06e879bd7b5dc0
bounded-default	Run actions/checkout@11d5960a326750d5838078e36cf38b85af677262	2026-09-19T22:34:29.1640545Z From https://github.com/entrotter/sdk-python
bounded-default	Run actions/checkout@11d5960a326750d5838078e36cf38b85af677262	2026-09-19T22:34:29.1641166Z  * branch            b0c2ba3bba411e548af44101ae06e879bd7b5dc0 -> FETCH_HEAD
bounded-default	Run actions/checkout@11d5960a326750d5838078e36cf38b85af677262	2026-09-19T22:34:29.1645793Z ##[endgroup]
bounded-default	Run actions/checkout@11d5960a326750d5838078e36cf38b85af677262	2026-09-19T22:34:29.1646344Z ##[group]Determining the checkout info
bounded-default	Run actions/checkout@11d5960a326750d5838078e36cf38b85af677262	2026-09-19T22:34:29.1647331Z ##[endgroup]
bounded-default	Run actions/checkout@11d5960a326750d5838078e36cf38b85af677262	2026-09-19T22:34:29.1652824Z [command]/usr/bin/git sparse-checkout disable
bounded-default	Run actions/checkout@11d5960a326750d5838078e36cf38b85af677262	2026-09-19T22:34:29.1690428Z [command]/usr/bin/git config --local --unset-all extensions.worktreeConfig
bounded-default	Run actions/checkout@11d5960a326750d5838078e36cf38b85af677262	2026-09-19T22:34:29.1710384Z ##[group]Checking out the ref
bounded-default	Run actions/checkout@11d5960a326750d5838078e36cf38b85af677262	2026-09-19T22:34:29.1714324Z [command]/usr/bin/git checkout --progress --force b0c2ba3bba411e548af44101ae06e879bd7b5dc0
bounded-default	Run actions/checkout@11d5960a326750d5838078e36cf38b85af677262	2026-09-19T22:34:29.1744528Z Note: switching to 'b0c2ba3bba411e548af44101ae06e879bd7b5dc0'.
bounded-default	Run actions/checkout@11d5960a326750d5838078e36cf38b85af677262	2026-09-19T22:34:29.1745000Z
bounded-default	Run actions/checkout@11d5960a326750d5838078e36cf38b85af677262	2026-09-19T22:34:29.1745244Z You are in 'detached HEAD' state. You can look around, make experimental
bounded-default	Run actions/checkout@11d5960a326750d5838078e36cf38b85af677262	2026-09-19T22:34:29.1745870Z changes and commit them, and you can discard any commits you make in this
bounded-default	Run actions/checkout@11d5960a326750d5838078e36cf38b85af677262	2026-09-19T22:34:29.1746321Z state without impacting any branches by switching back to a branch.
bounded-default	Run actions/checkout@11d5960a326750d5838078e36cf38b85af677262	2026-09-19T22:34:29.1746559Z
bounded-default	Run actions/checkout@11d5960a326750d5838078e36cf38b85af677262	2026-09-19T22:34:29.1746741Z If you want to create a new branch to retain commits you create, you may
bounded-default	Run actions/checkout@11d5960a326750d5838078e36cf38b85af677262	2026-09-19T22:34:29.1747099Z do so (now or later) by using -c with the switch command. Example:
bounded-default	Run actions/checkout@11d5960a326750d5838078e36cf38b85af677262	2026-09-19T22:34:29.1747360Z
bounded-default	Run actions/checkout@11d5960a326750d5838078e36cf38b85af677262	2026-09-19T22:34:29.1747464Z   git switch -c <new-branch-name>
bounded-default	Run actions/checkout@11d5960a326750d5838078e36cf38b85af677262	2026-09-19T22:34:29.1747694Z
bounded-default	Run actions/checkout@11d5960a326750d5838078e36cf38b85af677262	2026-09-19T22:34:29.1747804Z Or undo this operation with:
bounded-default	Run actions/checkout@11d5960a326750d5838078e36cf38b85af677262	2026-09-19T22:34:29.1747982Z
bounded-default	Run actions/checkout@11d5960a326750d5838078e36cf38b85af677262	2026-09-19T22:34:29.1748173Z   git switch -
bounded-default	Run actions/checkout@11d5960a326750d5838078e36cf38b85af677262	2026-09-19T22:34:29.1748333Z
bounded-default	Run actions/checkout@11d5960a326750d5838078e36cf38b85af677262	2026-09-19T22:34:29.1748530Z Turn off this advice by setting config variable advice.detachedHead to false
bounded-default	Run actions/checkout@11d5960a326750d5838078e36cf38b85af677262	2026-09-19T22:34:29.1748749Z
bounded-default	Run actions/checkout@11d5960a326750d5838078e36cf38b85af677262	2026-09-19T22:34:29.1748910Z HEAD is now at b0c2ba3 ci: add typed SDK quality and audited build gates
bounded-default	Run actions/checkout@11d5960a326750d5838078e36cf38b85af677262	2026-09-19T22:34:29.1749816Z ##[endgroup]
bounded-default	Run actions/checkout@11d5960a326750d5838078e36cf38b85af677262	2026-09-19T22:34:29.1774170Z [command]/usr/bin/git log -1 --format=%H
bounded-default	Run actions/checkout@11d5960a326750d5838078e36cf38b85af677262	2026-09-19T22:34:29.1790687Z b0c2ba3bba411e548af44101ae06e879bd7b5dc0
bounded-default	Run actions/checkout@11d5960a326750d5838078e36cf38b85af677262	﻿2026-09-19T22:34:29.1918295Z Node 20 is being deprecated. This workflow is running with Node 24 by default. If you need to temporarily use Node 20, you can set the ACTIONS_ALLOW_USE_UNSECURE_NODE_VERSION=true environment variable. For more information see: https://github.blog/changelog/2025-09-19-deprecation-of-node-20-on-github-actions-runners/
bounded-default	Run actions/checkout@11d5960a326750d5838078e36cf38b85af677262	2026-09-19T22:34:29.1919435Z ##[group]Run actions/checkout@11d5960a326750d5838078e36cf38b85af677262
bounded-default	Run actions/checkout@11d5960a326750d5838078e36cf38b85af677262	2026-09-19T22:34:29.1919794Z with:
bounded-default	Run actions/checkout@11d5960a326750d5838078e36cf38b85af677262	2026-09-19T22:34:29.1920046Z   repository: entrotter/cli
bounded-default	Run actions/checkout@11d5960a326750d5838078e36cf38b85af677262	2026-09-19T22:34:29.1920343Z   ref: a63a39000e03d151e80b5a9c47dd4df449281b93
bounded-default	Run actions/checkout@11d5960a326750d5838078e36cf38b85af677262	2026-09-19T22:34:29.1920621Z   path: cli
bounded-default	Run actions/checkout@11d5960a326750d5838078e36cf38b85af677262	2026-09-19T22:34:29.1922346Z   token: ***
bounded-default	Run actions/checkout@11d5960a326750d5838078e36cf38b85af677262	2026-09-19T22:34:29.1922602Z   ssh-strict: true
bounded-default	Run actions/checkout@11d5960a326750d5838078e36cf38b85af677262	2026-09-19T22:34:29.1922830Z   ssh-user: git
bounded-default	Run actions/checkout@11d5960a326750d5838078e36cf38b85af677262	2026-09-19T22:34:29.1923157Z   persist-credentials: true
bounded-default	Run actions/checkout@11d5960a326750d5838078e36cf38b85af677262	2026-09-19T22:34:29.1923401Z   clean: true
bounded-default	Run actions/checkout@11d5960a326750d5838078e36cf38b85af677262	2026-09-19T22:34:29.1923625Z   sparse-checkout-cone-mode: true
bounded-default	Run actions/checkout@11d5960a326750d5838078e36cf38b85af677262	2026-09-19T22:34:29.1923898Z   fetch-depth: 1
bounded-default	Run actions/checkout@11d5960a326750d5838078e36cf38b85af677262	2026-09-19T22:34:29.1924111Z   fetch-tags: false
bounded-default	Run actions/checkout@11d5960a326750d5838078e36cf38b85af677262	2026-09-19T22:34:29.1924418Z   show-progress: true
bounded-default	Run actions/checkout@11d5960a326750d5838078e36cf38b85af677262	2026-09-19T22:34:29.1924638Z   lfs: false
bounded-default	Run actions/checkout@11d5960a326750d5838078e36cf38b85af677262	2026-09-19T22:34:29.1924855Z   submodules: false
bounded-default	Run actions/checkout@11d5960a326750d5838078e36cf38b85af677262	2026-09-19T22:34:29.1925091Z   set-safe-directory: true
bounded-default	Run actions/checkout@11d5960a326750d5838078e36cf38b85af677262	2026-09-19T22:34:29.1925451Z   allow-unsafe-pr-checkout: false
bounded-default	Run actions/checkout@11d5960a326750d5838078e36cf38b85af677262	2026-09-19T22:34:29.1925732Z env:
bounded-default	Run actions/checkout@11d5960a326750d5838078e36cf38b85af677262	2026-09-19T22:34:29.1925964Z   PYTHONPATH: engine/src:sdk-python/src:cli/src
bounded-default	Run actions/checkout@11d5960a326750d5838078e36cf38b85af677262	2026-09-19T22:34:29.1926305Z   ENTROTTER_DOCKER_SOCKET: /var/run/docker.sock
bounded-default	Run actions/checkout@11d5960a326750d5838078e36cf38b85af677262	2026-09-19T22:34:29.1926565Z ##[endgroup]
bounded-default	Run actions/checkout@11d5960a326750d5838078e36cf38b85af677262	2026-09-19T22:34:29.2524581Z Syncing repository: entrotter/cli
bounded-default	Run actions/checkout@11d5960a326750d5838078e36cf38b85af677262	2026-09-19T22:34:29.2530395Z ##[group]Getting Git version info
bounded-default	Run actions/checkout@11d5960a326750d5838078e36cf38b85af677262	2026-09-19T22:34:29.2530916Z Working directory is '/home/runner/work/entrotter/entrotter/cli'
bounded-default	Run actions/checkout@11d5960a326750d5838078e36cf38b85af677262	2026-09-19T22:34:29.2562554Z [command]/usr/bin/git version
bounded-default	Run actions/checkout@11d5960a326750d5838078e36cf38b85af677262	2026-09-19T22:34:29.2591539Z git version 2.55.0
bounded-default	Run actions/checkout@11d5960a326750d5838078e36cf38b85af677262	2026-09-19T22:34:29.2607019Z ##[endgroup]
bounded-default	Run actions/checkout@11d5960a326750d5838078e36cf38b85af677262	2026-09-19T22:34:29.2617726Z Temporarily overriding HOME='/home/runner/work/_temp/f53cf854-bd30-4780-a7ed-90209f63ca85' before making global git config changes
bounded-default	Run actions/checkout@11d5960a326750d5838078e36cf38b85af677262	2026-09-19T22:34:29.2618462Z Adding repository directory to the temporary git global config as a safe directory
bounded-default	Run actions/checkout@11d5960a326750d5838078e36cf38b85af677262	2026-09-19T22:34:29.2621610Z [command]/usr/bin/git config --global --add safe.directory /home/runner/work/entrotter/entrotter/cli
bounded-default	Run actions/checkout@11d5960a326750d5838078e36cf38b85af677262	2026-09-19T22:34:29.2643098Z ##[group]Initializing the repository
bounded-default	Run actions/checkout@11d5960a326750d5838078e36cf38b85af677262	2026-09-19T22:34:29.2646420Z [command]/usr/bin/git init /home/runner/work/entrotter/entrotter/cli
bounded-default	Run actions/checkout@11d5960a326750d5838078e36cf38b85af677262	2026-09-19T22:34:29.2669993Z hint: Using 'master' as the name for the initial branch. This default branch name
bounded-default	Run actions/checkout@11d5960a326750d5838078e36cf38b85af677262	2026-09-19T22:34:29.2670725Z hint: will change to "main" in Git 3.0. To configure the initial branch name
bounded-default	Run actions/checkout@11d5960a326750d5838078e36cf38b85af677262	2026-09-19T22:34:29.2671349Z hint: to use in all of your new repositories, which will suppress this warning,
bounded-default	Run actions/checkout@11d5960a326750d5838078e36cf38b85af677262	2026-09-19T22:34:29.2671935Z hint: call:
bounded-default	Run actions/checkout@11d5960a326750d5838078e36cf38b85af677262	2026-09-19T22:34:29.2672707Z hint:
bounded-default	Run actions/checkout@11d5960a326750d5838078e36cf38b85af677262	2026-09-19T22:34:29.2673185Z hint: 	git config --global init.defaultBranch <name>
bounded-default	Run actions/checkout@11d5960a326750d5838078e36cf38b85af677262	2026-09-19T22:34:29.2673540Z hint:
bounded-default	Run actions/checkout@11d5960a326750d5838078e36cf38b85af677262	2026-09-19T22:34:29.2673885Z hint: Names commonly chosen instead of 'master' are 'main', 'trunk' and
bounded-default	Run actions/checkout@11d5960a326750d5838078e36cf38b85af677262	2026-09-19T22:34:29.2674408Z hint: 'development'. The just-created branch can be renamed via this command:
bounded-default	Run actions/checkout@11d5960a326750d5838078e36cf38b85af677262	2026-09-19T22:34:29.2674865Z hint:
bounded-default	Run actions/checkout@11d5960a326750d5838078e36cf38b85af677262	2026-09-19T22:34:29.2675172Z hint: 	git branch -m <name>
bounded-default	Run actions/checkout@11d5960a326750d5838078e36cf38b85af677262	2026-09-19T22:34:29.2675626Z hint:
bounded-default	Run actions/checkout@11d5960a326750d5838078e36cf38b85af677262	2026-09-19T22:34:29.2676001Z hint: Disable this message with "git config set advice.defaultBranchName false"
bounded-default	Run actions/checkout@11d5960a326750d5838078e36cf38b85af677262	2026-09-19T22:34:29.2676616Z Initialized empty Git repository in /home/runner/work/entrotter/entrotter/cli/.git/
bounded-default	Run actions/checkout@11d5960a326750d5838078e36cf38b85af677262	2026-09-19T22:34:29.2678873Z [command]/usr/bin/git remote add origin https://github.com/entrotter/cli
bounded-default	Run actions/checkout@11d5960a326750d5838078e36cf38b85af677262	2026-09-19T22:34:29.2715768Z ##[endgroup]
bounded-default	Run actions/checkout@11d5960a326750d5838078e36cf38b85af677262	2026-09-19T22:34:29.2716345Z ##[group]Disabling automatic garbage collection
bounded-default	Run actions/checkout@11d5960a326750d5838078e36cf38b85af677262	2026-09-19T22:34:29.2718823Z [command]/usr/bin/git config --local gc.auto 0
bounded-default	Run actions/checkout@11d5960a326750d5838078e36cf38b85af677262	2026-09-19T22:34:29.2737970Z ##[endgroup]
bounded-default	Run actions/checkout@11d5960a326750d5838078e36cf38b85af677262	2026-09-19T22:34:29.2738505Z ##[group]Setting up auth
bounded-default	Run actions/checkout@11d5960a326750d5838078e36cf38b85af677262	2026-09-19T22:34:29.2742426Z [command]/usr/bin/git config --local --name-only --get-regexp core\.sshCommand
bounded-default	Run actions/checkout@11d5960a326750d5838078e36cf38b85af677262	2026-09-19T22:34:29.2762646Z [command]/usr/bin/git submodule foreach --recursive sh -c "git config --local --name-only --get-regexp 'core\.sshCommand' && git config --local --unset-all 'core.sshCommand' || :"
bounded-default	Run actions/checkout@11d5960a326750d5838078e36cf38b85af677262	2026-09-19T22:34:29.2924383Z [command]/usr/bin/git config --local --name-only --get-regexp http\.https\:\/\/github\.com\/\.extraheader
bounded-default	Run actions/checkout@11d5960a326750d5838078e36cf38b85af677262	2026-09-19T22:34:29.2943897Z [command]/usr/bin/git submodule foreach --recursive sh -c "git config --local --name-only --get-regexp 'http\.https\:\/\/github\.com\/\.extraheader' && git config --local --unset-all 'http.https://github.com/.extraheader' || :"
bounded-default	Run actions/checkout@11d5960a326750d5838078e36cf38b85af677262	2026-09-19T22:34:29.3097316Z [command]/usr/bin/git config --local --name-only --get-regexp ^includeIf\.gitdir:
bounded-default	Run actions/checkout@11d5960a326750d5838078e36cf38b85af677262	2026-09-19T22:34:29.3119852Z [command]/usr/bin/git submodule foreach --recursive git config --local --show-origin --name-only --get-regexp remote.origin.url
bounded-default	Run actions/checkout@11d5960a326750d5838078e36cf38b85af677262	2026-09-19T22:34:29.3267802Z [command]/usr/bin/git config --local http.https://github.com/.extraheader AUTHORIZATION: basic ***
bounded-default	Run actions/checkout@11d5960a326750d5838078e36cf38b85af677262	2026-09-19T22:34:29.3293987Z ##[endgroup]
bounded-default	Run actions/checkout@11d5960a326750d5838078e36cf38b85af677262	2026-09-19T22:34:29.3294898Z ##[group]Fetching the repository
bounded-default	Run actions/checkout@11d5960a326750d5838078e36cf38b85af677262	2026-09-19T22:34:29.3301183Z [command]/usr/bin/git -c protocol.version=2 fetch --no-tags --prune --no-recurse-submodules --depth=1 origin a63a39000e03d151e80b5a9c47dd4df449281b93
bounded-default	Run actions/checkout@11d5960a326750d5838078e36cf38b85af677262	2026-09-19T22:34:30.0488384Z From https://github.com/entrotter/cli
bounded-default	Run actions/checkout@11d5960a326750d5838078e36cf38b85af677262	2026-09-19T22:34:30.0488960Z  * branch            a63a39000e03d151e80b5a9c47dd4df449281b93 -> FETCH_HEAD
bounded-default	Run actions/checkout@11d5960a326750d5838078e36cf38b85af677262	2026-09-19T22:34:30.0493219Z ##[endgroup]
bounded-default	Run actions/checkout@11d5960a326750d5838078e36cf38b85af677262	2026-09-19T22:34:30.0493796Z ##[group]Determining the checkout info
bounded-default	Run actions/checkout@11d5960a326750d5838078e36cf38b85af677262	2026-09-19T22:34:30.0495714Z ##[endgroup]
bounded-default	Run actions/checkout@11d5960a326750d5838078e36cf38b85af677262	2026-09-19T22:34:30.0501037Z [command]/usr/bin/git sparse-checkout disable
bounded-default	Run actions/checkout@11d5960a326750d5838078e36cf38b85af677262	2026-09-19T22:34:30.0536065Z [command]/usr/bin/git config --local --unset-all extensions.worktreeConfig
bounded-default	Run actions/checkout@11d5960a326750d5838078e36cf38b85af677262	2026-09-19T22:34:30.0566743Z ##[group]Checking out the ref
bounded-default	Run actions/checkout@11d5960a326750d5838078e36cf38b85af677262	2026-09-19T22:34:30.0569939Z [command]/usr/bin/git checkout --progress --force a63a39000e03d151e80b5a9c47dd4df449281b93
bounded-default	Run actions/checkout@11d5960a326750d5838078e36cf38b85af677262	2026-09-19T22:34:30.0609039Z Note: switching to 'a63a39000e03d151e80b5a9c47dd4df449281b93'.
bounded-default	Run actions/checkout@11d5960a326750d5838078e36cf38b85af677262	2026-09-19T22:34:30.0609364Z
bounded-default	Run actions/checkout@11d5960a326750d5838078e36cf38b85af677262	2026-09-19T22:34:30.0609697Z You are in 'detached HEAD' state. You can look around, make experimental
bounded-default	Run actions/checkout@11d5960a326750d5838078e36cf38b85af677262	2026-09-19T22:34:30.0610330Z changes and commit them, and you can discard any commits you make in this
bounded-default	Run actions/checkout@11d5960a326750d5838078e36cf38b85af677262	2026-09-19T22:34:30.0610995Z state without impacting any branches by switching back to a branch.
bounded-default	Run actions/checkout@11d5960a326750d5838078e36cf38b85af677262	2026-09-19T22:34:30.0611342Z
bounded-default	Run actions/checkout@11d5960a326750d5838078e36cf38b85af677262	2026-09-19T22:34:30.0611662Z If you want to create a new branch to retain commits you create, you may
bounded-default	Run actions/checkout@11d5960a326750d5838078e36cf38b85af677262	2026-09-19T22:34:30.0612109Z do so (now or later) by using -c with the switch command. Example:
bounded-default	Run actions/checkout@11d5960a326750d5838078e36cf38b85af677262	2026-09-19T22:34:30.0612377Z
bounded-default	Run actions/checkout@11d5960a326750d5838078e36cf38b85af677262	2026-09-19T22:34:30.0612564Z   git switch -c <new-branch-name>
bounded-default	Run actions/checkout@11d5960a326750d5838078e36cf38b85af677262	2026-09-19T22:34:30.0612839Z
bounded-default	Run actions/checkout@11d5960a326750d5838078e36cf38b85af677262	2026-09-19T22:34:30.0612973Z Or undo this operation with:
bounded-default	Run actions/checkout@11d5960a326750d5838078e36cf38b85af677262	2026-09-19T22:34:30.0613217Z
bounded-default	Run actions/checkout@11d5960a326750d5838078e36cf38b85af677262	2026-09-19T22:34:30.0613352Z   git switch -
bounded-default	Run actions/checkout@11d5960a326750d5838078e36cf38b85af677262	2026-09-19T22:34:30.0613611Z
bounded-default	Run actions/checkout@11d5960a326750d5838078e36cf38b85af677262	2026-09-19T22:34:30.0613817Z Turn off this advice by setting config variable advice.detachedHead to false
bounded-default	Run actions/checkout@11d5960a326750d5838078e36cf38b85af677262	2026-09-19T22:34:30.0614097Z
bounded-default	Run actions/checkout@11d5960a326750d5838078e36cf38b85af677262	2026-09-19T22:34:30.0614407Z HEAD is now at a63a390 Enforce shared export retention and expose quota inspection
bounded-default	Run actions/checkout@11d5960a326750d5838078e36cf38b85af677262	2026-09-19T22:34:30.0615640Z ##[endgroup]
bounded-default	Run actions/checkout@11d5960a326750d5838078e36cf38b85af677262	2026-09-19T22:34:30.0642427Z [command]/usr/bin/git log -1 --format=%H
bounded-default	Run actions/checkout@11d5960a326750d5838078e36cf38b85af677262	2026-09-19T22:34:30.0660515Z a63a39000e03d151e80b5a9c47dd4df449281b93
bounded-default	Run actions/setup-python@a26af69be951a213d495a4c3e4e4022e16d87065	﻿2026-09-19T22:34:30.0799943Z Node 20 is being deprecated. This workflow is running with Node 24 by default. If you need to temporarily use Node 20, you can set the ACTIONS_ALLOW_USE_UNSECURE_NODE_VERSION=true environment variable. For more information see: https://github.blog/changelog/2025-09-19-deprecation-of-node-20-on-github-actions-runners/
bounded-default	Run actions/setup-python@a26af69be951a213d495a4c3e4e4022e16d87065	2026-09-19T22:34:30.0801026Z ##[group]Run actions/setup-python@a26af69be951a213d495a4c3e4e4022e16d87065
bounded-default	Run actions/setup-python@a26af69be951a213d495a4c3e4e4022e16d87065	2026-09-19T22:34:30.0801449Z with:
bounded-default	Run actions/setup-python@a26af69be951a213d495a4c3e4e4022e16d87065	2026-09-19T22:34:30.0801686Z   python-version: 3.12
bounded-default	Run actions/setup-python@a26af69be951a213d495a4c3e4e4022e16d87065	2026-09-19T22:34:30.0802294Z   check-latest: false
bounded-default	Run actions/setup-python@a26af69be951a213d495a4c3e4e4022e16d87065	2026-09-19T22:34:30.0804220Z   token: ***
bounded-default	Run actions/setup-python@a26af69be951a213d495a4c3e4e4022e16d87065	2026-09-19T22:34:30.0804478Z   update-environment: true
bounded-default	Run actions/setup-python@a26af69be951a213d495a4c3e4e4022e16d87065	2026-09-19T22:34:30.0804779Z   allow-prereleases: false
bounded-default	Run actions/setup-python@a26af69be951a213d495a4c3e4e4022e16d87065	2026-09-19T22:34:30.0805044Z   freethreaded: false
bounded-default	Run actions/setup-python@a26af69be951a213d495a4c3e4e4022e16d87065	2026-09-19T22:34:30.0805592Z env:
bounded-default	Run actions/setup-python@a26af69be951a213d495a4c3e4e4022e16d87065	2026-09-19T22:34:30.0805876Z   PYTHONPATH: engine/src:sdk-python/src:cli/src
bounded-default	Run actions/setup-python@a26af69be951a213d495a4c3e4e4022e16d87065	2026-09-19T22:34:30.0806378Z   ENTROTTER_DOCKER_SOCKET: /var/run/docker.sock
bounded-default	Run actions/setup-python@a26af69be951a213d495a4c3e4e4022e16d87065	2026-09-19T22:34:30.0806711Z ##[endgroup]
bounded-default	Run actions/setup-python@a26af69be951a213d495a4c3e4e4022e16d87065	2026-09-19T22:34:30.1882765Z ##[group]Installed versions
bounded-default	Run actions/setup-python@a26af69be951a213d495a4c3e4e4022e16d87065	2026-09-19T22:34:30.1950493Z (node:2352) [DEP0040] DeprecationWarning: The `punycode` module is deprecated. Please use a userland alternative instead.
bounded-default	Run actions/setup-python@a26af69be951a213d495a4c3e4e4022e16d87065	2026-09-19T22:34:30.1951368Z (Use `node --trace-deprecation ...` to show where the warning was created)
bounded-default	Run actions/setup-python@a26af69be951a213d495a4c3e4e4022e16d87065	2026-09-19T22:34:30.1951860Z Successfully set up CPython (3.12.14)
bounded-default	Run actions/setup-python@a26af69be951a213d495a4c3e4e4022e16d87065	2026-09-19T22:34:30.1952692Z ##[endgroup]
bounded-default	Build source-bound local image	﻿2026-09-19T22:34:30.2081712Z ##[group]Run mkdir -p entrotter/evidence/coordination-quality/integration-ci
bounded-default	Build source-bound local image	2026-09-19T22:34:30.2082364Z [36;1mmkdir -p entrotter/evidence/coordination-quality/integration-ci[0m
bounded-default	Build source-bound local image	2026-09-19T22:34:30.2082985Z [36;1mpython engine/scripts/build_worker.py --output entrotter/evidence/coordination-quality/integration-ci/image.json[0m
bounded-default	Build source-bound local image	2026-09-19T22:34:30.2083505Z [36;1mpython - <<'PY'[0m
bounded-default	Build source-bound local image	2026-09-19T22:34:30.2083769Z [36;1mimport json, os[0m
bounded-default	Build source-bound local image	2026-09-19T22:34:30.2084206Z [36;1mimage = json.load(open('entrotter/evidence/coordination-quality/integration-ci/image.json'))['image_id'][0m
bounded-default	Build source-bound local image	2026-09-19T22:34:30.2084743Z [36;1mwith open(os.environ['GITHUB_ENV'], 'a') as output:[0m
bounded-default	Build source-bound local image	2026-09-19T22:34:30.2085154Z [36;1m    output.write('ENTROTTER_WORKER_IMAGE=' + image + '\n')[0m
bounded-default	Build source-bound local image	2026-09-19T22:34:30.2086037Z [36;1m    output.write('ENTROTTER_EXPORT_STATE_DIR=' + os.path.join(os.environ['RUNNER_TEMP'], 'entrotter-export-state') + '\n')[0m
bounded-default	Build source-bound local image	2026-09-19T22:34:30.2086523Z [36;1mPY[0m
bounded-default	Build source-bound local image	2026-09-19T22:34:30.2120880Z shell: /usr/bin/bash -e {0}
bounded-default	Build source-bound local image	2026-09-19T22:34:30.2121282Z env:
bounded-default	Build source-bound local image	2026-09-19T22:34:30.2121546Z   PYTHONPATH: engine/src:sdk-python/src:cli/src
bounded-default	Build source-bound local image	2026-09-19T22:34:30.2121881Z   ENTROTTER_DOCKER_SOCKET: /var/run/docker.sock
bounded-default	Build source-bound local image	2026-09-19T22:34:30.2122257Z   pythonLocation: /opt/hostedtoolcache/Python/3.12.14/x64
bounded-default	Build source-bound local image	2026-09-19T22:34:30.2122679Z   PKG_CONFIG_PATH: /opt/hostedtoolcache/Python/3.12.14/x64/lib/pkgconfig
bounded-default	Build source-bound local image	2026-09-19T22:34:30.2123077Z   Python_ROOT_DIR: /opt/hostedtoolcache/Python/3.12.14/x64
bounded-default	Build source-bound local image	2026-09-19T22:34:30.2123450Z   Python2_ROOT_DIR: /opt/hostedtoolcache/Python/3.12.14/x64
bounded-default	Build source-bound local image	2026-09-19T22:34:30.2123828Z   Python3_ROOT_DIR: /opt/hostedtoolcache/Python/3.12.14/x64
bounded-default	Build source-bound local image	2026-09-19T22:34:30.2124215Z   LD_LIBRARY_PATH: /opt/hostedtoolcache/Python/3.12.14/x64/lib
bounded-default	Build source-bound local image	2026-09-19T22:34:30.2124543Z ##[endgroup]
bounded-default	Build source-bound local image	2026-09-19T22:34:34.9129406Z #0 building with "default" instance using docker driver
bounded-default	Build source-bound local image	2026-09-19T22:34:34.9129786Z
bounded-default	Build source-bound local image	2026-09-19T22:34:34.9130062Z #1 [internal] load build definition from Dockerfile
bounded-default	Build source-bound local image	2026-09-19T22:34:34.9130404Z #1 transferring dockerfile: 360B 0.0s done
bounded-default	Build source-bound local image	2026-09-19T22:34:34.9130777Z #1 DONE 0.0s
bounded-default	Build source-bound local image	2026-09-19T22:34:34.9130886Z
bounded-default	Build source-bound local image	2026-09-19T22:34:34.9131396Z #2 [internal] load metadata for cgr.dev/chainguard/python@sha256:011e73b4e30e0fe9407a42b82a920b4fa13ebc0bf029a48b714f950df254ca20
bounded-default	Build source-bound local image	2026-09-19T22:34:35.4896387Z #2 DONE 0.7s
bounded-default	Build source-bound local image	2026-09-19T22:34:35.6510640Z
bounded-default	Build source-bound local image	2026-09-19T22:34:35.6514158Z #3 [internal] load .dockerignore
bounded-default	Build source-bound local image	2026-09-19T22:34:35.6515619Z #3 transferring context: 2B done
bounded-default	Build source-bound local image	2026-09-19T22:34:35.6516690Z #3 DONE 0.0s
bounded-default	Build source-bound local image	2026-09-19T22:34:35.6516939Z
bounded-default	Build source-bound local image	2026-09-19T22:34:35.6517460Z #4 [1/4] FROM cgr.dev/chainguard/python@sha256:011e73b4e30e0fe9407a42b82a920b4fa13ebc0bf029a48b714f950df254ca20
bounded-default	Build source-bound local image	2026-09-19T22:34:35.6519105Z #4 resolve cgr.dev/chainguard/python@sha256:011e73b4e30e0fe9407a42b82a920b4fa13ebc0bf029a48b714f950df254ca20 done
bounded-default	Build source-bound local image	2026-09-19T22:34:35.6520103Z #4 sha256:6f89f21351dab025eae2c7594f802e958c6813114f16752c22e6407aa0630a21 2.50kB / 2.50kB done
bounded-default	Build source-bound local image	2026-09-19T22:34:35.6521093Z #4 sha256:51c6e4fc19caa33401af779542d33d25f48c4d0d1756a38a5123f587c47b6c2a 2.82kB / 2.82kB done
bounded-default	Build source-bound local image	2026-09-19T22:34:35.6521931Z #4 sha256:28c972c1431bbe69cb9b16c0f75b357850302e8503212392cc1e00cb26d9e9d0 0B / 2.94MB 0.1s
bounded-default	Build source-bound local image	2026-09-19T22:34:35.6523012Z #4 sha256:353fe07a386aa143c5d62d72d7b14a8381e048fa86b06155b88e8037afe16a86 0B / 3.36MB 0.1s
bounded-default	Build source-bound local image	2026-09-19T22:34:35.6527038Z #4 sha256:011e73b4e30e0fe9407a42b82a920b4fa13ebc0bf029a48b714f950df254ca20 1.12kB / 1.12kB done
bounded-default	Build source-bound local image	2026-09-19T22:34:35.6527907Z #4 sha256:1a2d7475c7c0b979faefb02732f8f0aa40bd0862c41d134f81b00886aec1f01f 0B / 12.91MB 0.1s
bounded-default	Build source-bound local image	2026-09-19T22:34:35.7517300Z #4 ...
bounded-default	Build source-bound local image	2026-09-19T22:34:35.7517559Z
bounded-default	Build source-bound local image	2026-09-19T22:34:35.7517701Z #5 [internal] load build context
bounded-default	Build source-bound local image	2026-09-19T22:34:35.7517997Z #5 transferring context: 50.50MB 0.1s done
bounded-default	Build source-bound local image	2026-09-19T22:34:35.7518292Z #5 DONE 0.2s
bounded-default	Build source-bound local image	2026-09-19T22:34:35.7518397Z
bounded-default	Build source-bound local image	2026-09-19T22:34:35.7518703Z #4 [1/4] FROM cgr.dev/chainguard/python@sha256:011e73b4e30e0fe9407a42b82a920b4fa13ebc0bf029a48b714f950df254ca20
bounded-default	Build source-bound local image	2026-09-19T22:34:35.9512487Z #4 sha256:28c972c1431bbe69cb9b16c0f75b357850302e8503212392cc1e00cb26d9e9d0 2.94MB / 2.94MB 0.4s
bounded-default	Build source-bound local image	2026-09-19T22:34:35.9513380Z #4 sha256:353fe07a386aa143c5d62d72d7b14a8381e048fa86b06155b88e8037afe16a86 3.36MB / 3.36MB 0.3s done
bounded-default	Build source-bound local image	2026-09-19T22:34:35.9514044Z #4 sha256:1a2d7475c7c0b979faefb02732f8f0aa40bd0862c41d134f81b00886aec1f01f 12.91MB / 12.91MB 0.4s
bounded-default	Build source-bound local image	2026-09-19T22:34:36.0771908Z #4 sha256:28c972c1431bbe69cb9b16c0f75b357850302e8503212392cc1e00cb26d9e9d0 2.94MB / 2.94MB 0.4s done
bounded-default	Build source-bound local image	2026-09-19T22:34:36.0772554Z #4 sha256:1a2d7475c7c0b979faefb02732f8f0aa40bd0862c41d134f81b00886aec1f01f 12.91MB / 12.91MB 0.4s done
bounded-default	Build source-bound local image	2026-09-19T22:34:36.0773206Z #4 extracting sha256:1a2d7475c7c0b979faefb02732f8f0aa40bd0862c41d134f81b00886aec1f01f
bounded-default	Build source-bound local image	2026-09-19T22:34:36.0773676Z #4 sha256:bfd77f85335618ebb37198ab5bc555b0ef04959a6761d1ecaf20a4f88d46b365 0B / 1.35MB 0.5s
bounded-default	Build source-bound local image	2026-09-19T22:34:36.0774152Z #4 sha256:7ca2df4a7d903669d373373f17e70d2950b918b27a3f621e9cda97b96586dd80 0B / 699.56kB 0.5s
bounded-default	Build source-bound local image	2026-09-19T22:34:36.1841596Z #4 sha256:bfd77f85335618ebb37198ab5bc555b0ef04959a6761d1ecaf20a4f88d46b365 1.35MB / 1.35MB 0.6s done
bounded-default	Build source-bound local image	2026-09-19T22:34:36.1842597Z #4 sha256:40a26f2d1aef25be4125fca9dea99c4478794e33e5b60373d789758912a4c379 0B / 1.80MB 0.6s
bounded-default	Build source-bound local image	2026-09-19T22:34:36.2859114Z #4 sha256:7ca2df4a7d903669d373373f17e70d2950b918b27a3f621e9cda97b96586dd80 699.56kB / 699.56kB 0.6s done
bounded-default	Build source-bound local image	2026-09-19T22:34:36.2859715Z #4 sha256:9de06a769f10118613abcf70953d711e0051f21705a2a390e159ec79ffd27ec8 0B / 973.80kB 0.7s
bounded-default	Build source-bound local image	2026-09-19T22:34:36.2860338Z #4 sha256:5489185ba0a4c776c43c13768b40c2c2cfdcc1ec1801ccfc4b90d8f886c47c98 0B / 632.20kB 0.7s
bounded-default	Build source-bound local image	2026-09-19T22:34:36.4431474Z #4 extracting sha256:1a2d7475c7c0b979faefb02732f8f0aa40bd0862c41d134f81b00886aec1f01f 0.4s done
bounded-default	Build source-bound local image	2026-09-19T22:34:36.4432358Z #4 sha256:40a26f2d1aef25be4125fca9dea99c4478794e33e5b60373d789758912a4c379 1.80MB / 1.80MB 0.7s done
bounded-default	Build source-bound local image	2026-09-19T22:34:36.4433451Z #4 sha256:72f154a025dd07360e226be7997e4074d19373a0b0ae64e876f1f2bd3c51b808 0B / 378.52kB 0.8s
bounded-default	Build source-bound local image	2026-09-19T22:34:36.4434245Z #4 extracting sha256:28c972c1431bbe69cb9b16c0f75b357850302e8503212392cc1e00cb26d9e9d0
bounded-default	Build source-bound local image	2026-09-19T22:34:36.5516830Z #4 sha256:9de06a769f10118613abcf70953d711e0051f21705a2a390e159ec79ffd27ec8 973.80kB / 973.80kB 0.9s done
bounded-default	Build source-bound local image	2026-09-19T22:34:36.5517572Z #4 sha256:5489185ba0a4c776c43c13768b40c2c2cfdcc1ec1801ccfc4b90d8f886c47c98 632.20kB / 632.20kB 0.9s done
bounded-default	Build source-bound local image	2026-09-19T22:34:36.5518103Z #4 sha256:72f154a025dd07360e226be7997e4074d19373a0b0ae64e876f1f2bd3c51b808 378.52kB / 378.52kB 0.9s done
bounded-default	Build source-bound local image	2026-09-19T22:34:36.5518598Z #4 extracting sha256:28c972c1431bbe69cb9b16c0f75b357850302e8503212392cc1e00cb26d9e9d0 0.0s done
bounded-default	Build source-bound local image	2026-09-19T22:34:36.5519168Z #4 sha256:2eadf5f6db71e0a59307ef01338f2c4014d8e610312aa056a6816b16ce6cf49c 0B / 1.22MB 1.0s
bounded-default	Build source-bound local image	2026-09-19T22:34:36.5519657Z #4 sha256:95875a932152e3696fd38728803d776a03d07b4c53836fcd2378a98dcec2dcb9 0B / 62.40kB 1.0s
bounded-default	Build source-bound local image	2026-09-19T22:34:36.7513308Z #4 sha256:2eadf5f6db71e0a59307ef01338f2c4014d8e610312aa056a6816b16ce6cf49c 1.22MB / 1.22MB 1.2s
bounded-default	Build source-bound local image	2026-09-19T22:34:36.7513942Z #4 sha256:95875a932152e3696fd38728803d776a03d07b4c53836fcd2378a98dcec2dcb9 62.40kB / 62.40kB 1.2s
bounded-default	Build source-bound local image	2026-09-19T22:34:37.1024691Z #4 sha256:2eadf5f6db71e0a59307ef01338f2c4014d8e610312aa056a6816b16ce6cf49c 1.22MB / 1.22MB 1.3s done
bounded-default	Build source-bound local image	2026-09-19T22:34:37.1511258Z #4 sha256:95875a932152e3696fd38728803d776a03d07b4c53836fcd2378a98dcec2dcb9 62.40kB / 62.40kB 1.4s done
bounded-default	Build source-bound local image	2026-09-19T22:34:43.4208327Z #4 extracting sha256:353fe07a386aa143c5d62d72d7b14a8381e048fa86b06155b88e8037afe16a86
bounded-default	Build source-bound local image	2026-09-19T22:34:43.5240266Z #4 extracting sha256:353fe07a386aa143c5d62d72d7b14a8381e048fa86b06155b88e8037afe16a86 0.0s done
bounded-default	Build source-bound local image	2026-09-19T22:34:43.5241156Z #4 extracting sha256:bfd77f85335618ebb37198ab5bc555b0ef04959a6761d1ecaf20a4f88d46b365
bounded-default	Build source-bound local image	2026-09-19T22:34:43.6567168Z #4 extracting sha256:bfd77f85335618ebb37198ab5bc555b0ef04959a6761d1ecaf20a4f88d46b365 0.0s done
bounded-default	Build source-bound local image	2026-09-19T22:34:43.6567933Z #4 extracting sha256:7ca2df4a7d903669d373373f17e70d2950b918b27a3f621e9cda97b96586dd80 0.1s done
bounded-default	Build source-bound local image	2026-09-19T22:34:43.7652750Z #4 extracting sha256:40a26f2d1aef25be4125fca9dea99c4478794e33e5b60373d789758912a4c379 0.0s done
bounded-default	Build source-bound local image	2026-09-19T22:34:43.7653864Z #4 extracting sha256:9de06a769f10118613abcf70953d711e0051f21705a2a390e159ec79ffd27ec8 0.0s done
bounded-default	Build source-bound local image	2026-09-19T22:34:43.7654587Z #4 extracting sha256:5489185ba0a4c776c43c13768b40c2c2cfdcc1ec1801ccfc4b90d8f886c47c98
bounded-default	Build source-bound local image	2026-09-19T22:34:43.8856296Z #4 extracting sha256:5489185ba0a4c776c43c13768b40c2c2cfdcc1ec1801ccfc4b90d8f886c47c98 0.0s done
bounded-default	Build source-bound local image	2026-09-19T22:34:43.8857151Z #4 extracting sha256:72f154a025dd07360e226be7997e4074d19373a0b0ae64e876f1f2bd3c51b808 0.0s done
bounded-default	Build source-bound local image	2026-09-19T22:34:44.0944873Z #4 extracting sha256:2eadf5f6db71e0a59307ef01338f2c4014d8e610312aa056a6816b16ce6cf49c 0.0s done
bounded-default	Build source-bound local image	2026-09-19T22:34:44.1009708Z #4 extracting sha256:95875a932152e3696fd38728803d776a03d07b4c53836fcd2378a98dcec2dcb9
bounded-default	Build source-bound local image	2026-09-19T22:34:44.2518429Z #4 extracting sha256:95875a932152e3696fd38728803d776a03d07b4c53836fcd2378a98dcec2dcb9 done
bounded-default	Build source-bound local image	2026-09-19T22:34:44.4556626Z #4 DONE 8.9s
bounded-default	Build source-bound local image	2026-09-19T22:34:44.6070325Z
bounded-default	Build source-bound local image	2026-09-19T22:34:44.6070855Z #6 [2/4] COPY anvil /usr/local/bin/anvil
bounded-default	Build source-bound local image	2026-09-19T22:34:44.8096083Z #6 DONE 0.4s
bounded-default	Build source-bound local image	2026-09-19T22:34:44.9993542Z
bounded-default	Build source-bound local image	2026-09-19T22:34:44.9994396Z #7 [3/4] COPY entrotter_engine /app/entrotter_engine
bounded-default	Build source-bound local image	2026-09-19T22:34:44.9994759Z #7 DONE 0.0s
bounded-default	Build source-bound local image	2026-09-19T22:34:44.9994896Z
bounded-default	Build source-bound local image	2026-09-19T22:34:44.9994985Z #8 [4/4] WORKDIR /app
bounded-default	Build source-bound local image	2026-09-19T22:34:44.9995220Z #8 DONE 0.0s
bounded-default	Build source-bound local image	2026-09-19T22:34:44.9995533Z
bounded-default	Build source-bound local image	2026-09-19T22:34:44.9995685Z #9 exporting to image
bounded-default	Build source-bound local image	2026-09-19T22:34:44.9995963Z #9 exporting layers
bounded-default	Build source-bound local image	2026-09-19T22:34:45.0686601Z #9 exporting layers 0.2s done
bounded-default	Build source-bound local image	2026-09-19T22:34:45.1228917Z #9 writing image sha256:587b7c8019d87e8c06cbc8d994c4d2ca767039c2023fae7cc6b047188e1208f6 done
bounded-default	Build source-bound local image	2026-09-19T22:34:45.1229544Z #9 naming to docker.io/library/entrotter-worker:38c3fa5949250c90 done
bounded-default	Build source-bound local image	2026-09-19T22:34:45.1229893Z #9 DONE 0.2s
bounded-default	Build source-bound local image	2026-09-19T22:34:45.1718174Z {"image_id": "sha256:587b7c8019d87e8c06cbc8d994c4d2ca767039c2023fae7cc6b047188e1208f6", "manifest": "entrotter/evidence/coordination-quality/integration-ci/image.json", "published": false}
bounded-default	Verify shared daemon admission, default CLI-SDK-API, preservation and quotas	﻿2026-09-19T22:34:45.2044866Z ##[group]Run python entrotter/scripts/check_host_limits.py --worker-manifest entrotter/evidence/coordination-quality/integration-ci/image.json --output entrotter/evidence/coordination-quality/integration-ci/integration.json
bounded-default	Verify shared daemon admission, default CLI-SDK-API, preservation and quotas	2026-09-19T22:34:45.2046141Z [36;1mpython entrotter/scripts/check_host_limits.py --worker-manifest entrotter/evidence/coordination-quality/integration-ci/image.json --output entrotter/evidence/coordination-quality/integration-ci/integration.json[0m
bounded-default	Verify shared daemon admission, default CLI-SDK-API, preservation and quotas	2026-09-19T22:34:45.2066327Z shell: /usr/bin/bash -e {0}
bounded-default	Verify shared daemon admission, default CLI-SDK-API, preservation and quotas	2026-09-19T22:34:45.2066593Z env:
bounded-default	Verify shared daemon admission, default CLI-SDK-API, preservation and quotas	2026-09-19T22:34:45.2066808Z   PYTHONPATH: engine/src:sdk-python/src:cli/src
bounded-default	Verify shared daemon admission, default CLI-SDK-API, preservation and quotas	2026-09-19T22:34:45.2067132Z   ENTROTTER_DOCKER_SOCKET: /var/run/docker.sock
bounded-default	Verify shared daemon admission, default CLI-SDK-API, preservation and quotas	2026-09-19T22:34:45.2067446Z   pythonLocation: /opt/hostedtoolcache/Python/3.12.14/x64
bounded-default	Verify shared daemon admission, default CLI-SDK-API, preservation and quotas	2026-09-19T22:34:45.2067804Z   PKG_CONFIG_PATH: /opt/hostedtoolcache/Python/3.12.14/x64/lib/pkgconfig
bounded-default	Verify shared daemon admission, default CLI-SDK-API, preservation and quotas	2026-09-19T22:34:45.2068148Z   Python_ROOT_DIR: /opt/hostedtoolcache/Python/3.12.14/x64
bounded-default	Verify shared daemon admission, default CLI-SDK-API, preservation and quotas	2026-09-19T22:34:45.2068550Z   Python2_ROOT_DIR: /opt/hostedtoolcache/Python/3.12.14/x64
bounded-default	Verify shared daemon admission, default CLI-SDK-API, preservation and quotas	2026-09-19T22:34:45.2068874Z   Python3_ROOT_DIR: /opt/hostedtoolcache/Python/3.12.14/x64
bounded-default	Verify shared daemon admission, default CLI-SDK-API, preservation and quotas	2026-09-19T22:34:45.2069208Z   LD_LIBRARY_PATH: /opt/hostedtoolcache/Python/3.12.14/x64/lib
bounded-default	Verify shared daemon admission, default CLI-SDK-API, preservation and quotas	2026-09-19T22:34:45.2069641Z   ENTROTTER_WORKER_IMAGE: sha256:587b7c8019d87e8c06cbc8d994c4d2ca767039c2023fae7cc6b047188e1208f6
bounded-default	Verify shared daemon admission, default CLI-SDK-API, preservation and quotas	2026-09-19T22:34:45.2070100Z   ENTROTTER_EXPORT_STATE_DIR: /home/runner/work/_temp/entrotter-export-state
bounded-default	Verify shared daemon admission, default CLI-SDK-API, preservation and quotas	2026-09-19T22:34:45.2070454Z ##[endgroup]
bounded-default	Verify shared daemon admission, default CLI-SDK-API, preservation and quotas	2026-09-19T22:34:50.7364274Z {
bounded-default	Verify shared daemon admission, default CLI-SDK-API, preservation and quotas	2026-09-19T22:34:50.7365867Z   "status": "passed",
bounded-default	Verify shared daemon admission, default CLI-SDK-API, preservation and quotas	2026-09-19T22:34:50.7366696Z   "kind": "integration verification, not a performance benchmark",
bounded-default	Verify shared daemon admission, default CLI-SDK-API, preservation and quotas	2026-09-19T22:34:50.7367520Z   "tested_commits": {
bounded-default	Verify shared daemon admission, default CLI-SDK-API, preservation and quotas	2026-09-19T22:34:50.7368193Z     "engine": "0d3857839b2187541e573bec2e58042ad5bf0b45",
bounded-default	Verify shared daemon admission, default CLI-SDK-API, preservation and quotas	2026-09-19T22:34:50.7369037Z     "sdk-python": "b0c2ba3bba411e548af44101ae06e879bd7b5dc0",
bounded-default	Verify shared daemon admission, default CLI-SDK-API, preservation and quotas	2026-09-19T22:34:50.7369883Z     "cli": "a63a39000e03d151e80b5a9c47dd4df449281b93"
bounded-default	Verify shared daemon admission, default CLI-SDK-API, preservation and quotas	2026-09-19T22:34:50.7370625Z   },
bounded-default	Verify shared daemon admission, default CLI-SDK-API, preservation and quotas	2026-09-19T22:34:50.7371766Z   "checker_sha256": "7bc0fa1055c7d332edbfa7f14928ef29dbe183fc5f7d9b2b7ff56edc35a3174c",
bounded-default	Verify shared daemon admission, default CLI-SDK-API, preservation and quotas	2026-09-19T22:34:50.7372341Z   "default_worker": {
bounded-default	Verify shared daemon admission, default CLI-SDK-API, preservation and quotas	2026-09-19T22:34:50.7372736Z     "image_id": "sha256:587b7c8019d87e8c06cbc8d994c4d2ca767039c2023fae7cc6b047188e1208f6",
bounded-default	Verify shared daemon admission, default CLI-SDK-API, preservation and quotas	2026-09-19T22:34:50.7373310Z     "image_source_digest": "38c3fa5949250c90214d3daf82c386bd7c73082bbeacaf4478e0d9f0a6592d93",
bounded-default	Verify shared daemon admission, default CLI-SDK-API, preservation and quotas	2026-09-19T22:34:50.7373876Z     "manifest_sha256": "8e651a03e7129c13a30c74e7a0e83f886cc198a94f60e9aa86f7d014d3b79035",
bounded-default	Verify shared daemon admission, default CLI-SDK-API, preservation and quotas	2026-09-19T22:34:50.7374441Z     "actual_source_matches_image_manifest_and_label": true,
bounded-default	Verify shared daemon admission, default CLI-SDK-API, preservation and quotas	2026-09-19T22:34:50.7374864Z     "cgroup_version": "2",
bounded-default	Verify shared daemon admission, default CLI-SDK-API, preservation and quotas	2026-09-19T22:34:50.7375179Z     "artifact_ids": {
bounded-default	Verify shared daemon admission, default CLI-SDK-API, preservation and quotas	2026-09-19T22:34:50.7375767Z       "fixture": "e6a12db320dd37e8d37341fe202836d9442a7e428f89381223c9ab29faa479a6",
bounded-default	Verify shared daemon admission, default CLI-SDK-API, preservation and quotas	2026-09-19T22:34:50.7376348Z       "local": "864d5bdb75215bc1ebac27ab54c12b16eae74adc62130da5544aa512c877eee7"
bounded-default	Verify shared daemon admission, default CLI-SDK-API, preservation and quotas	2026-09-19T22:34:50.7376804Z     },
bounded-default	Verify shared daemon admission, default CLI-SDK-API, preservation and quotas	2026-09-19T22:34:50.7377137Z     "local_cli_without_mode_opt_in": true,
bounded-default	Verify shared daemon admission, default CLI-SDK-API, preservation and quotas	2026-09-19T22:34:50.7377534Z     "missing_worker_fails_without_export_replacement": true,
bounded-default	Verify shared daemon admission, default CLI-SDK-API, preservation and quotas	2026-09-19T22:34:50.7377930Z     "explicit_native_fixture_matches": true,
bounded-default	Verify shared daemon admission, default CLI-SDK-API, preservation and quotas	2026-09-19T22:34:50.7378222Z     "daemon_shared_admission": {
bounded-default	Verify shared daemon admission, default CLI-SDK-API, preservation and quotas	2026-09-19T22:34:50.7378551Z       "standalone_local_cli_rejected": true,
bounded-default	Verify shared daemon admission, default CLI-SDK-API, preservation and quotas	2026-09-19T22:34:50.7378839Z       "cli_sdk_api_429": true,
bounded-default	Verify shared daemon admission, default CLI-SDK-API, preservation and quotas	2026-09-19T22:34:50.7379075Z       "api_posts": 1,
bounded-default	Verify shared daemon admission, default CLI-SDK-API, preservation and quotas	2026-09-19T22:34:50.7379325Z       "existing_export_and_incumbent_preserved": true,
bounded-default	Verify shared daemon admission, default CLI-SDK-API, preservation and quotas	2026-09-19T22:34:50.7379633Z       "successful_run_after_release": true,
bounded-default	Verify shared daemon admission, default CLI-SDK-API, preservation and quotas	2026-09-19T22:34:50.7380027Z       "scope": "one container worker per configured daemon; no native/host-process/storage bound"
bounded-default	Verify shared daemon admission, default CLI-SDK-API, preservation and quotas	2026-09-19T22:34:50.7380386Z     }
bounded-default	Verify shared daemon admission, default CLI-SDK-API, preservation and quotas	2026-09-19T22:34:50.7380578Z   },
bounded-default	Verify shared daemon admission, default CLI-SDK-API, preservation and quotas	2026-09-19T22:34:50.7380814Z   "wall_seconds": 5.354989678000003,
bounded-default	Verify shared daemon admission, default CLI-SDK-API, preservation and quotas	2026-09-19T22:34:50.7381067Z   "artifact_ids": {
bounded-default	Verify shared daemon admission, default CLI-SDK-API, preservation and quotas	2026-09-19T22:34:50.7381439Z     "fixture": "e6a12db320dd37e8d37341fe202836d9442a7e428f89381223c9ab29faa479a6",
bounded-default	Verify shared daemon admission, default CLI-SDK-API, preservation and quotas	2026-09-19T22:34:50.7382162Z     "local": "864d5bdb75215bc1ebac27ab54c12b16eae74adc62130da5544aa512c877eee7"
bounded-default	Verify shared daemon admission, default CLI-SDK-API, preservation and quotas	2026-09-19T22:34:50.7382487Z   },
bounded-default	Verify shared daemon admission, default CLI-SDK-API, preservation and quotas	2026-09-19T22:34:50.7382666Z   "verified": [
bounded-default	Verify shared daemon admission, default CLI-SDK-API, preservation and quotas	2026-09-19T22:34:50.7382941Z     "actual CLI/SDK/API fixture and Anvil runs",
bounded-default	Verify shared daemon admission, default CLI-SDK-API, preservation and quotas	2026-09-19T22:34:50.7383230Z     "SDK get and saved-file full equality",
bounded-default	Verify shared daemon admission, default CLI-SDK-API, preservation and quotas	2026-09-19T22:34:50.7383496Z     "real EVM success and revert receipts",
bounded-default	Verify shared daemon admission, default CLI-SDK-API, preservation and quotas	2026-09-19T22:34:50.7383805Z     "full-store idempotent repeat",
bounded-default	Verify shared daemon admission, default CLI-SDK-API, preservation and quotas	2026-09-19T22:34:50.7384088Z     "CLI reports 507 without retrying POST or replacing export",
bounded-default	Verify shared daemon admission, default CLI-SDK-API, preservation and quotas	2026-09-19T22:34:50.7384478Z     "eight idle sockets cause SDK/CLI 503 without executing work",
bounded-default	Verify shared daemon admission, default CLI-SDK-API, preservation and quotas	2026-09-19T22:34:50.7384791Z     "health recovers after idle sockets close"
bounded-default	Verify shared daemon admission, default CLI-SDK-API, preservation and quotas	2026-09-19T22:34:50.7385051Z   ],
bounded-default	Verify shared daemon admission, default CLI-SDK-API, preservation and quotas	2026-09-19T22:34:50.7385260Z   "fault_parameters": {
bounded-default	Verify shared daemon admission, default CLI-SDK-API, preservation and quotas	2026-09-19T22:34:50.7385680Z     "store_file_limit": 2,
bounded-default	Verify shared daemon admission, default CLI-SDK-API, preservation and quotas	2026-09-19T22:34:50.7385977Z     "connection_limit": 8,
bounded-default	Verify shared daemon admission, default CLI-SDK-API, preservation and quotas	2026-09-19T22:34:50.7386223Z     "busy_cli_attempts": 16
bounded-default	Verify shared daemon admission, default CLI-SDK-API, preservation and quotas	2026-09-19T22:34:50.7386491Z   },
bounded-default	Verify shared daemon admission, default CLI-SDK-API, preservation and quotas	2026-09-19T22:34:50.7386711Z   "archive_or_model_calls": false,
bounded-default	Verify shared daemon admission, default CLI-SDK-API, preservation and quotas	2026-09-19T22:34:50.7386954Z   "limitations": [
bounded-default	Verify shared daemon admission, default CLI-SDK-API, preservation and quotas	2026-09-19T22:34:50.7387293Z     "Lowered file-count quota for integration; production thresholds tested separately",
bounded-default	Verify shared daemon admission, default CLI-SDK-API, preservation and quotas	2026-09-19T22:34:50.7387863Z     "Uses the tested API constructor default; worker manifest enables additional default-path proof. Kernel enforcement is a separate CI job",
bounded-default	Verify shared daemon admission, default CLI-SDK-API, preservation and quotas	2026-09-19T22:34:50.7388641Z     "Shared export retention is verified separately by check_export_budget.py on compatible revisions; host processes, explicit native execution and image/VM storage remain operator-controlled"
bounded-default	Verify shared daemon admission, default CLI-SDK-API, preservation and quotas	2026-09-19T22:34:50.7389359Z   ]
bounded-default	Verify shared daemon admission, default CLI-SDK-API, preservation and quotas	2026-09-19T22:34:50.7389587Z }
bounded-default	Verify shared export accounting across real CLI processes	﻿2026-09-19T22:34:50.7543129Z ##[group]Run python entrotter/scripts/check_export_budget.py --output entrotter/evidence/coordination-quality/integration-ci/export-contract.json
bounded-default	Verify shared export accounting across real CLI processes	2026-09-19T22:34:50.7544257Z [36;1mpython entrotter/scripts/check_export_budget.py --output entrotter/evidence/coordination-quality/integration-ci/export-contract.json[0m
bounded-default	Verify shared export accounting across real CLI processes	2026-09-19T22:34:50.7570642Z shell: /usr/bin/bash -e {0}
bounded-default	Verify shared export accounting across real CLI processes	2026-09-19T22:34:50.7571074Z env:
bounded-default	Verify shared export accounting across real CLI processes	2026-09-19T22:34:50.7571406Z   PYTHONPATH: engine/src:sdk-python/src:cli/src
bounded-default	Verify shared export accounting across real CLI processes	2026-09-19T22:34:50.7571878Z   ENTROTTER_DOCKER_SOCKET: /var/run/docker.sock
bounded-default	Verify shared export accounting across real CLI processes	2026-09-19T22:34:50.7572414Z   pythonLocation: /opt/hostedtoolcache/Python/3.12.14/x64
bounded-default	Verify shared export accounting across real CLI processes	2026-09-19T22:34:50.7572928Z   PKG_CONFIG_PATH: /opt/hostedtoolcache/Python/3.12.14/x64/lib/pkgconfig
bounded-default	Verify shared export accounting across real CLI processes	2026-09-19T22:34:50.7573449Z   Python_ROOT_DIR: /opt/hostedtoolcache/Python/3.12.14/x64
bounded-default	Verify shared export accounting across real CLI processes	2026-09-19T22:34:50.7573927Z   Python2_ROOT_DIR: /opt/hostedtoolcache/Python/3.12.14/x64
bounded-default	Verify shared export accounting across real CLI processes	2026-09-19T22:34:50.7574396Z   Python3_ROOT_DIR: /opt/hostedtoolcache/Python/3.12.14/x64
bounded-default	Verify shared export accounting across real CLI processes	2026-09-19T22:34:50.7575007Z   LD_LIBRARY_PATH: /opt/hostedtoolcache/Python/3.12.14/x64/lib
bounded-default	Verify shared export accounting across real CLI processes	2026-09-19T22:34:50.7575817Z   ENTROTTER_WORKER_IMAGE: sha256:587b7c8019d87e8c06cbc8d994c4d2ca767039c2023fae7cc6b047188e1208f6
bounded-default	Verify shared export accounting across real CLI processes	2026-09-19T22:34:50.7576422Z   ENTROTTER_EXPORT_STATE_DIR: /home/runner/work/_temp/entrotter-export-state
bounded-default	Verify shared export accounting across real CLI processes	2026-09-19T22:34:50.7576853Z ##[endgroup]
bounded-default	Verify shared export accounting across real CLI processes	2026-09-19T22:34:51.7155538Z {
bounded-default	Verify shared export accounting across real CLI processes	2026-09-19T22:34:51.7156528Z   "status": "passed",
bounded-default	Verify shared export accounting across real CLI processes	2026-09-19T22:34:51.7157388Z   "tested_commits": {
bounded-default	Verify shared export accounting across real CLI processes	2026-09-19T22:34:51.7158051Z     "engine": "0d3857839b2187541e573bec2e58042ad5bf0b45",
bounded-default	Verify shared export accounting across real CLI processes	2026-09-19T22:34:51.7158850Z     "cli": "a63a39000e03d151e80b5a9c47dd4df449281b93"
bounded-default	Verify shared export accounting across real CLI processes	2026-09-19T22:34:51.7159536Z   },
bounded-default	Verify shared export accounting across real CLI processes	2026-09-19T22:34:51.7160303Z   "checker_sha256": "50accb3dba9bbfdccd28d9e34b45e51e9a38709a62374de83b8d35212110412e",
bounded-default	Verify shared export accounting across real CLI processes	2026-09-19T22:34:51.7161700Z   "shared_module_sha256": "2bebd29413cb86bf25acdc108d87b3f13a3ecd6ed447cd04a86a4e6a9e28614f",
bounded-default	Verify shared export accounting across real CLI processes	2026-09-19T22:34:51.7162711Z   "byte_identical_engine_and_cli_protocol": true,
bounded-default	Verify shared export accounting across real CLI processes	2026-09-19T22:34:51.7163697Z   "artifact_id": "e6a12db320dd37e8d37341fe202836d9442a7e428f89381223c9ab29faa479a6",
bounded-default	Verify shared export accounting across real CLI processes	2026-09-19T22:34:51.7164605Z   "actual_cli_cross_directory_limit": 128,
bounded-default	Verify shared export accounting across real CLI processes	2026-09-19T22:34:51.7165506Z   "both_inspection_commands_agree": true,
bounded-default	Verify shared export accounting across real CLI processes	2026-09-19T22:34:51.7166288Z   "identical_full_budget_export_succeeds": true,
bounded-default	Verify shared export accounting across real CLI processes	2026-09-19T22:34:51.7167042Z   "deletion_then_other_cli_recovery": true,
bounded-default	Verify shared export accounting across real CLI processes	2026-09-19T22:34:51.7167710Z   "prior_untracked_destination_preserved_on_rejection": true,
bounded-default	Verify shared export accounting across real CLI processes	2026-09-19T22:34:51.7168405Z   "mixed_package_process_race": "exactly one six-byte export admitted under ten-byte test budget",
bounded-default	Verify shared export accounting across real CLI processes	2026-09-19T22:34:51.7169085Z   "wall_seconds": 0.8951255440000025,
bounded-default	Verify shared export accounting across real CLI processes	2026-09-19T22:34:51.7169523Z   "limitations": [
bounded-default	Verify shared export accounting across real CLI processes	2026-09-19T22:34:51.7170343Z     "Synthetic explicit-native fixture for filesystem behavior; no historical/model claim",
bounded-default	Verify shared export accounting across real CLI processes	2026-09-19T22:34:51.7170962Z     "Default Docker/Anvil/API behavior is a separate integration gate",
bounded-default	Verify shared export accounting across real CLI processes	2026-09-19T22:34:51.7171537Z     "Trusted cooperating clients on one private state root; operator moves, older clients and filesystem/VM metadata are outside bound"
bounded-default	Verify shared export accounting across real CLI processes	2026-09-19T22:34:51.7171984Z   ]
bounded-default	Verify shared export accounting across real CLI processes	2026-09-19T22:34:51.7283722Z }
bounded-default	Verify export failures still reject under Python optimization	﻿2026-09-19T22:34:51.7309009Z ##[group]Run python -O entrotter/scripts/check_export_budget.py --output entrotter/evidence/coordination-quality/integration-ci/optimized-export-contract.json
bounded-default	Verify export failures still reject under Python optimization	2026-09-19T22:34:51.7309883Z [36;1mpython -O entrotter/scripts/check_export_budget.py --output entrotter/evidence/coordination-quality/integration-ci/optimized-export-contract.json[0m
bounded-default	Verify export failures still reject under Python optimization	2026-09-19T22:34:51.7330912Z shell: /usr/bin/bash -e {0}
bounded-default	Verify export failures still reject under Python optimization	2026-09-19T22:34:51.7331162Z env:
bounded-default	Verify export failures still reject under Python optimization	2026-09-19T22:34:51.7331443Z   PYTHONPATH: engine/src:sdk-python/src:cli/src
bounded-default	Verify export failures still reject under Python optimization	2026-09-19T22:34:51.7331729Z   ENTROTTER_DOCKER_SOCKET: /var/run/docker.sock
bounded-default	Verify export failures still reject under Python optimization	2026-09-19T22:34:51.7332161Z   pythonLocation: /opt/hostedtoolcache/Python/3.12.14/x64
bounded-default	Verify export failures still reject under Python optimization	2026-09-19T22:34:51.7332718Z   PKG_CONFIG_PATH: /opt/hostedtoolcache/Python/3.12.14/x64/lib/pkgconfig
bounded-default	Verify export failures still reject under Python optimization	2026-09-19T22:34:51.7333087Z   Python_ROOT_DIR: /opt/hostedtoolcache/Python/3.12.14/x64
bounded-default	Verify export failures still reject under Python optimization	2026-09-19T22:34:51.7333411Z   Python2_ROOT_DIR: /opt/hostedtoolcache/Python/3.12.14/x64
bounded-default	Verify export failures still reject under Python optimization	2026-09-19T22:34:51.7333775Z   Python3_ROOT_DIR: /opt/hostedtoolcache/Python/3.12.14/x64
bounded-default	Verify export failures still reject under Python optimization	2026-09-19T22:34:51.7334175Z   LD_LIBRARY_PATH: /opt/hostedtoolcache/Python/3.12.14/x64/lib
bounded-default	Verify export failures still reject under Python optimization	2026-09-19T22:34:51.7334609Z   ENTROTTER_WORKER_IMAGE: sha256:587b7c8019d87e8c06cbc8d994c4d2ca767039c2023fae7cc6b047188e1208f6
bounded-default	Verify export failures still reject under Python optimization	2026-09-19T22:34:51.7335043Z   ENTROTTER_EXPORT_STATE_DIR: /home/runner/work/_temp/entrotter-export-state
bounded-default	Verify export failures still reject under Python optimization	2026-09-19T22:34:51.7335520Z ##[endgroup]
bounded-default	Verify export failures still reject under Python optimization	2026-09-19T22:34:55.3933647Z {
bounded-default	Verify export failures still reject under Python optimization	2026-09-19T22:34:55.3934126Z   "status": "passed",
bounded-default	Verify export failures still reject under Python optimization	2026-09-19T22:34:55.3934376Z   "tested_commits": {
bounded-default	Verify export failures still reject under Python optimization	2026-09-19T22:34:55.3934665Z     "engine": "0d3857839b2187541e573bec2e58042ad5bf0b45",
bounded-default	Verify export failures still reject under Python optimization	2026-09-19T22:34:55.3935019Z     "cli": "a63a39000e03d151e80b5a9c47dd4df449281b93"
bounded-default	Verify export failures still reject under Python optimization	2026-09-19T22:34:55.3935419Z   },
bounded-default	Verify export failures still reject under Python optimization	2026-09-19T22:34:55.3935767Z   "checker_sha256": "50accb3dba9bbfdccd28d9e34b45e51e9a38709a62374de83b8d35212110412e",
bounded-default	Verify export failures still reject under Python optimization	2026-09-19T22:34:55.3936259Z   "shared_module_sha256": "2bebd29413cb86bf25acdc108d87b3f13a3ecd6ed447cd04a86a4e6a9e28614f",
bounded-default	Verify export failures still reject under Python optimization	2026-09-19T22:34:55.3936673Z   "byte_identical_engine_and_cli_protocol": true,
bounded-default	Verify export failures still reject under Python optimization	2026-09-19T22:34:55.3937095Z   "artifact_id": "e6a12db320dd37e8d37341fe202836d9442a7e428f89381223c9ab29faa479a6",
bounded-default	Verify export failures still reject under Python optimization	2026-09-19T22:34:55.3937479Z   "actual_cli_cross_directory_limit": 128,
bounded-default	Verify export failures still reject under Python optimization	2026-09-19T22:34:55.3937753Z   "both_inspection_commands_agree": true,
bounded-default	Verify export failures still reject under Python optimization	2026-09-19T22:34:55.3938047Z   "identical_full_budget_export_succeeds": true,
bounded-default	Verify export failures still reject under Python optimization	2026-09-19T22:34:55.3938340Z   "deletion_then_other_cli_recovery": true,
bounded-default	Verify export failures still reject under Python optimization	2026-09-19T22:34:55.3938655Z   "prior_untracked_destination_preserved_on_rejection": true,
bounded-default	Verify export failures still reject under Python optimization	2026-09-19T22:34:55.3939547Z   "mixed_package_process_race": "exactly one six-byte export admitted under ten-byte test budget",
bounded-default	Verify export failures still reject under Python optimization	2026-09-19T22:34:55.3940002Z   "wall_seconds": 1.6983246419999958,
bounded-default	Verify export failures still reject under Python optimization	2026-09-19T22:34:55.3940285Z   "limitations": [
bounded-default	Verify export failures still reject under Python optimization	2026-09-19T22:34:55.3940635Z     "Synthetic explicit-native fixture for filesystem behavior; no historical/model claim",
bounded-default	Verify export failures still reject under Python optimization	2026-09-19T22:34:55.3941058Z     "Default Docker/Anvil/API behavior is a separate integration gate",
bounded-default	Verify export failures still reject under Python optimization	2026-09-19T22:34:55.3941579Z     "Trusted cooperating clients on one private state root; operator moves, older clients and filesystem/VM metadata are outside bound"
bounded-default	Verify export failures still reject under Python optimization	2026-09-19T22:34:55.3942054Z   ]
bounded-default	Verify export failures still reject under Python optimization	2026-09-19T22:34:55.3942250Z }
bounded-default	Measure a clean public checkout with the bounded default	﻿2026-09-19T22:34:55.4104191Z ##[group]Run python entrotter/scripts/reproduce_clean.py --bounded
bounded-default	Measure a clean public checkout with the bounded default	2026-09-19T22:34:55.4104607Z [36;1mpython entrotter/scripts/reproduce_clean.py --bounded[0m
bounded-default	Measure a clean public checkout with the bounded default	2026-09-19T22:34:55.4123417Z shell: /usr/bin/bash -e {0}
bounded-default	Measure a clean public checkout with the bounded default	2026-09-19T22:34:55.4123728Z env:
bounded-default	Measure a clean public checkout with the bounded default	2026-09-19T22:34:55.4123975Z   PYTHONPATH: engine/src:sdk-python/src:cli/src
bounded-default	Measure a clean public checkout with the bounded default	2026-09-19T22:34:55.4124268Z   ENTROTTER_DOCKER_SOCKET: /var/run/docker.sock
bounded-default	Measure a clean public checkout with the bounded default	2026-09-19T22:34:55.4124657Z   pythonLocation: /opt/hostedtoolcache/Python/3.12.14/x64
bounded-default	Measure a clean public checkout with the bounded default	2026-09-19T22:34:55.4125083Z   PKG_CONFIG_PATH: /opt/hostedtoolcache/Python/3.12.14/x64/lib/pkgconfig
bounded-default	Measure a clean public checkout with the bounded default	2026-09-19T22:34:55.4125703Z   Python_ROOT_DIR: /opt/hostedtoolcache/Python/3.12.14/x64
bounded-default	Measure a clean public checkout with the bounded default	2026-09-19T22:34:55.4126044Z   Python2_ROOT_DIR: /opt/hostedtoolcache/Python/3.12.14/x64
bounded-default	Measure a clean public checkout with the bounded default	2026-09-19T22:34:55.4126377Z   Python3_ROOT_DIR: /opt/hostedtoolcache/Python/3.12.14/x64
bounded-default	Measure a clean public checkout with the bounded default	2026-09-19T22:34:55.4126727Z   LD_LIBRARY_PATH: /opt/hostedtoolcache/Python/3.12.14/x64/lib
bounded-default	Measure a clean public checkout with the bounded default	2026-09-19T22:34:55.4127127Z   ENTROTTER_WORKER_IMAGE: sha256:587b7c8019d87e8c06cbc8d994c4d2ca767039c2023fae7cc6b047188e1208f6
bounded-default	Measure a clean public checkout with the bounded default	2026-09-19T22:34:55.4127656Z   ENTROTTER_EXPORT_STATE_DIR: /home/runner/work/_temp/entrotter-export-state
bounded-default	Measure a clean public checkout with the bounded default	2026-09-19T22:34:55.4127971Z ##[endgroup]
bounded-default	Measure a clean public checkout with the bounded default	2026-09-19T22:35:02.1890489Z {
bounded-default	Measure a clean public checkout with the bounded default	2026-09-19T22:35:02.1891067Z   "status": "passed",
bounded-default	Measure a clean public checkout with the bounded default	2026-09-19T22:35:02.1891448Z   "wall_seconds_including_clone_and_venv": 6.748282830999997,
bounded-default	Measure a clean public checkout with the bounded default	2026-09-19T22:35:02.1892152Z   "mode": "bounded-offline",
bounded-default	Measure a clean public checkout with the bounded default	2026-09-19T22:35:02.1892425Z   "under_five_minutes": true,
bounded-default	Measure a clean public checkout with the bounded default	2026-09-19T22:35:02.1892648Z   "dependency_pins": {
bounded-default	Measure a clean public checkout with the bounded default	2026-09-19T22:35:02.1892937Z     "engine": "0d3857839b2187541e573bec2e58042ad5bf0b45",
bounded-default	Measure a clean public checkout with the bounded default	2026-09-19T22:35:02.1893277Z     "sdk-python": "b0c2ba3bba411e548af44101ae06e879bd7b5dc0",
bounded-default	Measure a clean public checkout with the bounded default	2026-09-19T22:35:02.1893599Z     "cli": "a63a39000e03d151e80b5a9c47dd4df449281b93",
bounded-default	Measure a clean public checkout with the bounded default	2026-09-19T22:35:02.1893941Z     "scenarios": "5b718984ac67b8fb49e02f4dab676ae212d2aa58",
bounded-default	Measure a clean public checkout with the bounded default	2026-09-19T22:35:02.1894298Z     "entrotter.github.io": "ab121348b0ffbec5650f9eadf0a0b11f639d9780"
bounded-default	Measure a clean public checkout with the bounded default	2026-09-19T22:35:02.1894658Z   },
bounded-default	Measure a clean public checkout with the bounded default	2026-09-19T22:35:02.1894992Z   "environment": "fresh venv without pip; no system site packages or third-party runtime dependencies",
bounded-default	Measure a clean public checkout with the bounded default	2026-09-19T22:35:02.1895625Z   "artifact_id": "e6a12db320dd37e8d37341fe202836d9442a7e428f89381223c9ab29faa479a6",
bounded-default	Measure a clean public checkout with the bounded default	2026-09-19T22:35:02.1896021Z   "matches_public_sample": true,
bounded-default	Measure a clean public checkout with the bounded default	2026-09-19T22:35:02.1896343Z   "scope": "five code/data/site repos; coordination checkout already present",
bounded-default	Measure a clean public checkout with the bounded default	2026-09-19T22:35:02.1896675Z   "bounded_worker": {
bounded-default	Measure a clean public checkout with the bounded default	2026-09-19T22:35:02.1896992Z     "image_id": "sha256:587b7c8019d87e8c06cbc8d994c4d2ca767039c2023fae7cc6b047188e1208f6",
bounded-default	Measure a clean public checkout with the bounded default	2026-09-19T22:35:02.1897427Z     "source_digest": "38c3fa5949250c90214d3daf82c386bd7c73082bbeacaf4478e0d9f0a6592d93",
bounded-default	Measure a clean public checkout with the bounded default	2026-09-19T22:35:02.1897835Z     "source_files": {
bounded-default	Measure a clean public checkout with the bounded default	2026-09-19T22:35:02.1898134Z       "__init__.py": "11f3961a518c3a40429472d8582270a306114419f588008729d8759d8da83db6",
bounded-default	Measure a clean public checkout with the bounded default	2026-09-19T22:35:02.1898555Z       "__main__.py": "1310849fd72ef7f9072a31db68da443b5901c007fdfb9161440753f27ab0ef97",
bounded-default	Measure a clean public checkout with the bounded default	2026-09-19T22:35:02.1898989Z       "_guardian.py": "3758412adb3e8761a3c82eac89cbf5a72bac7d0dad5c492a6825b4bb2a5f9ddf",
bounded-default	Measure a clean public checkout with the bounded default	2026-09-19T22:35:02.1899484Z       "_isolated_worker.py": "eb8062f0b477793f8d489f376d04b8cf445a3b00decb3c58ae13bbf983698e7a",
bounded-default	Measure a clean public checkout with the bounded default	2026-09-19T22:35:02.1899973Z       "api.py": "cab74cd6a4e62230e5d6ce5c386a341e290fb1658ba8fc75892d02f859ebae3c",
bounded-default	Measure a clean public checkout with the bounded default	2026-09-19T22:35:02.1900406Z       "artifact.py": "a76cfe6d83e28f2f15ef7fb4f9b06dc5c5d51db0c89c7fa9c9e627161527787c",
bounded-default	Measure a clean public checkout with the bounded default	2026-09-19T22:35:02.1900878Z       "defi.py": "f4f5e6e50ad3745426c7d0fbc08b5fa42c79fd4daa225667821814f95acb7fde",
bounded-default	Measure a clean public checkout with the bounded default	2026-09-19T22:35:02.1901299Z       "evm.py": "7f8fdde9bc96f0bdcdbba7f04b4ff5175808943c547e47d97662abee2392b443",
bounded-default	Measure a clean public checkout with the bounded default	2026-09-19T22:35:02.1901735Z       "export_budget.py": "2bebd29413cb86bf25acdc108d87b3f13a3ecd6ed447cd04a86a4e6a9e28614f",
bounded-default	Measure a clean public checkout with the bounded default	2026-09-19T22:35:02.1902230Z       "fixture.py": "1f771e23c8b8311bf1f5e9cc56bf30f7b369f8f617513d99024876688e809647",
bounded-default	Measure a clean public checkout with the bounded default	2026-09-19T22:35:02.1902653Z       "isolated.py": "5a1079194380ea0e84433a506be88636aa464aa7a3d1131bdf954520e5065800",
bounded-default	Measure a clean public checkout with the bounded default	2026-09-19T22:35:02.1903193Z       "models.py": "1383a7d508e22210217af4515c664c82a861f8a23dcef9dd9ec8f831966ae9b7",
bounded-default	Measure a clean public checkout with the bounded default	2026-09-19T22:35:02.1903649Z       "rpc.py": "f19af9a2af2f924c65595f609e7d320d75109e0b5f09c5ae032c0bbff43b7d46",
bounded-default	Measure a clean public checkout with the bounded default	2026-09-19T22:35:02.1904049Z       "runner.py": "a890c229194685551fe52904954527147002f9b1a3715588e0e646570feadce8",
bounded-default	Measure a clean public checkout with the bounded default	2026-09-19T22:35:02.1904509Z       "store.py": "25a6b9fe252cd0c8eef00ce5c3eb869d3a54044b00e9a67653a5c00b41749b3b",
bounded-default	Measure a clean public checkout with the bounded default	2026-09-19T22:35:02.1904940Z       "Dockerfile": "b2e8192261465bd1ba454345ed1c43917cbb05fffc9ad4f5cc526eb5eea912cc"
bounded-default	Measure a clean public checkout with the bounded default	2026-09-19T22:35:02.1905363Z     },
bounded-default	Measure a clean public checkout with the bounded default	2026-09-19T22:35:02.1905617Z     "foundry_version": "1.8.3",
bounded-default	Measure a clean public checkout with the bounded default	2026-09-19T22:35:02.1905971Z     "foundry_archive_sha256": "7ca48e6ca3cac1bce1403ca67e5bc1dc3bc1fd818199c9957c7165079c228568",
bounded-default	Measure a clean public checkout with the bounded default	2026-09-19T22:35:02.1906496Z     "anvil_binary_sha256": "674a06c97a01350cd00241762bbfb01ebcafce9b6e8cbd6c8758ecea6ef4b968",
bounded-default	Measure a clean public checkout with the bounded default	2026-09-19T22:35:02.1906886Z     "architecture": "amd64",
bounded-default	Measure a clean public checkout with the bounded default	2026-09-19T22:35:02.1907120Z     "published": false,
bounded-default	Measure a clean public checkout with the bounded default	2026-09-19T22:35:02.1907522Z     "base_image": "cgr.dev/chainguard/python@sha256:011e73b4e30e0fe9407a42b82a920b4fa13ebc0bf029a48b714f950df254ca20"
bounded-default	Measure a clean public checkout with the bounded default	2026-09-19T22:35:02.1907929Z   },
bounded-default	Measure a clean public checkout with the bounded default	2026-09-19T22:35:02.1908512Z   "prerequisites": "Running configured local Docker/cgroup-v2 daemon; image/base/build caches may be warm. Docker installation/VM startup excluded; source clone, venv, image build and execution included.",
bounded-default	Measure a clean public checkout with the bounded default	2026-09-19T22:35:02.1910904Z   "predownloaded_foundry_archive": false
bounded-default	Measure a clean public checkout with the bounded default	2026-09-19T22:35:02.1911171Z }
bounded-default	Verify no owned worker remains	﻿2026-09-19T22:35:02.2080383Z ##[group]Run workers=$(docker ps --all --filter label=org.entrotter.worker=true --format '{{.ID}}')
bounded-default	Verify no owned worker remains	2026-09-19T22:35:02.2080852Z [36;1mworkers=$(docker ps --all --filter label=org.entrotter.worker=true --format '{{.ID}}')[0m
bounded-default	Verify no owned worker remains	2026-09-19T22:35:02.2081148Z [36;1mtest -z "$workers"[0m
bounded-default	Verify no owned worker remains	2026-09-19T22:35:02.2101060Z shell: /usr/bin/bash -e {0}
bounded-default	Verify no owned worker remains	2026-09-19T22:35:02.2101236Z env:
bounded-default	Verify no owned worker remains	2026-09-19T22:35:02.2101412Z   PYTHONPATH: engine/src:sdk-python/src:cli/src
bounded-default	Verify no owned worker remains	2026-09-19T22:35:02.2101648Z   ENTROTTER_DOCKER_SOCKET: /var/run/docker.sock
bounded-default	Verify no owned worker remains	2026-09-19T22:35:02.2101898Z   pythonLocation: /opt/hostedtoolcache/Python/3.12.14/x64
bounded-default	Verify no owned worker remains	2026-09-19T22:35:02.2102189Z   PKG_CONFIG_PATH: /opt/hostedtoolcache/Python/3.12.14/x64/lib/pkgconfig
bounded-default	Verify no owned worker remains	2026-09-19T22:35:02.2102464Z   Python_ROOT_DIR: /opt/hostedtoolcache/Python/3.12.14/x64
bounded-default	Verify no owned worker remains	2026-09-19T22:35:02.2102718Z   Python2_ROOT_DIR: /opt/hostedtoolcache/Python/3.12.14/x64
bounded-default	Verify no owned worker remains	2026-09-19T22:35:02.2102981Z   Python3_ROOT_DIR: /opt/hostedtoolcache/Python/3.12.14/x64
bounded-default	Verify no owned worker remains	2026-09-19T22:35:02.2103234Z   LD_LIBRARY_PATH: /opt/hostedtoolcache/Python/3.12.14/x64/lib
bounded-default	Verify no owned worker remains	2026-09-19T22:35:02.2103618Z   ENTROTTER_WORKER_IMAGE: sha256:587b7c8019d87e8c06cbc8d994c4d2ca767039c2023fae7cc6b047188e1208f6
bounded-default	Verify no owned worker remains	2026-09-19T22:35:02.2104005Z   ENTROTTER_EXPORT_STATE_DIR: /home/runner/work/_temp/entrotter-export-state
bounded-default	Verify no owned worker remains	2026-09-19T22:35:02.2104259Z ##[endgroup]
bounded-default	Run actions/upload-artifact@ea165f8d65b6e75b540449e92b4886f43607fa02	﻿2026-09-19T22:35:02.2274627Z Node 20 is being deprecated. This workflow is running with Node 24 by default. If you need to temporarily use Node 20, you can set the ACTIONS_ALLOW_USE_UNSECURE_NODE_VERSION=true environment variable. For more information see: https://github.blog/changelog/2025-09-19-deprecation-of-node-20-on-github-actions-runners/
bounded-default	Run actions/upload-artifact@ea165f8d65b6e75b540449e92b4886f43607fa02	2026-09-19T22:35:02.2275890Z ##[group]Run actions/upload-artifact@ea165f8d65b6e75b540449e92b4886f43607fa02
bounded-default	Run actions/upload-artifact@ea165f8d65b6e75b540449e92b4886f43607fa02	2026-09-19T22:35:02.2276173Z with:
bounded-default	Run actions/upload-artifact@ea165f8d65b6e75b540449e92b4886f43607fa02	2026-09-19T22:35:02.2276354Z   name: coordination-integration-evidence
bounded-default	Run actions/upload-artifact@ea165f8d65b6e75b540449e92b4886f43607fa02	2026-09-19T22:35:02.2276772Z   path: entrotter/evidence/coordination-quality/integration-ci/
bounded-default	Run actions/upload-artifact@ea165f8d65b6e75b540449e92b4886f43607fa02	entrotter/evidence/clean-bounded-reproduction.json
bounded-default	Run actions/upload-artifact@ea165f8d65b6e75b540449e92b4886f43607fa02
bounded-default	Run actions/upload-artifact@ea165f8d65b6e75b540449e92b4886f43607fa02	2026-09-19T22:35:02.2277172Z   if-no-files-found: error
bounded-default	Run actions/upload-artifact@ea165f8d65b6e75b540449e92b4886f43607fa02	2026-09-19T22:35:02.2277349Z   compression-level: 6
bounded-default	Run actions/upload-artifact@ea165f8d65b6e75b540449e92b4886f43607fa02	2026-09-19T22:35:02.2277512Z   overwrite: false
bounded-default	Run actions/upload-artifact@ea165f8d65b6e75b540449e92b4886f43607fa02	2026-09-19T22:35:02.2277680Z   include-hidden-files: false
bounded-default	Run actions/upload-artifact@ea165f8d65b6e75b540449e92b4886f43607fa02	2026-09-19T22:35:02.2277852Z env:
bounded-default	Run actions/upload-artifact@ea165f8d65b6e75b540449e92b4886f43607fa02	2026-09-19T22:35:02.2278021Z   PYTHONPATH: engine/src:sdk-python/src:cli/src
bounded-default	Run actions/upload-artifact@ea165f8d65b6e75b540449e92b4886f43607fa02	2026-09-19T22:35:02.2278300Z   ENTROTTER_DOCKER_SOCKET: /var/run/docker.sock
bounded-default	Run actions/upload-artifact@ea165f8d65b6e75b540449e92b4886f43607fa02	2026-09-19T22:35:02.2278557Z   pythonLocation: /opt/hostedtoolcache/Python/3.12.14/x64
bounded-default	Run actions/upload-artifact@ea165f8d65b6e75b540449e92b4886f43607fa02	2026-09-19T22:35:02.2278864Z   PKG_CONFIG_PATH: /opt/hostedtoolcache/Python/3.12.14/x64/lib/pkgconfig
bounded-default	Run actions/upload-artifact@ea165f8d65b6e75b540449e92b4886f43607fa02	2026-09-19T22:35:02.2279182Z   Python_ROOT_DIR: /opt/hostedtoolcache/Python/3.12.14/x64
bounded-default	Run actions/upload-artifact@ea165f8d65b6e75b540449e92b4886f43607fa02	2026-09-19T22:35:02.2279466Z   Python2_ROOT_DIR: /opt/hostedtoolcache/Python/3.12.14/x64
bounded-default	Run actions/upload-artifact@ea165f8d65b6e75b540449e92b4886f43607fa02	2026-09-19T22:35:02.2279747Z   Python3_ROOT_DIR: /opt/hostedtoolcache/Python/3.12.14/x64
bounded-default	Run actions/upload-artifact@ea165f8d65b6e75b540449e92b4886f43607fa02	2026-09-19T22:35:02.2280038Z   LD_LIBRARY_PATH: /opt/hostedtoolcache/Python/3.12.14/x64/lib
bounded-default	Run actions/upload-artifact@ea165f8d65b6e75b540449e92b4886f43607fa02	2026-09-19T22:35:02.2280409Z   ENTROTTER_WORKER_IMAGE: sha256:587b7c8019d87e8c06cbc8d994c4d2ca767039c2023fae7cc6b047188e1208f6
bounded-default	Run actions/upload-artifact@ea165f8d65b6e75b540449e92b4886f43607fa02	2026-09-19T22:35:02.2280819Z   ENTROTTER_EXPORT_STATE_DIR: /home/runner/work/_temp/entrotter-export-state
bounded-default	Run actions/upload-artifact@ea165f8d65b6e75b540449e92b4886f43607fa02	2026-09-19T22:35:02.2281099Z ##[endgroup]
bounded-default	Run actions/upload-artifact@ea165f8d65b6e75b540449e92b4886f43607fa02	2026-09-19T22:35:02.3428020Z (node:4025) [DEP0040] DeprecationWarning: The `punycode` module is deprecated. Please use a userland alternative instead.
bounded-default	Run actions/upload-artifact@ea165f8d65b6e75b540449e92b4886f43607fa02	2026-09-19T22:35:02.3428575Z (Use `node --trace-deprecation ...` to show where the warning was created)
bounded-default	Run actions/upload-artifact@ea165f8d65b6e75b540449e92b4886f43607fa02	2026-09-19T22:35:02.3492617Z Multiple search paths detected. Calculating the least common ancestor of all paths
bounded-default	Run actions/upload-artifact@ea165f8d65b6e75b540449e92b4886f43607fa02	2026-09-19T22:35:02.3493670Z The least common ancestor is /home/runner/work/entrotter/entrotter/entrotter/evidence. This will be the root directory of the artifact
bounded-default	Run actions/upload-artifact@ea165f8d65b6e75b540449e92b4886f43607fa02	2026-09-19T22:35:02.3494284Z With the provided path, there will be 5 files uploaded
bounded-default	Run actions/upload-artifact@ea165f8d65b6e75b540449e92b4886f43607fa02	2026-09-19T22:35:02.3495532Z Artifact name is valid!
bounded-default	Run actions/upload-artifact@ea165f8d65b6e75b540449e92b4886f43607fa02	2026-09-19T22:35:02.3495825Z Root directory input is valid!
bounded-default	Run actions/upload-artifact@ea165f8d65b6e75b540449e92b4886f43607fa02	2026-09-19T22:35:02.6281295Z Beginning upload of artifact content to blob storage
bounded-default	Run actions/upload-artifact@ea165f8d65b6e75b540449e92b4886f43607fa02	2026-09-19T22:35:02.6452260Z (node:4025) [DEP0169] DeprecationWarning: `url.parse()` behavior is not standardized and prone to errors that have security implications. Use the WHATWG URL API instead. CVEs are not issued for `url.parse()` vulnerabilities.
bounded-default	Run actions/upload-artifact@ea165f8d65b6e75b540449e92b4886f43607fa02	2026-09-19T22:35:02.7611074Z Uploaded bytes 6530
bounded-default	Run actions/upload-artifact@ea165f8d65b6e75b540449e92b4886f43607fa02	2026-09-19T22:35:02.7950912Z Finished uploading artifact content to blob storage!
bounded-default	Run actions/upload-artifact@ea165f8d65b6e75b540449e92b4886f43607fa02	2026-09-19T22:35:02.7951992Z SHA256 digest of uploaded artifact zip is 91b95164aadd2d98ffa8995a380b17134fe388015f346d5c3d29e5fccec38b59
bounded-default	Run actions/upload-artifact@ea165f8d65b6e75b540449e92b4886f43607fa02	2026-09-19T22:35:02.7952945Z Finalizing artifact upload
bounded-default	Run actions/upload-artifact@ea165f8d65b6e75b540449e92b4886f43607fa02	2026-09-19T22:35:02.9978945Z Artifact coordination-integration-evidence.zip successfully finalized. Artifact ID 10594176618
bounded-default	Run actions/upload-artifact@ea165f8d65b6e75b540449e92b4886f43607fa02	2026-09-19T22:35:02.9979947Z Artifact coordination-integration-evidence has been successfully uploaded! Final size is 6530 bytes. Artifact ID is 10594176618
bounded-default	Run actions/upload-artifact@ea165f8d65b6e75b540449e92b4886f43607fa02	2026-09-19T22:35:02.9984350Z Artifact download URL: https://github.com/entrotter/entrotter/actions/runs/35473712013/artifacts/10594176618
bounded-default	Post Run actions/setup-python@a26af69be951a213d495a4c3e4e4022e16d87065	﻿2026-09-19T22:35:03.0102784Z Node 20 is being deprecated. This workflow is running with Node 24 by default. If you need to temporarily use Node 20, you can set the ACTIONS_ALLOW_USE_UNSECURE_NODE_VERSION=true environment variable. For more information see: https://github.blog/changelog/2025-09-19-deprecation-of-node-20-on-github-actions-runners/
bounded-default	Post Run actions/setup-python@a26af69be951a213d495a4c3e4e4022e16d87065	2026-09-19T22:35:03.0103651Z Post job cleanup.
bounded-default	Post Run actions/setup-python@a26af69be951a213d495a4c3e4e4022e16d87065	2026-09-19T22:35:03.0940640Z (node:4037) [DEP0040] DeprecationWarning: The `punycode` module is deprecated. Please use a userland alternative instead.
bounded-default	Post Run actions/setup-python@a26af69be951a213d495a4c3e4e4022e16d87065	2026-09-19T22:35:03.0941158Z (Use `node --trace-deprecation ...` to show where the warning was created)
bounded-default	Post Run actions/checkout@11d5960a326750d5838078e36cf38b85af677262	﻿2026-09-19T22:35:03.1024884Z Node 20 is being deprecated. This workflow is running with Node 24 by default. If you need to temporarily use Node 20, you can set the ACTIONS_ALLOW_USE_UNSECURE_NODE_VERSION=true environment variable. For more information see: https://github.blog/changelog/2025-09-19-deprecation-of-node-20-on-github-actions-runners/
bounded-default	Post Run actions/checkout@11d5960a326750d5838078e36cf38b85af677262	2026-09-19T22:35:03.1025973Z Post job cleanup.
bounded-default	Post Run actions/checkout@11d5960a326750d5838078e36cf38b85af677262	2026-09-19T22:35:03.1666112Z [command]/usr/bin/git version
bounded-default	Post Run actions/checkout@11d5960a326750d5838078e36cf38b85af677262	2026-09-19T22:35:03.1683718Z git version 2.55.0
bounded-default	Post Run actions/checkout@11d5960a326750d5838078e36cf38b85af677262	2026-09-19T22:35:03.1707482Z Temporarily overriding HOME='/home/runner/work/_temp/2bfde0c1-94ac-458e-b366-7a087eda73dd' before making global git config changes
bounded-default	Post Run actions/checkout@11d5960a326750d5838078e36cf38b85af677262	2026-09-19T22:35:03.1708308Z Adding repository directory to the temporary git global config as a safe directory
bounded-default	Post Run actions/checkout@11d5960a326750d5838078e36cf38b85af677262	2026-09-19T22:35:03.1711133Z [command]/usr/bin/git config --global --add safe.directory /home/runner/work/entrotter/entrotter/cli
bounded-default	Post Run actions/checkout@11d5960a326750d5838078e36cf38b85af677262	2026-09-19T22:35:03.1738876Z [command]/usr/bin/git config --local --name-only --get-regexp core\.sshCommand
bounded-default	Post Run actions/checkout@11d5960a326750d5838078e36cf38b85af677262	2026-09-19T22:35:03.1765621Z [command]/usr/bin/git submodule foreach --recursive sh -c "git config --local --name-only --get-regexp 'core\.sshCommand' && git config --local --unset-all 'core.sshCommand' || :"
bounded-default	Post Run actions/checkout@11d5960a326750d5838078e36cf38b85af677262	2026-09-19T22:35:03.1920747Z [command]/usr/bin/git config --local --name-only --get-regexp http\.https\:\/\/github\.com\/\.extraheader
bounded-default	Post Run actions/checkout@11d5960a326750d5838078e36cf38b85af677262	2026-09-19T22:35:03.2314963Z http.https://github.com/.extraheader
bounded-default	Post Run actions/checkout@11d5960a326750d5838078e36cf38b85af677262	2026-09-19T22:35:03.2340869Z [command]/usr/bin/git config --local --unset-all http.https://github.com/.extraheader
bounded-default	Post Run actions/checkout@11d5960a326750d5838078e36cf38b85af677262	2026-09-19T22:35:03.2363233Z [command]/usr/bin/git submodule foreach --recursive sh -c "git config --local --name-only --get-regexp 'http\.https\:\/\/github\.com\/\.extraheader' && git config --local --unset-all 'http.https://github.com/.extraheader' || :"
bounded-default	Post Run actions/checkout@11d5960a326750d5838078e36cf38b85af677262	2026-09-19T22:35:03.2522646Z [command]/usr/bin/git config --local --name-only --get-regexp ^includeIf\.gitdir:
bounded-default	Post Run actions/checkout@11d5960a326750d5838078e36cf38b85af677262	2026-09-19T22:35:03.2548537Z [command]/usr/bin/git submodule foreach --recursive git config --local --show-origin --name-only --get-regexp remote.origin.url
bounded-default	Post Run actions/checkout@11d5960a326750d5838078e36cf38b85af677262	﻿2026-09-19T22:35:03.2801683Z Node 20 is being deprecated. This workflow is running with Node 24 by default. If you need to temporarily use Node 20, you can set the ACTIONS_ALLOW_USE_UNSECURE_NODE_VERSION=true environment variable. For more information see: https://github.blog/changelog/2025-09-19-deprecation-of-node-20-on-github-actions-runners/
bounded-default	Post Run actions/checkout@11d5960a326750d5838078e36cf38b85af677262	2026-09-19T22:35:03.2802751Z Post job cleanup.
bounded-default	Post Run actions/checkout@11d5960a326750d5838078e36cf38b85af677262	2026-09-19T22:35:03.3415135Z [command]/usr/bin/git version
bounded-default	Post Run actions/checkout@11d5960a326750d5838078e36cf38b85af677262	2026-09-19T22:35:03.3448750Z git version 2.55.0
bounded-default	Post Run actions/checkout@11d5960a326750d5838078e36cf38b85af677262	2026-09-19T22:35:03.3478265Z Temporarily overriding HOME='/home/runner/work/_temp/6d204e3e-ef91-4b55-8ab5-a7dfb7c82369' before making global git config changes
bounded-default	Post Run actions/checkout@11d5960a326750d5838078e36cf38b85af677262	2026-09-19T22:35:03.3478827Z Adding repository directory to the temporary git global config as a safe directory
bounded-default	Post Run actions/checkout@11d5960a326750d5838078e36cf38b85af677262	2026-09-19T22:35:03.3483033Z [command]/usr/bin/git config --global --add safe.directory /home/runner/work/entrotter/entrotter/sdk-python
bounded-default	Post Run actions/checkout@11d5960a326750d5838078e36cf38b85af677262	2026-09-19T22:35:03.3512845Z [command]/usr/bin/git config --local --name-only --get-regexp core\.sshCommand
bounded-default	Post Run actions/checkout@11d5960a326750d5838078e36cf38b85af677262	2026-09-19T22:35:03.3537978Z [command]/usr/bin/git submodule foreach --recursive sh -c "git config --local --name-only --get-regexp 'core\.sshCommand' && git config --local --unset-all 'core.sshCommand' || :"
bounded-default	Post Run actions/checkout@11d5960a326750d5838078e36cf38b85af677262	2026-09-19T22:35:03.3706267Z [command]/usr/bin/git config --local --name-only --get-regexp http\.https\:\/\/github\.com\/\.extraheader
bounded-default	Post Run actions/checkout@11d5960a326750d5838078e36cf38b85af677262	2026-09-19T22:35:03.3722777Z http.https://github.com/.extraheader
bounded-default	Post Run actions/checkout@11d5960a326750d5838078e36cf38b85af677262	2026-09-19T22:35:03.3729579Z [command]/usr/bin/git config --local --unset-all http.https://github.com/.extraheader
bounded-default	Post Run actions/checkout@11d5960a326750d5838078e36cf38b85af677262	2026-09-19T22:35:03.3752602Z [command]/usr/bin/git submodule foreach --recursive sh -c "git config --local --name-only --get-regexp 'http\.https\:\/\/github\.com\/\.extraheader' && git config --local --unset-all 'http.https://github.com/.extraheader' || :"
bounded-default	Post Run actions/checkout@11d5960a326750d5838078e36cf38b85af677262	2026-09-19T22:35:03.3923059Z [command]/usr/bin/git config --local --name-only --get-regexp ^includeIf\.gitdir:
bounded-default	Post Run actions/checkout@11d5960a326750d5838078e36cf38b85af677262	2026-09-19T22:35:03.3944583Z [command]/usr/bin/git submodule foreach --recursive git config --local --show-origin --name-only --get-regexp remote.origin.url
bounded-default	Post Run actions/checkout@11d5960a326750d5838078e36cf38b85af677262	﻿2026-09-19T22:35:03.4189876Z Node 20 is being deprecated. This workflow is running with Node 24 by default. If you need to temporarily use Node 20, you can set the ACTIONS_ALLOW_USE_UNSECURE_NODE_VERSION=true environment variable. For more information see: https://github.blog/changelog/2025-09-19-deprecation-of-node-20-on-github-actions-runners/
bounded-default	Post Run actions/checkout@11d5960a326750d5838078e36cf38b85af677262	2026-09-19T22:35:03.4190842Z Post job cleanup.
bounded-default	Post Run actions/checkout@11d5960a326750d5838078e36cf38b85af677262	2026-09-19T22:35:03.4811911Z [command]/usr/bin/git version
bounded-default	Post Run actions/checkout@11d5960a326750d5838078e36cf38b85af677262	2026-09-19T22:35:03.4845637Z git version 2.55.0
bounded-default	Post Run actions/checkout@11d5960a326750d5838078e36cf38b85af677262	2026-09-19T22:35:03.4877004Z Temporarily overriding HOME='/home/runner/work/_temp/c9d12e1f-2e9c-4cb8-81b5-eacf4bfbf5b8' before making global git config changes
bounded-default	Post Run actions/checkout@11d5960a326750d5838078e36cf38b85af677262	2026-09-19T22:35:03.4877626Z Adding repository directory to the temporary git global config as a safe directory
bounded-default	Post Run actions/checkout@11d5960a326750d5838078e36cf38b85af677262	2026-09-19T22:35:03.4881934Z [command]/usr/bin/git config --global --add safe.directory /home/runner/work/entrotter/entrotter/engine
bounded-default	Post Run actions/checkout@11d5960a326750d5838078e36cf38b85af677262	2026-09-19T22:35:03.4912009Z [command]/usr/bin/git config --local --name-only --get-regexp core\.sshCommand
bounded-default	Post Run actions/checkout@11d5960a326750d5838078e36cf38b85af677262	2026-09-19T22:35:03.4937702Z [command]/usr/bin/git submodule foreach --recursive sh -c "git config --local --name-only --get-regexp 'core\.sshCommand' && git config --local --unset-all 'core.sshCommand' || :"
bounded-default	Post Run actions/checkout@11d5960a326750d5838078e36cf38b85af677262	2026-09-19T22:35:03.5104752Z [command]/usr/bin/git config --local --name-only --get-regexp http\.https\:\/\/github\.com\/\.extraheader
bounded-default	Post Run actions/checkout@11d5960a326750d5838078e36cf38b85af677262	2026-09-19T22:35:03.5122582Z http.https://github.com/.extraheader
bounded-default	Post Run actions/checkout@11d5960a326750d5838078e36cf38b85af677262	2026-09-19T22:35:03.5130922Z [command]/usr/bin/git config --local --unset-all http.https://github.com/.extraheader
bounded-default	Post Run actions/checkout@11d5960a326750d5838078e36cf38b85af677262	2026-09-19T22:35:03.5156715Z [command]/usr/bin/git submodule foreach --recursive sh -c "git config --local --name-only --get-regexp 'http\.https\:\/\/github\.com\/\.extraheader' && git config --local --unset-all 'http.https://github.com/.extraheader' || :"
bounded-default	Post Run actions/checkout@11d5960a326750d5838078e36cf38b85af677262	2026-09-19T22:35:03.5328427Z [command]/usr/bin/git config --local --name-only --get-regexp ^includeIf\.gitdir:
bounded-default	Post Run actions/checkout@11d5960a326750d5838078e36cf38b85af677262	2026-09-19T22:35:03.5357760Z [command]/usr/bin/git submodule foreach --recursive git config --local --show-origin --name-only --get-regexp remote.origin.url
bounded-default	Post Run actions/checkout@11d5960a326750d5838078e36cf38b85af677262	﻿2026-09-19T22:35:03.5617264Z Node 20 is being deprecated. This workflow is running with Node 24 by default. If you need to temporarily use Node 20, you can set the ACTIONS_ALLOW_USE_UNSECURE_NODE_VERSION=true environment variable. For more information see: https://github.blog/changelog/2025-09-19-deprecation-of-node-20-on-github-actions-runners/
bounded-default	Post Run actions/checkout@11d5960a326750d5838078e36cf38b85af677262	2026-09-19T22:35:03.5618276Z Post job cleanup.
bounded-default	Post Run actions/checkout@11d5960a326750d5838078e36cf38b85af677262	2026-09-19T22:35:03.6206989Z [command]/usr/bin/git version
bounded-default	Post Run actions/checkout@11d5960a326750d5838078e36cf38b85af677262	2026-09-19T22:35:03.6233702Z git version 2.55.0
bounded-default	Post Run actions/checkout@11d5960a326750d5838078e36cf38b85af677262	2026-09-19T22:35:03.6257072Z Temporarily overriding HOME='/home/runner/work/_temp/f246e919-eef8-4951-88c6-c9e9db80e427' before making global git config changes
bounded-default	Post Run actions/checkout@11d5960a326750d5838078e36cf38b85af677262	2026-09-19T22:35:03.6257901Z Adding repository directory to the temporary git global config as a safe directory
bounded-default	Post Run actions/checkout@11d5960a326750d5838078e36cf38b85af677262	2026-09-19T22:35:03.6261466Z [command]/usr/bin/git config --global --add safe.directory /home/runner/work/entrotter/entrotter/entrotter
bounded-default	Post Run actions/checkout@11d5960a326750d5838078e36cf38b85af677262	2026-09-19T22:35:03.6295710Z [command]/usr/bin/git config --local --name-only --get-regexp core\.sshCommand
bounded-default	Post Run actions/checkout@11d5960a326750d5838078e36cf38b85af677262	2026-09-19T22:35:03.6320561Z [command]/usr/bin/git submodule foreach --recursive sh -c "git config --local --name-only --get-regexp 'core\.sshCommand' && git config --local --unset-all 'core.sshCommand' || :"
bounded-default	Post Run actions/checkout@11d5960a326750d5838078e36cf38b85af677262	2026-09-19T22:35:03.6486662Z [command]/usr/bin/git config --local --name-only --get-regexp http\.https\:\/\/github\.com\/\.extraheader
bounded-default	Post Run actions/checkout@11d5960a326750d5838078e36cf38b85af677262	2026-09-19T22:35:03.6502337Z http.https://github.com/.extraheader
bounded-default	Post Run actions/checkout@11d5960a326750d5838078e36cf38b85af677262	2026-09-19T22:35:03.6509570Z [command]/usr/bin/git config --local --unset-all http.https://github.com/.extraheader
bounded-default	Post Run actions/checkout@11d5960a326750d5838078e36cf38b85af677262	2026-09-19T22:35:03.6532008Z [command]/usr/bin/git submodule foreach --recursive sh -c "git config --local --name-only --get-regexp 'http\.https\:\/\/github\.com\/\.extraheader' && git config --local --unset-all 'http.https://github.com/.extraheader' || :"
bounded-default	Post Run actions/checkout@11d5960a326750d5838078e36cf38b85af677262	2026-09-19T22:35:03.6704581Z [command]/usr/bin/git config --local --name-only --get-regexp ^includeIf\.gitdir:
bounded-default	Post Run actions/checkout@11d5960a326750d5838078e36cf38b85af677262	2026-09-19T22:35:03.6727435Z [command]/usr/bin/git submodule foreach --recursive git config --local --show-origin --name-only --get-regexp remote.origin.url
bounded-default	Complete job	﻿2026-09-19T22:35:03.6996489Z Cleaning up orphan processes
bounded-default	Complete job	2026-09-19T22:35:03.7184260Z ##[warning]Node.js 20 is deprecated. The following actions target Node.js 20 but are being forced to run on Node.js 24: actions/checkout@11d5960a326750d5838078e36cf38b85af677262, actions/setup-python@a26af69be951a213d495a4c3e4e4022e16d87065, actions/upload-artifact@ea165f8d65b6e75b540449e92b4886f43607fa02. For more information see: https://github.blog/changelog/2025-09-19-deprecation-of-node-20-on-github-actions-runners/
